# Blender 4.1.1
# www.blender.org
mtllib lttp_logo.mtl
o model_0
v -35.813618 25.244255 -2.338822
v -37.580479 0.270945 -0.876390
v -32.608959 -16.378925 -2.248182
v -40.338585 -9.146791 -2.038034
v -44.237461 1.327419 -2.276156
v -44.212624 29.573004 -3.224428
v -41.399876 29.366627 -3.246879
v -32.024681 30.785740 -3.456161
v -23.369604 -16.431946 -1.841572
v -17.585192 3.279483 -1.195798
v -14.736699 29.721022 -3.447438
v -11.841502 29.982988 -3.514843
v -11.725554 2.057781 -2.547513
v -45.172241 30.699400 -3.519594
v -43.688606 -5.923869 -2.388880
v -10.085912 -8.353903 -2.088822
v -8.197997 -1.994973 -2.529204
v -10.342922 34.073097 -3.238369
v -12.556513 33.502304 -3.386878
v -11.005384 31.033329 -3.602271
v -23.170927 -18.242685 -1.938982
v -14.942071 -10.524806 -1.999211
v -13.561442 30.979345 -3.816841
v -20.264551 31.904232 -3.777480
v -26.216249 32.170925 -3.852802
v -32.237858 32.041367 -3.799541
v -42.298962 30.520460 -3.621989
v -28.633080 15.706110 -3.999599
v -22.099283 3.490605 -3.176140
v -13.058588 -14.075467 -3.367862
v -31.102652 -14.463617 -3.993471
v -33.378918 3.565486 -3.094033
v -42.956818 -14.074813 -3.601259
v -48.033226 -2.333485 -3.833220
v -17.031914 26.999044 -5.006507
v -32.704773 35.092346 -5.184968
v -26.931597 35.363213 -5.145531
v -43.647346 33.283611 -4.992086
v -48.497002 3.231488 -3.990865
v -46.125607 -8.681770 -3.670403
v -38.711361 -18.965754 -3.547090
v -33.560715 -22.935972 -3.442426
v -28.022608 -25.795675 -3.435956
v -22.481588 -22.975075 -3.145562
v -17.322205 -19.015284 -3.045466
v -9.893392 -8.634847 -3.606083
v -7.982293 -2.203773 -4.047574
v -7.521998 3.416574 -4.450244
v -10.143932 34.422329 -4.732266
v -12.384378 33.837425 -4.894964
v -20.888775 34.957745 -5.070210
v -47.583214 24.887127 -3.258694
v -47.915775 26.257139 -3.228017
v -46.728241 26.690083 -3.306612
v -46.150337 24.826231 -3.179375
v -47.465752 32.969776 -2.673480
v -47.936108 32.109104 -3.345073
v -46.255634 31.903442 -3.393889
v -47.893684 18.225168 -3.344381
v -47.510365 19.684834 -3.265819
v -46.240681 19.452837 -3.292006
v -46.272144 18.006481 -3.339525
v -47.782036 11.012439 -3.097039
v -47.687424 12.346249 -3.151059
v -45.991123 11.906326 -3.107572
v -46.333797 10.548467 -2.939458
v -47.526646 5.382683 -2.738873
v -46.046295 4.175364 -2.656871
v -46.930267 3.953549 -1.849101
v -46.753941 -3.358488 -2.373652
v -46.817837 -1.771877 -2.468399
v -45.517895 -1.598747 -2.371926
v -45.338779 -2.872385 -2.441425
v -44.057705 -9.947940 -2.244589
v -44.452393 -8.450449 -2.226748
v -43.002293 -8.019261 -2.111629
v -43.037903 -9.336837 -1.492204
v -40.737846 -15.101614 -2.205538
v -40.499977 -13.562138 -2.062127
v -39.103470 -13.656772 -2.090562
v -39.410507 -15.596204 -2.134931
v -35.099770 -20.522930 -2.144348
v -35.614147 -19.040195 -2.124950
v -34.403877 -18.526434 -2.198132
v -33.640793 -19.807640 -2.093642
v -40.647991 33.232784 -3.720174
v -40.899464 31.984480 -3.566500
v -39.223175 33.242073 -3.823613
v -39.408005 31.668331 -3.760267
v -33.370907 32.825016 -3.778318
v -33.068367 34.279789 -3.816372
v -31.732502 34.062752 -3.799032
v -8.176810 25.730255 -3.985653
v -8.641606 27.106243 -3.855873
v -9.688133 25.250437 -3.959314
v -9.886595 26.796185 -3.895365
v -8.514225 33.935242 -3.335057
v -8.340940 32.330318 -3.427974
v -9.762566 32.382339 -3.442523
v -8.245260 19.892593 -3.928793
v -8.149711 18.535866 -3.955732
v -9.324695 17.929062 -3.894465
v -10.336228 19.279373 -3.834896
v -8.283667 12.747276 -3.562962
v -8.189707 11.184172 -3.560450
v -9.797769 10.924420 -3.458486
v -8.415958 5.711976 -3.170687
v -9.004874 3.748954 -2.978419
v -9.661972 4.828767 -2.285813
v -9.181352 -1.318833 -2.526593
v -9.267596 -3.246798 -2.458166
v -10.640060 -3.163430 -2.425638
v -10.469358 -1.852722 -1.924624
v -11.626832 -8.011954 -1.981928
v -13.049400 -8.598231 -1.375914
v -11.429001 -9.244056 -2.076592
v -12.345904 -10.053393 -1.934482
v -15.266265 -14.242397 -1.716097
v -15.891637 -15.605373 -1.671374
v -17.033056 -15.116363 -1.610913
v -16.771795 -13.729884 -1.631259
v -20.928316 -18.568514 -1.659694
v -20.523273 -20.308893 -1.635955
v -21.867268 -20.427141 -1.698948
v -22.261814 -19.091351 -1.679548
v -15.218896 33.250088 -3.584352
v -15.607893 31.996618 -3.623476
v -16.815836 32.046864 -3.703014
v -17.138590 33.364449 -3.607392
v -22.865831 34.553791 -3.627503
v -24.135784 33.842701 -3.002827
v -22.633467 33.114319 -3.692982
v -23.977274 32.689926 -3.810307
v -34.988800 25.986753 -1.098193
v -28.029469 22.125547 -0.952328
v -21.201834 26.065351 -1.222346
v -41.557678 19.912420 -0.720593
v -44.217777 21.226706 -1.635493
v -11.859792 21.479641 -2.281368
v -14.526447 20.124588 -1.224825
v -18.621382 24.866850 -1.286640
v -20.258770 25.016850 -1.486552
v -23.553938 21.277119 -1.456198
v -42.084358 28.512016 -1.577263
v -44.412647 32.366077 -2.237097
v -39.126080 26.898901 -1.191509
v -28.031349 22.660267 -2.400360
v -32.564381 25.076807 -1.459910
v -12.690233 16.101015 -1.272836
v -23.501228 25.155012 -1.525373
v -16.933596 27.087317 -1.478130
v -46.911533 14.874535 -2.064745
v -42.394573 14.824316 -1.167822
v -40.040894 11.014080 -0.620143
v -44.163101 17.755102 -1.623574
v -32.916885 20.269794 -1.248680
v -28.478008 18.270008 -0.650044
v -16.109306 11.217114 -0.848657
v -13.746893 15.020758 -1.478729
v -21.821926 24.115559 -1.932764
v -27.998182 -4.126662 -0.583292
v -28.010956 -4.471724 -3.031004
v -28.099569 1.470035 -1.300238
v -35.885593 -9.693683 -1.631501
v -29.810928 8.443649 -1.183991
v -26.008434 8.546742 -1.282278
v -23.035324 -1.162792 -0.949569
v -27.856552 6.630808 -1.324036
v -28.007395 -1.111887 -1.268804
v -28.051975 -14.555125 -2.132012
v -27.987650 -9.815745 -2.147643
v -30.137836 -36.415096 0.689145
v -26.246099 -36.337917 0.660779
v -25.677435 13.802225 0.762385
v -28.179834 13.796244 0.606422
v -30.250223 14.156165 0.425930
v -29.404604 -39.492531 -0.312780
v -30.679502 13.802225 -0.669414
v -30.138004 -36.413536 -0.596438
v -28.179924 -42.917400 0.046490
v -26.865290 -39.284756 -0.302234
v -28.206598 -38.295200 -0.480622
v -28.251789 13.802178 -0.553454
v -26.245918 -36.335335 -0.568105
v -27.545183 42.448517 1.551694
v -29.609015 42.474415 1.010819
v -28.178408 41.080292 -2.202460
v -29.609871 42.472847 -0.931263
v -29.905331 42.484779 0.040266
v -26.493860 42.576645 0.036592
v -26.810579 42.380703 -0.876070
v -26.792568 42.446964 0.972444
v -28.809189 42.473885 1.534218
v -28.809189 42.036907 1.033366
v -27.544834 42.036907 1.033366
v -28.809189 42.036907 -1.684082
v -28.809189 42.500927 -0.954862
v -27.544834 42.500927 -0.954862
v -27.544834 42.036907 -1.683702
v -28.934460 16.268295 0.616617
v -29.461760 15.405432 -0.523646
v -26.895178 15.405432 -0.523646
v -37.799473 14.502686 1.324922
v 32.112904 23.546593 0.697302
v 24.480164 -5.498819 0.110427
v 32.628551 -4.466510 0.697304
v 36.593498 -4.693305 0.697304
v 46.644245 -5.587451 0.110427
v 25.826090 -4.495185 -1.260096
v 45.569252 -4.698519 -1.260096
v -38.124439 29.073900 -0.445642
v -12.592333 28.965782 0.876545
v -25.411734 26.941456 -0.889771
v -26.379635 14.452060 3.006351
v -28.823935 5.481478 3.177234
v -25.484571 6.667010 3.106618
v -35.041908 -1.510989 2.827066
v -34.099316 -3.732969 2.469671
v -18.619009 -9.415931 0.426965
v -26.359776 -11.882976 -0.847145
v -15.810610 -11.834431 0.634583
v -27.037870 -9.434711 -0.690281
v -35.030922 -11.806843 0.282127
v -41.608723 17.723156 -0.493090
v -11.421503 -2.760624 0.702935
v -11.350093 21.740110 0.889542
v -7.319026 9.034327 0.713764
v -7.844060 -4.543537 0.698617
v -13.296979 -4.536891 0.701980
v -7.303504 -2.688645 0.699191
v 0.270973 -4.544715 0.699207
v -2.568692 5.821393 0.698728
v 3.053136 -2.235055 0.699207
v 7.227837 21.554966 0.699205
v 0.407896 23.530952 0.699205
v 12.488668 24.589760 0.110263
v 19.481009 21.721806 0.699205
v 21.959167 20.849960 0.702311
v 24.791695 14.816803 0.770772
v 25.186064 8.898433 0.977454
v 24.810196 4.725584 1.029769
v 24.247410 2.168275 0.997063
v 23.443562 3.159012 0.375643
v 23.191235 -0.145084 0.902598
v 19.478977 -2.695797 0.726575
v 24.057152 8.164681 0.346593
v -21.393728 16.383921 3.154885
v -22.466276 14.211474 3.212120
v -36.756088 -8.896105 0.880460
v -32.081631 1.056651 3.145509
v -30.882832 4.069548 3.143248
v -38.122391 28.891289 -2.376195
v -27.895939 29.045858 -3.299629
v -19.202427 29.002619 -1.774647
v -18.865622 26.898813 -1.305075
v -26.019585 26.884275 -2.978530
v -15.890095 22.944923 -0.808091
v -16.749054 25.937197 -1.085411
v -22.051655 14.989508 1.212234
v -24.859316 12.505466 1.149520
v -28.432116 0.969685 1.036165
v -26.875511 9.058754 1.873261
v -33.879837 -9.415220 -1.264462
v -40.811329 -11.930918 -1.503617
v -34.732494 -0.918554 0.989573
v -33.428284 -3.363742 0.737285
v -29.283518 9.604353 1.064634
v -28.716177 5.714942 1.261706
v -24.678856 17.268951 0.852375
v -18.616245 -9.403613 -1.507345
v -26.138124 -11.874641 -2.618771
v -35.094601 -11.783589 -1.636406
v -11.359131 -2.699839 -1.235267
v -12.538671 21.288639 -0.520144
v -12.526143 -1.856964 -0.659526
v -11.366251 21.751680 -1.197827
v -13.165855 23.774343 -1.117866
v -7.253952 22.016031 -1.268857
v -7.319042 9.034334 -1.271014
v -8.846963 -4.544065 -1.261565
v -7.259801 10.893833 -1.274210
v 0.407896 13.278250 -1.262000
v 1.270221 12.256369 -0.673600
v -2.569306 13.843768 -1.263255
v 1.235262 8.643289 -0.673600
v 0.276799 7.730895 -1.262000
v 13.013572 7.470211 -1.262000
v 0.270003 -4.544715 -1.261999
v 3.053136 21.554964 -1.262001
v 13.734114 8.518158 -0.673601
v 12.194149 23.590969 -0.673824
v 21.958977 20.847658 -1.268363
v 23.018789 17.351654 -0.675074
v 24.084688 9.010495 -0.479204
v 24.431479 2.618859 -0.991168
v 21.794851 -0.429095 -0.543126
v 20.596439 -1.337706 -0.596026
v 22.062172 19.168943 -0.674348
v -17.478853 22.620155 -7.945939
v -12.516388 11.485625 -7.550702
v -44.457027 3.536809 -5.734048
v -38.924026 -6.213093 -2.315485
v -9.074765 13.408592 -4.408760
v -9.946415 12.867351 -8.228759
v -15.766524 24.070568 -4.825892
v -18.701525 21.516167 -9.271960
v -24.011353 4.722564 -7.303661
v -29.975115 11.782316 -7.602360
v -45.352470 3.047045 -6.397057
v -39.448414 -7.175017 -4.839211
v -40.033981 -7.083777 -2.237083
v -9.354439 13.181796 -7.133439
v -10.385733 12.722993 -4.398103
v -10.414865 12.647393 -6.440756
v -26.159798 3.242980 -7.265652
v -38.568611 -6.572837 -6.342942
v -38.472473 -6.382538 -4.471937
v -46.559681 3.064651 -2.600171
v -45.918766 2.861317 -5.180224
v -29.057018 12.446909 -6.763730
v -15.990845 23.838558 -7.557423
v -16.946394 23.132105 -4.916093
v -28.005129 -20.727978 -2.124426
v -32.879013 -18.238445 -2.422432
v -37.450138 -14.771566 -2.363647
v -41.082752 -10.537840 -2.348217
v -18.618605 -14.823485 -1.866763
v -12.267698 -5.837708 -2.392366
v -10.895554 -0.248643 -2.816349
v -10.554702 4.600080 -3.145945
v -27.854107 31.459364 -3.344877
v -45.282837 0.586451 -2.691679
v -24.161085 30.835316 -3.485059
v -15.708259 -9.127540 -1.768951
v -7.728686 3.549153 -3.077561
v -17.357164 -18.861481 -1.699301
v -7.930921 35.562279 -3.200129
v -36.330742 -21.174564 -3.491913
v -37.192787 -20.428761 -2.288149
v -44.818550 -11.524533 -3.611328
v -45.323406 -10.588641 -2.400441
v -48.311058 -1.001006 -2.622722
v -48.395996 35.379814 -4.964136
v -19.401712 -21.002592 -3.031219
v -19.059692 -20.650391 -1.799947
v -10.131576 -10.103024 -3.477238
v -8.524443 -5.204611 -2.598006
v -43.700371 33.299389 -3.692843
v -27.051167 35.347603 -3.845072
v -21.042871 34.954514 -3.717511
v -7.675744 35.966820 -4.617631
v -25.721468 35.391487 -5.140186
v -38.461529 34.333923 -5.187691
v -45.138992 33.454205 -4.908730
v -48.480652 3.273600 -2.692918
v -47.988792 -2.276787 -2.536372
v -46.073578 -8.631161 -2.397243
v -42.964920 -14.005128 -2.276907
v -38.724556 -18.878004 -2.255824
v -33.542915 -22.778545 -2.210175
v -27.973942 -25.601704 -2.232224
v -13.084897 -13.976872 -1.925940
v -22.499943 -22.837696 -1.884100
v -25.207390 35.299805 -3.740250
v -45.854706 33.709923 -3.501738
v -48.157471 35.138992 -3.477550
v -41.980019 28.337807 -3.653659
v -46.131432 21.140480 -2.080280
v -46.134346 21.127445 -3.395997
v -43.401707 16.117098 -1.058382
v -43.404621 16.135347 -3.356415
v -36.439716 23.651703 -1.160388
v -36.164768 23.728781 -3.978821
v -32.922710 20.269794 -4.082971
v -28.013868 17.050348 -1.018039
v -27.973083 17.034706 -3.854613
v -23.125418 20.321932 -4.270985
v -19.860340 23.849539 -4.282104
v -19.643555 23.807051 -1.458420
v -12.707601 16.289150 -3.780397
v -9.928350 21.448086 -4.127500
v -9.937091 21.429838 -2.786284
v -14.074144 28.686693 -3.992605
v -14.057501 28.800032 -1.976320
v -34.446346 23.919371 -1.878565
v -34.449261 23.914158 -3.358318
v -37.586842 24.518944 -3.021492
v -45.903202 15.430912 -1.984618
v -46.143002 15.149320 -3.494605
v -42.215397 13.500542 -1.203172
v -42.315643 14.143557 -2.733345
v -32.030605 25.902061 -4.202627
v -44.368969 32.268402 -3.589740
v -40.819523 30.481653 -1.541674
v -27.183527 25.665365 -1.224150
v -23.996483 25.989202 -4.240918
v -11.674403 32.685638 -3.666973
v -15.245367 30.688910 -1.638776
v -11.690873 32.621002 -2.246601
v -21.604696 24.031466 -3.545190
v -13.648583 15.022225 -3.104841
v -15.816050 11.466496 -2.503501
v -9.594705 15.141080 -4.034080
v -9.790940 15.325858 -2.501928
v -18.464203 24.717064 -3.365550
v -24.209152 10.713120 -1.912437
v -30.944609 10.658376 -1.769714
v -27.640972 21.364668 -2.490942
v -35.780621 8.004613 -2.915685
v -34.714367 8.638075 -0.334870
v -31.891418 10.189144 -0.520981
v -23.373045 10.285598 -0.656854
v -31.055313 -2.409713 -0.030774
v -39.704781 -2.639115 0.467805
v -31.940943 -1.987405 -1.277603
v -38.824978 -2.169884 -0.873411
v -35.372765 3.395720 -1.290544
v -17.202761 -2.023901 -0.987209
v -16.325871 -2.451423 0.411097
v -24.066402 -1.945696 -1.391401
v -35.381504 4.365464 -0.058558
v -42.498596 -4.211040 0.537454
v -35.366936 7.350296 -0.246192
v -35.343632 8.486878 -1.395589
v -20.663713 3.502600 -1.509386
v -20.730719 7.475424 -0.378639
v -24.954947 -2.360183 -0.127826
v -20.669540 4.514054 -0.283870
v -20.762764 8.565084 -1.477416
v -20.759851 8.468630 -3.099512
v -27.640972 21.346420 -4.178500
v -43.559025 -4.854929 -2.918729
v -12.471627 -4.748049 -2.905408
v -30.414639 5.977715 -0.973699
v -40.023129 0.686898 -0.724355
v -33.257206 11.472918 -1.311867
v -33.108143 -2.133056 -0.845257
v -25.809490 7.340489 -1.191349
v -22.693676 -2.694310 -0.987999
v -22.727579 11.400675 -1.433317
v -16.859886 2.159768 -0.973976
v -36.087757 14.070543 -1.260275
v -44.090027 -0.272769 -1.420760
v -41.351574 -1.645979 -0.908632
v -43.085232 -4.951296 -1.541582
v -37.001385 12.611099 -1.369838
v -37.461582 17.859568 -1.535852
v -41.249229 7.343067 -1.424024
v -39.298199 15.578773 -1.532492
v -37.826519 23.602993 -1.818422
v -43.672028 -2.509953 -2.065819
v -44.331078 3.305919 -2.477342
v -44.237778 10.172549 -2.684792
v -44.199940 16.323038 -2.077996
v -40.491562 20.623650 -2.303807
v -36.810997 -13.156617 -2.336278
v -29.823271 -18.247557 -1.481029
v -28.355965 15.770878 -2.350460
v -29.948076 17.110800 -2.358519
v -31.588911 19.391920 -2.478882
v -33.349895 22.082821 -2.659284
v -35.075611 27.162279 -2.781717
v -16.749525 10.031304 -1.516779
v -21.185188 15.392397 -1.829848
v -19.256454 5.600849 -1.117847
v -14.477088 -1.747635 -1.085007
v -11.943829 -0.105612 -1.570813
v -18.206182 17.452755 -1.875219
v -11.957321 10.402966 -2.305560
v -16.208195 15.042978 -1.841120
v -18.192768 23.738955 -2.216100
v -19.228291 -13.222700 -1.786317
v -26.310015 -18.306942 -1.951549
v -27.996389 -18.874516 -2.263724
v -12.339977 -2.280419 -2.135696
v -11.700983 3.528493 -2.781581
v -11.875862 16.528107 -2.497240
v -15.790245 21.010120 -2.857745
v -21.030382 27.279188 -2.923913
v -26.042042 17.142897 -2.495639
v -24.350006 19.680971 -2.729293
v -22.633177 22.418438 -2.956683
v -29.837570 19.748426 0.046485
v -26.085291 14.159362 -0.353900
v -26.898090 19.748426 -0.173879
v -30.271645 18.382442 -0.353901
v -26.085291 18.382442 -0.353901
v -27.863466 40.918575 2.326917
v -30.419762 40.918575 0.020827
v -29.814863 41.044746 1.136930
v -28.568056 41.047016 1.977639
v -27.392269 41.003620 1.942843
v -26.544592 41.043697 1.138720
v -26.145098 40.987438 0.042924
v -29.617144 40.768791 -1.387623
v -26.836727 40.945160 -1.294912
v -26.981888 39.979286 1.840296
v -28.543545 39.950188 1.883202
v -30.137636 39.959259 -0.764945
v -29.376431 39.978977 -1.746510
v -26.624441 39.913475 -0.995395
v -27.361300 39.901905 -1.925760
v -26.190454 39.913731 0.046200
v -26.624775 39.912605 1.088551
v -30.167936 39.925987 0.046216
v -28.087563 39.915974 -2.126565
v -29.987999 39.509647 -1.102296
v -30.836189 39.704678 -0.060575
v -25.521082 39.705185 -0.060443
v -28.094704 39.508263 2.253640
v -29.935083 39.509594 1.276803
v -28.701361 38.411217 0.959328
v -27.761780 38.417000 1.021297
v -27.361300 39.516094 2.018727
v -27.594463 38.414944 -0.809262
v -28.592148 39.582470 -2.039018
v -26.565979 38.374298 0.046484
v -28.629948 38.374298 -1.050048
v -29.350405 38.374298 0.001280
v -27.736174 38.374298 -1.648210
v -29.662357 38.045837 1.043179
v -28.526600 38.045837 1.799755
v -27.366806 38.045837 1.526010
v -26.694582 38.045837 1.043181
v -26.694582 38.045837 -0.950214
v -28.525572 38.045837 -1.707233
v -29.662357 38.045837 -0.950212
v -29.862309 38.045837 0.046443
v -26.161135 37.430622 -0.013861
v -26.048841 38.045837 -0.048393
v -28.273188 37.430622 -1.787376
v -29.143570 38.045837 -1.598203
v -30.133879 37.430622 0.001441
v -29.329098 38.045837 1.566945
v -29.642382 22.803644 0.599870
v -26.423229 28.616896 0.046484
v -29.642382 28.616896 -0.506901
v -28.198690 28.616896 1.034414
v -26.423229 22.803644 0.046485
v -26.717468 28.616896 -0.506901
v -28.349649 22.565575 1.300285
v -28.789785 21.258400 1.259120
v -27.569389 21.524429 1.256801
v -28.873281 21.393343 -1.492261
v -28.179924 20.316717 -1.492261
v -28.379192 15.226804 0.400944
v -27.568354 16.361044 0.392312
v -28.326101 17.600300 0.394032
v -30.436350 18.807707 1.336660
v -28.229626 19.325872 1.310392
v -25.243368 23.002640 1.437088
v -22.763044 21.578213 1.440456
v -31.222813 22.953676 1.442972
v -33.593895 21.578213 1.440457
v -36.865704 16.986963 1.435028
v -20.965685 19.551306 1.438943
v -19.491238 16.986977 1.435027
v -18.632481 14.491611 1.402793
v -22.255192 13.290171 1.294273
v -22.169033 13.351169 -1.314284
v -23.832647 16.901247 -1.376558
v -30.548010 18.862829 -1.373094
v -32.525402 16.899740 -1.376253
v -26.006834 18.908680 1.309777
v -32.518085 16.772678 1.312213
v -34.101852 13.290148 1.294807
v -20.229935 18.737770 -1.213648
v -36.123314 18.749384 -1.213601
v -35.425419 19.575413 1.466333
v -19.373569 17.164040 -1.287296
v -18.493893 14.533508 -1.229758
v -25.205389 18.491482 -1.348479
v -25.207176 23.163239 -1.264030
v -28.179886 23.562120 -1.276991
v -34.218624 13.332723 -1.307733
v -37.862953 14.533374 -1.229023
v -33.669907 21.724970 -1.265447
v -31.150236 23.163050 -1.264036
v -29.852360 28.316206 -0.951462
v -25.708433 27.524029 -0.364872
v -28.744692 27.665989 -0.534931
v -29.817177 28.481340 1.074471
v -28.835857 27.812914 0.559010
v -28.063395 27.644545 1.726431
v -27.951056 27.267437 0.638249
v -26.892267 26.874073 1.268203
v -26.190168 26.244673 0.053335
v -27.477356 27.082191 -0.149487
v -26.330750 26.351860 -0.750220
v -27.349646 28.546513 -0.853623
v -26.003304 27.675140 -0.853747
v -26.323343 28.048183 1.104997
v -26.984411 28.442562 0.556820
v -27.364212 28.692495 1.742416
v -27.518614 28.773306 0.895972
v -28.326149 29.086702 0.685529
v -28.590195 29.176264 -0.112819
v -26.227785 34.589005 0.349573
v -28.823921 36.092983 2.040067
v -26.208094 36.016541 0.486390
v -30.451319 34.378223 -0.199552
v -28.750055 34.860794 -1.650648
v -27.396257 34.612629 -1.706917
v -26.560858 34.618740 -0.892177
v -26.704540 34.402714 -0.215619
v -27.003122 34.454041 1.018097
v -27.284430 34.931458 1.563506
v -28.513737 34.498676 1.571785
v -26.690224 36.012184 1.174244
v -27.468834 36.145683 0.627715
v -27.223036 36.107048 -0.141173
v -27.718744 36.124886 -0.783297
v -28.759363 36.052040 -0.839257
v -29.669710 36.015091 -1.230493
v -29.214741 36.112415 -0.056718
v -29.010643 36.136326 0.698409
v -29.722319 36.002384 1.311021
v -28.471645 36.125004 1.030433
v -28.850922 33.950130 1.996554
v -26.890535 33.936836 -1.324448
v -26.744175 32.322620 1.232874
v -26.366510 32.221256 -0.078500
v -27.047052 33.945492 1.539272
v -27.919470 32.309780 1.518411
v -29.024771 32.263866 1.474477
v -30.023880 32.508549 0.996176
v -29.885929 32.300770 -0.218625
v -29.473412 32.318611 -1.064473
v -28.423058 32.422421 -1.455158
v -27.121170 32.079060 -1.074258
v -29.890591 33.914494 -1.087162
v -30.367203 33.842411 0.411155
v -28.870823 34.032280 0.875950
v -29.412104 33.895229 1.656412
v -28.144966 34.065193 1.027277
v -27.984735 33.953098 1.950601
v -27.384300 34.012196 0.470244
v -26.491133 33.901375 0.257401
v -27.664856 34.010696 -0.727607
v -27.383831 33.948833 -1.632672
v -28.482904 34.080833 -0.925936
v -28.651873 33.981773 -1.847357
v -30.291979 35.953068 0.774559
v -30.231138 37.536674 0.908492
v -28.949511 36.013145 -2.080165
v -28.985031 37.525757 -2.004714
v -27.032761 35.927170 1.892013
v -28.255669 35.777885 1.659445
v -27.318142 35.736805 1.421317
v -26.740774 35.644936 0.696540
v -26.681623 35.669941 -0.436939
v -26.257174 35.796135 -0.826601
v -27.030357 35.924225 -1.798849
v -27.320322 35.739098 -1.329072
v -28.293541 35.978611 -2.119482
v -28.723223 35.914307 -1.478332
v -30.182484 36.016357 -0.684430
v -29.654135 35.809486 -0.505509
v -29.652351 35.814526 0.597569
v -29.426800 36.028141 1.821198
v -29.097601 35.816990 1.367910
v -28.293541 35.978611 2.212450
v -29.548910 37.486786 -1.520430
v -28.790968 37.589485 -0.759783
v -29.216560 37.578873 0.046140
v -28.791693 37.586258 0.851510
v -29.548971 37.493229 1.613635
v -28.028435 37.464512 2.212450
v -28.010956 37.573997 -1.067518
v -26.657488 37.337605 -1.634687
v -27.112553 37.464401 -0.682689
v -25.920668 37.268051 -0.541144
v -26.926561 37.473190 0.346629
v -25.989153 37.276817 0.804629
v -26.659107 37.322708 1.725698
v -27.302820 37.507710 0.910716
v -28.010956 37.573997 1.160485
v -30.877472 33.815434 0.046343
v -26.046289 35.162094 -0.770803
v -26.523855 33.675430 -1.786520
v -26.079576 33.805859 1.439501
v -25.867144 33.953377 -0.572769
v -27.089649 33.255238 -0.759223
v -28.028435 33.340492 -2.180758
v -28.005129 32.847797 -1.206054
v -29.660769 32.831326 -1.753558
v -28.945318 32.525581 -0.969989
v -30.781111 32.509338 0.040896
v -29.657074 32.810387 1.857645
v -29.914064 34.177658 -1.607971
v -29.169231 34.518417 -0.787820
v -29.588547 34.403183 0.046354
v -29.172716 34.534554 0.883682
v -29.911003 34.165741 1.699013
v -28.436291 34.630875 -2.149169
v -28.424639 34.766434 -1.084644
v -26.713247 34.999882 -1.516098
v -27.511114 34.944836 -0.673432
v -27.338755 35.013412 0.343229
v -26.166862 35.126175 0.804629
v -26.709816 34.980598 1.606551
v -27.707207 34.927059 0.905155
v -28.436291 34.630875 2.242136
v -28.852961 31.384195 2.174592
v -28.906534 32.971432 2.067797
v -30.422731 31.273466 -0.331542
v -30.487556 32.908726 -0.336557
v -26.172831 31.015610 1.412553
v -26.289974 31.024221 -1.328681
v -26.470675 30.857855 0.522981
v -27.142214 30.963167 1.418775
v -29.618031 31.140879 0.631818
v -30.171076 31.372879 0.817031
v -26.531019 30.830103 -0.603572
v -28.241104 31.320190 -2.145362
v -29.691906 31.088181 -0.251141
v -26.586040 32.731110 -1.622220
v -25.846012 32.651909 -0.537268
v -26.866446 32.877769 0.352386
v -25.916321 32.665318 0.804629
v -26.587198 32.726601 1.715208
v -27.254660 32.917297 0.908801
v -28.048828 32.902542 2.245182
v -28.016783 33.014637 1.185985
v -28.820204 33.023487 0.884224
v -30.286211 32.923397 0.448773
v -29.229959 33.005844 -0.121662
v -29.273806 28.071527 2.214207
v -28.428337 29.841509 2.397256
v -31.003645 29.055269 -0.354064
v -25.718668 30.277981 0.046201
v -29.273798 28.071548 -2.121399
v -25.624405 28.950983 -0.590655
v -25.703653 28.890615 0.919569
v -26.851772 28.521271 1.388665
v -26.506193 28.766731 1.909843
v -27.824507 28.298862 1.650312
v -27.850727 28.455273 2.274107
v -29.145031 27.829683 1.255031
v -26.503494 28.762278 -1.817344
v -29.851812 29.402319 -1.600012
v -28.276062 29.904675 -1.108621
v -26.521151 30.134184 -1.532975
v -25.863243 30.245775 -0.527336
v -25.939629 30.240957 0.804630
v -26.518732 30.118839 1.624973
v -29.849085 29.394705 1.693176
v -27.474781 30.085096 2.031054
v -27.079361 31.480730 1.670319
v -29.694202 31.434237 1.416397
v -29.840916 29.820293 -1.140095
v -28.450857 30.016769 -1.873618
v -30.264612 29.417744 -0.101490
v -29.466064 29.575335 1.165536
v -28.164270 29.920206 1.548090
v -27.113672 29.816042 1.157441
v -26.701239 29.798756 0.319705
v -26.880337 29.763369 -0.726351
v -26.689787 31.410431 1.173884
v -27.469469 31.536085 0.627343
v -27.222841 31.504766 -0.141550
v -26.220350 31.341074 -0.320108
v -27.719032 31.529755 -0.784531
v -27.175833 31.392393 -1.564969
v -27.935211 31.479206 1.940325
v -28.104179 31.578266 1.018904
v -29.199120 31.447420 1.726166
v -28.917171 31.508348 0.821761
v -29.203894 31.507578 -0.370949
v -29.669466 31.407602 -1.229946
v -28.442118 31.562626 -0.934690
v -27.393194 29.714579 -0.110058
v -27.571795 29.736643 0.604114
v -28.378952 29.671999 0.977466
v -28.828209 29.666363 1.543871
v -29.293648 29.561541 0.380585
v -30.025757 29.480612 0.636173
v -29.288235 29.604012 -0.409593
v -28.693703 26.995487 1.948260
v -30.561527 27.363888 0.046251
v -27.929358 28.899164 -1.854035
v -28.832556 26.924915 -1.741516
v -25.948645 28.431078 0.509676
v -27.642166 27.408573 -1.925759
v -29.448849 28.129770 -0.099795
v -29.063509 28.358118 0.773646
v -29.659555 27.912415 1.464188
v -28.427551 28.627323 2.000459
v -26.957560 29.271471 1.469338
v -27.474066 29.139301 0.316188
v -26.415033 29.544426 -0.467870
v -27.621281 29.049988 -0.604834
v -28.922806 28.460485 -0.777123
v -26.851517 27.779591 -0.214412
v -27.027586 27.726767 0.680748
v -26.612839 27.957668 1.603971
v -28.982613 26.524258 1.346221
v -28.773903 26.697763 0.046630
v -29.799698 25.952705 0.372274
v -28.303822 26.934917 -0.572819
v -27.318796 27.537329 -0.810804
v -38.556473 16.945642 -0.308607
v -32.460793 21.027103 -0.400860
v -34.563778 19.024168 -0.400392
v -35.653374 17.290142 -0.400507
v -36.080685 16.041500 -0.400333
v -37.365726 19.038935 -0.345988
v -34.389229 22.647181 -0.318888
v -28.902775 24.914677 -0.325731
v -30.395401 21.946838 -0.400594
v -23.891481 21.024296 0.493828
v -27.486568 24.641466 -0.308610
v -18.139244 16.805376 -0.444912
v -21.973127 22.654585 -0.319554
v -18.991056 19.038881 -0.346039
v -20.276251 16.041500 -0.400333
v -20.703562 17.290144 -0.400513
v -21.783241 19.011492 -0.400386
v 37.557789 23.546593 0.697302
v 34.245411 21.234325 0.697302
v 28.322752 -2.555696 0.697304
v 25.826090 -4.495185 0.697304
v 32.343052 4.884225 0.697304
v 34.009438 -4.594245 0.110427
v 30.667927 -2.662577 0.697304
v 32.832478 6.779398 0.697303
v 37.155758 6.779398 0.697303
v 35.096081 15.859021 0.697303
v 37.578178 4.884225 0.697304
v 39.061028 -2.532235 0.697304
v 45.569252 -4.698519 0.697304
v 35.066948 -4.654202 -0.673599
v 27.323568 -2.075774 -0.673599
v 33.208290 21.106592 -0.673601
v 38.461422 24.539909 -0.673601
v 44.121937 -2.173042 0.110427
v 35.323318 -5.587451 0.110427
v 24.264580 -4.617707 -0.673599
v 31.090349 24.539799 0.110425
v 30.790285 23.541378 -0.673601
v 35.031990 11.195385 -0.673600
v 34.120140 7.900339 -0.673600
v 37.557789 23.546593 -1.260098
v 32.112904 23.546593 -1.260098
v 34.245411 21.234325 -1.260098
v 28.319605 -2.554827 -1.265206
v 31.576864 -2.182918 -0.673599
v 32.628551 -4.466510 -1.260096
v 33.624886 -5.498819 -0.673599
v 30.667927 -2.662577 -1.260096
v 32.343052 4.884225 -1.260096
v 32.832478 6.779398 -1.260097
v 37.155758 6.779398 -1.260097
v 37.578178 4.884225 -1.260096
v 43.214439 -2.469071 -1.260096
v 36.593498 -4.693305 -1.260096
v 36.756641 3.833668 -0.673599
v 39.061028 -2.532235 -1.260096
v 32.981056 3.833668 -0.673599
v 35.856441 7.900339 -0.673600
v 35.096081 15.859021 -1.260097
v 37.968555 -2.107320 -0.673599
v 46.961792 -4.753263 -0.673599
v -17.531275 28.969076 0.411226
v -33.948181 26.870314 -0.336013
v -33.341473 25.653093 -0.608488
v -21.685139 26.959276 0.290502
v -20.801891 25.840950 0.031503
v -18.812628 26.840452 0.496881
v -22.361141 21.022972 2.382398
v -31.743217 7.757806 2.539996
v -30.660202 7.241135 3.021602
v -36.058014 -0.974906 2.150779
v -42.073120 -12.030476 -0.217984
v -40.820156 -11.984239 0.462521
v -33.887260 -9.440358 0.677413
v -30.387568 -2.873556 2.505965
v -17.910543 17.491173 1.832335
v -19.393475 17.159027 2.839214
v -15.913172 22.964937 1.421219
v -40.718285 24.245321 -1.419568
v -38.854534 30.148405 -1.905485
v -31.478388 30.210415 -2.377427
v -27.850760 30.174232 -2.899344
v -25.125084 30.199873 -2.251446
v -16.934748 30.029753 -0.791206
v -28.733686 -2.122669 1.994886
v -14.523949 23.151354 -0.316487
v -31.913952 -8.228282 -0.759139
v -21.720297 11.005676 1.457028
v -25.280445 4.503252 1.545662
v -27.531406 -8.193141 -1.669915
v -24.174984 -8.200361 -1.619871
v -28.880741 12.511807 2.330923
v -37.358757 -3.436089 0.889831
v -28.164392 25.698849 -1.918793
v -13.178973 23.776100 0.984281
v 10.491635 24.602432 0.034969
v 9.363832 23.499775 0.662274
v -4.448884 10.817314 0.703205
v -6.261031 20.867167 0.345983
v -7.264298 10.895141 0.700242
v -3.362386 20.808634 0.386052
v -7.253978 22.016378 0.709101
v 0.416063 13.280386 0.684057
v -2.628324 21.947962 0.706104
v -2.568055 13.841704 0.695555
v -1.855707 14.717226 0.110425
v -4.570857 8.976883 0.701678
v 20.931967 -4.543101 0.700999
v -2.843302 -2.688645 0.699207
v 0.276139 7.731822 0.698130
v -35.929276 -12.924279 -0.217478
v -30.948746 -12.943682 -1.644410
v -15.049862 -12.977972 -0.750086
v -20.322954 -12.991279 -1.129946
v -25.579935 -13.018060 -1.923557
v 29.992390 6.415300 0.511604
v 29.226063 16.329245 0.170933
v 21.679543 24.491516 0.134583
v 26.518831 21.577686 -0.683530
v 29.553434 14.790713 -0.570949
v 30.114716 7.794109 -0.314600
v 28.515436 0.565463 -0.318691
v 25.215296 -3.631517 -0.540295
v -12.554996 -5.635029 -0.674556
v -19.247911 -8.161922 -0.933556
v -14.539336 24.729633 -0.428403
v 0.406921 24.664927 0.110425
v 23.249142 19.047560 0.700723
v 27.982645 16.942879 0.755216
v 25.167645 12.182154 0.852616
v 27.910744 1.930066 1.102227
v 28.622648 4.284279 1.120612
v 3.053529 21.554966 0.698553
v 1.235829 -2.392238 0.108759
v 7.039083 -2.727866 0.698989
v 9.963388 -2.727748 0.699207
v 8.098902 -1.651123 0.110427
v 13.016714 7.470317 0.694459
v 15.652035 -2.577829 0.703120
v 13.732525 -2.652940 0.111220
v 13.607801 23.594130 0.697303
v 15.747147 21.288836 0.701110
v 20.448460 23.509533 0.698068
v 22.495564 22.961893 0.698742
v 24.761814 21.592339 0.698400
v 26.678680 19.555058 0.705629
v 29.693735 13.860145 0.252567
v 29.030649 10.244908 0.996808
v 30.058071 9.471991 0.431138
v 28.844677 1.487226 0.497375
v 26.706509 -0.362546 0.992669
v 24.843082 -2.577662 0.869916
v 12.847516 -4.544715 0.699207
v 17.943111 -4.544379 0.700479
v 23.833557 -3.255463 0.827161
v 22.151033 -1.520078 0.832245
v 8.264957 21.098770 -0.673601
v 10.869412 23.632618 -0.673601
v 14.618778 20.937145 -0.673601
v -3.641536 -1.656337 -0.673599
v -1.855708 4.657430 0.110426
v -6.240182 20.857897 -0.954734
v 2.080107 21.132658 0.110425
v -6.241850 12.105171 -0.677787
v -6.389760 7.926407 -0.675883
v -5.106936 12.070187 0.113597
v 22.361231 0.435077 0.291316
v 23.962385 5.307019 -0.392437
v 24.022575 13.054255 -0.590238
v -24.448309 15.366515 3.144468
v -28.791986 2.875098 3.119112
v -16.437466 26.422892 0.858376
v -23.498522 14.857849 2.305156
v -19.751989 21.843292 2.067645
v -33.202385 -3.035355 1.955171
v -29.837570 3.468711 2.388287
v -25.763094 8.576335 3.099118
v -25.138481 11.985257 3.181827
v -27.877701 9.824651 3.107265
v -42.597095 18.300819 -1.240611
v -41.278812 19.728752 -1.998932
v -11.796490 30.018326 -0.693003
v -17.418737 28.950983 -1.424393
v -12.558497 28.949322 -1.318342
v -33.892658 26.725943 -2.308181
v -27.702188 26.835302 -2.950379
v -25.700415 25.801880 -1.911009
v -24.607496 26.916059 -2.693043
v -22.148060 21.240639 0.157545
v -24.354769 19.890369 0.989096
v -30.430052 9.850451 1.701591
v -35.502911 0.097108 1.471264
v -41.589500 -13.058224 -0.833049
v -27.736540 -12.958576 -1.909403
v -30.711008 -11.810255 -2.259482
v -15.805346 -11.838416 -1.367146
v -26.065481 -9.449736 -2.553525
v -26.216446 -8.203596 -1.775212
v -28.261789 -1.171340 1.355800
v -23.971418 9.354252 1.115613
v -16.684608 21.408958 -0.662009
v -11.203368 28.946445 -0.904815
v 9.298869 23.484934 -1.345632
v -3.362407 20.808634 -0.948716
v -2.628311 21.947971 -1.268871
v -0.354975 12.256605 -0.681900
v 1.270221 21.682701 -0.673601
v 0.407358 23.530218 -1.263480
v -4.451496 10.818718 -1.272863
v -2.849207 15.191164 -0.680777
v -2.569456 5.822688 -1.261999
v -4.571402 8.976902 -1.266887
v -2.846820 4.331477 -0.675154
v -5.236611 7.910660 -0.674931
v -6.386734 -1.657110 -0.673697
v -7.303175 -2.689415 -1.262504
v -13.293694 -4.541835 -1.261354
v 21.129290 -5.602127 -0.683130
v 20.928604 -4.541958 -1.253410
v -2.846921 -2.687140 -1.267718
v -0.467139 8.643471 -0.675825
v 23.249311 19.047623 -1.261139
v 26.676752 19.555532 -1.257425
v 24.759832 21.594072 -1.262001
v 24.565245 15.636609 -1.220582
v 25.043732 13.067543 -1.156977
v 25.175709 8.187916 -1.001650
v 27.920107 1.906500 -0.891134
v 23.654572 0.619405 -1.047109
v 25.250635 -2.183803 -1.067422
v 26.718674 -0.373963 -0.991945
v 28.631376 4.245113 -0.875361
v 19.481009 -2.699914 -1.238569
v 17.786047 -4.544717 -1.261168
v 23.836454 -3.265915 -1.147620
v 22.155695 -1.530810 -1.142270
v 7.228253 21.553408 -1.264391
v 3.052702 -2.235028 -1.262670
v 2.061653 -1.770536 -0.675258
v 9.212238 -1.655910 -0.674379
v 9.963388 -2.727748 -1.261999
v 7.039494 -2.727859 -1.262071
v 12.436262 8.519344 -0.678664
v 12.850818 -4.544716 -1.266805
v 15.651984 -2.577799 -1.266011
v 14.617457 -1.982200 -0.675962
v 15.747149 21.288836 -1.263903
v 13.607846 23.592461 -1.260167
v 20.440578 24.595215 -0.638929
v 20.463520 23.512001 -1.261845
v 22.498396 22.960360 -1.261787
v 22.841490 23.946337 -0.651977
v 25.366592 22.451601 -0.676000
v 27.415548 20.258322 -0.674531
v 27.981127 16.943956 -1.220597
v 28.765013 13.695692 -1.125650
v 30.036631 10.284600 -0.401010
v 29.044910 9.183562 -0.957002
v 29.750610 4.767335 -0.265957
v 27.529297 -0.936001 -0.392302
v 19.483829 21.722498 -1.267060
v 20.599701 20.488770 -0.673601
vn 0.4902 0.0010 -0.8716
vn 0.4788 0.0010 -0.8779
vn 0.4997 -0.0054 -0.8662
vn 0.4986 -0.0003 -0.8668
vn 0.5052 0.0048 -0.8630
vn 0.1912 0.4701 -0.8617
vn 0.1930 0.4659 -0.8635
vn 0.1317 0.4973 -0.8575
vn 0.0113 0.0504 0.9987
vn 0.0247 0.0440 0.9987
vn 0.0481 0.0400 0.9980
vn 0.2554 0.4309 -0.8655
vn 0.1930 0.4658 -0.8636
vn 0.1913 0.4705 -0.8614
vn 0.2476 0.4255 -0.8704
vn 0.2477 0.4254 -0.8705
vn 0.1836 0.4657 -0.8657
vn 0.3670 0.3365 -0.8672
vn 0.3141 0.3771 -0.8713
vn 0.3083 0.3820 -0.8712
vn -0.0113 0.0715 0.9974
vn -0.0070 0.0790 0.9968
vn -0.0354 0.0558 0.9978
vn 0.4910 0.1670 -0.8550
vn 0.4677 0.2231 -0.8553
vn 0.4678 0.2229 -0.8552
vn -0.1596 -0.2459 0.9561
vn -0.0256 -0.0839 0.9961
vn -0.2258 -0.2781 0.9336
vn -0.2700 -0.2204 0.9373
vn -0.0940 -0.0512 0.9943
vn -0.3796 -0.1853 0.9064
vn -0.3871 -0.1145 0.9149
vn -0.1288 -0.0269 0.9913
vn -0.4441 -0.0458 0.8948
vn -0.4200 0.0501 0.9061
vn -0.1095 0.0143 0.9939
vn -0.2486 0.3146 0.9161
vn -0.0197 0.0531 0.9984
vn 0.0301 0.1596 0.9867
vn -0.2142 0.3131 0.9252
vn -0.2847 0.2676 0.9205
vn -0.0206 0.1001 0.9948
vn -0.0337 0.4238 0.9051
vn -0.0673 0.3992 0.9144
vn 0.0267 0.1542 0.9877
vn -0.0135 0.3989 0.9169
vn 0.0620 0.3953 0.9165
vn -0.0456 0.1531 0.9872
vn 0.0789 0.3895 0.9176
vn -0.0247 0.1238 0.9920
vn -0.0065 0.1125 0.9936
vn 0.0591 0.3790 0.9235
vn 0.0079 -0.0574 0.9983
vn 0.0173 -0.0501 0.9986
vn 0.0625 -0.0399 0.9972
vn 0.4674 -0.1643 -0.8686
vn 0.4982 -0.1445 -0.8549
vn 0.4945 -0.1378 -0.8582
vn 0.4747 -0.2172 -0.8529
vn 0.4745 -0.2173 -0.8530
vn 0.4718 -0.1748 -0.8642
vn 0.4091 -0.3176 -0.8554
vn 0.4093 -0.3219 -0.8537
vn 0.4530 -0.3099 -0.8359
vn -0.1488 -0.4425 0.8843
vn -0.0770 -0.4266 0.9012
vn -0.1312 -0.2411 0.9616
vn 0.0466 -0.1970 0.9793
vn 0.1021 -0.1528 0.9830
vn 0.0115 -0.0202 0.9997
vn 0.0447 0.0434 0.9981
vn 0.0426 0.0631 0.9971
vn 0.0349 0.0622 0.9975
vn 0.2102 -0.4455 -0.8703
vn 0.2161 -0.4478 -0.8677
vn 0.2351 -0.4358 -0.8688
vn 0.0008 -0.0443 0.9990
vn 0.0094 -0.0376 0.9992
vn 0.0041 -0.0158 0.9999
vn 0.0260 -0.0248 0.9994
vn 0.0503 0.0325 0.9982
vn -0.0068 -0.0023 1.0000
vn 0.3175 -0.4697 -0.8238
vn 0.2764 -0.4837 -0.8305
vn 0.2766 -0.4833 -0.8306
vn 0.0696 0.3694 0.9266
vn 0.0031 0.3862 0.9224
vn 0.0181 0.1306 0.9913
vn 0.4122 -0.2417 -0.8785
vn 0.3883 -0.2738 -0.8799
vn 0.3856 -0.2801 -0.8791
vn 0.2371 0.2758 0.9315
vn 0.1109 0.0335 0.9933
vn 0.4182 0.0416 0.9074
vn 0.4831 -0.1771 -0.8574
vn 0.4796 -0.1778 -0.8593
vn 0.4751 -0.2175 -0.8526
vn 0.0438 0.3634 0.9306
vn 0.0901 0.0975 0.9911
vn 0.2870 0.2623 0.9213
vn 0.0800 0.1064 0.9911
vn 0.1319 0.0403 0.9904
vn 0.2728 0.2633 0.9253
vn 0.5117 -0.0902 -0.8544
vn 0.5083 -0.0921 -0.8563
vn 0.5263 -0.1299 -0.8403
vn 0.0049 -0.0162 0.9999
vn 0.1244 -0.1182 0.9852
vn 0.1829 -0.1254 0.9751
vn 0.5058 -0.0534 -0.8610
vn 0.5060 -0.0551 -0.8608
vn 0.5000 -0.0557 -0.8642
vn 0.5359 -0.0523 -0.8426
vn 0.5185 -0.0629 -0.8528
vn 0.5158 -0.0596 -0.8547
vn 0.4769 -0.0542 0.8773
vn 0.1543 0.0219 0.9878
vn 0.4101 -0.0966 0.9069
vn 0.3775 -0.1789 0.9086
vn 0.0954 0.0014 0.9954
vn 0.2810 -0.1795 0.9428
vn 0.1006 0.0091 0.9949
vn 0.0285 -0.0302 0.9991
vn 0.3175 -0.0304 0.9478
vn 0.4949 -0.0049 -0.8689
vn 0.4932 -0.0007 -0.8699
vn 0.4768 -0.0258 -0.8786
vn -0.0244 0.0576 0.9980
vn -0.0753 -0.0372 0.9965
vn 0.0476 -0.1821 0.9821
vn -0.0832 0.0643 0.9945
vn -0.0982 0.0287 0.9948
vn 0.1786 -0.0968 0.9791
vn -0.0720 0.0753 0.9946
vn 0.4745 -0.1199 0.8721
vn 0.1994 -0.0965 0.9752
vn 0.3051 0.3808 -0.8729
vn 0.3637 0.3356 -0.8690
vn 0.3637 0.3357 -0.8689
vn 0.1258 -0.1685 0.9776
vn 0.0363 -0.4589 0.8878
vn 0.0512 0.0768 0.9957
vn 0.4405 0.1983 0.8756
vn -0.0807 0.0231 0.9965
vn -0.0717 -0.0046 0.9974
vn 0.0848 0.4976 -0.8633
vn 0.0756 0.5030 -0.8610
vn 0.1332 0.4946 -0.8588
vn 0.4571 0.1338 0.8793
vn -0.0761 -0.0072 0.9971
vn 0.4123 0.1885 0.8913
vn -0.0691 0.0229 0.9973
vn -0.0573 -0.0066 0.9983
vn 0.4176 0.2134 0.8832
vn 0.4068 0.2259 0.8851
vn -0.0677 0.0090 0.9977
vn 0.3700 0.2779 0.8865
vn -0.0507 0.0275 0.9983
vn -0.0327 0.0260 0.9991
vn 0.4675 0.0564 0.8822
vn 0.3512 0.1971 -0.9153
vn 0.3849 0.1327 -0.9134
vn -0.0626 0.0083 -0.9980
vn 0.0077 0.5010 -0.8654
vn 0.0095 0.4973 -0.8675
vn 0.0094 0.4973 -0.8675
vn 0.0047 0.5126 -0.8586
vn 0.0072 0.5087 -0.8609
vn 0.0040 0.5126 -0.8586
vn -0.0507 -0.0243 0.9984
vn -0.0245 -0.0227 0.9994
vn 0.2881 0.3517 0.8907
vn -0.0318 -0.0245 0.9992
vn 0.2050 0.3849 0.8999
vn 0.2989 0.3360 0.8932
vn 0.1963 0.3835 0.9024
vn -0.0453 -0.0337 0.9984
vn -0.0209 0.3152 0.9488
vn -0.0285 0.3129 0.9494
vn -0.0428 -0.0343 0.9985
vn 0.0017 -0.0884 0.9961
vn -0.4756 0.0036 -0.8797
vn -0.4685 0.0038 -0.8835
vn -0.4683 0.0038 -0.8836
vn -0.4930 0.0001 -0.8700
vn -0.4928 0.0006 -0.8701
vn -0.4976 -0.0049 -0.8674
vn -0.3613 -0.3302 -0.8720
vn -0.3598 -0.3353 -0.8707
vn 0.1956 0.3892 0.9002
vn -0.0374 -0.0207 0.9991
vn -0.0363 -0.0342 0.9988
vn -0.3570 -0.3265 -0.8752
vn -0.3549 -0.3257 -0.8763
vn -0.3575 -0.3280 -0.8744
vn 0.0105 -0.0599 0.9981
vn -0.0446 0.3143 0.9483
vn -0.0560 -0.0882 0.9945
vn -0.2907 0.3973 -0.8704
vn -0.2799 0.3962 -0.8744
vn -0.2830 0.3989 -0.8722
vn 0.0879 -0.0059 0.9961
vn -0.1974 -0.1565 0.9678
vn 0.1403 0.0399 0.9893
vn -0.2164 -0.1543 0.9640
vn -0.4368 -0.1284 0.8904
vn 0.1097 0.0855 0.9903
vn 0.0517 0.0444 0.9977
vn -0.4761 0.1697 0.8628
vn 0.0740 0.0445 0.9963
vn -0.4638 0.1688 0.8697
vn -0.4033 0.2518 0.8798
vn 0.0923 0.0639 0.9937
vn 0.1012 0.0611 0.9930
vn -0.3931 0.2509 0.8846
vn 0.0925 0.0277 0.9953
vn -0.3861 0.2606 0.8849
vn -0.3555 0.2991 0.8855
vn 0.0992 0.0398 0.9943
vn 0.0768 0.0673 0.9948
vn -0.4536 0.0688 0.8885
vn 0.0669 0.0573 0.9961
vn 0.0911 0.0003 0.9958
vn -0.2872 0.3538 0.8901
vn 0.0337 -0.0392 0.9987
vn -0.2927 0.3402 0.8936
vn -0.2510 0.3715 0.8939
vn 0.0429 -0.0399 0.9983
vn 0.0464 -0.0379 0.9982
vn -0.2425 0.3756 0.8945
vn 0.0015 -0.0567 0.9984
vn 0.0120 -0.0580 0.9982
vn -0.2427 0.3682 0.8975
vn -0.0535 0.3174 0.9468
vn 0.6209 -0.0081 -0.7838
vn 0.6313 -0.0010 -0.7755
vn 0.6004 -0.0003 -0.7997
vn -0.3876 0.0583 -0.9200
vn -0.3473 0.1354 -0.9279
vn 0.0801 -0.0618 -0.9949
vn 0.5848 -0.0097 -0.8111
vn 0.6023 -0.0101 -0.7982
vn 0.5813 -0.0023 -0.8137
vn 0.0495 -0.1070 0.9930
vn 0.0069 -0.0046 1.0000
vn -0.1206 -0.1970 0.9729
vn -0.0676 -0.0147 0.9976
vn -0.0262 -0.0258 0.9993
vn 0.2359 -0.4451 0.8638
vn -0.0734 -0.5169 0.8529
vn 0.2464 -0.6650 0.7051
vn -0.0609 -0.4943 0.8672
vn 0.0749 -0.5048 0.8600
vn -0.0356 -0.4630 0.8856
vn -0.0920 -0.7773 0.6223
vn -0.4905 0.1516 -0.8581
vn -0.4831 0.1609 -0.8607
vn -0.4833 0.1371 -0.8647
vn -0.5275 0.1819 -0.8299
vn -0.5390 0.1623 -0.8265
vn -0.5329 0.1699 -0.8290
vn -0.0435 -0.0425 0.9981
vn -0.0288 -0.0129 0.9995
vn 0.1835 -0.4189 0.8893
vn 0.4884 -0.0001 -0.8726
vn 0.4885 -0.0001 -0.8725
vn 0.4924 -0.0075 -0.8704
vn -0.0174 -0.3963 0.9180
vn 0.0161 0.0819 0.9965
vn -0.0899 -0.3689 0.9251
vn 0.0081 0.1051 0.9944
vn -0.0057 0.1209 0.9927
vn -0.1452 -0.3338 0.9314
vn -0.0588 -0.5776 0.8142
vn 0.1690 -0.2456 0.9545
vn -0.0098 -0.5765 0.8170
vn 0.0298 -0.7965 0.6040
vn 0.2346 -0.5231 0.8193
vn 0.0558 -0.7872 0.6141
vn 0.4914 0.0013 -0.8709
vn 0.4882 -0.0032 -0.8727
vn 0.4902 -0.0002 -0.8716
vn -0.0315 -0.3753 0.9264
vn 0.0992 -0.3735 0.9223
vn -0.0585 0.0866 0.9945
vn 0.0008 0.4815 -0.8764
vn 0.0003 0.4813 -0.8766
vn 0.0007 0.4812 -0.8766
vn -0.0000 0.4802 -0.8772
vn -0.0007 0.4796 -0.8775
vn 0.0015 0.4807 -0.8769
vn -0.0019 0.0330 0.9995
vn -0.0118 0.0413 0.9991
vn -0.0266 -0.4278 0.9035
vn -0.4244 0.2003 -0.8830
vn -0.4212 0.2071 -0.8830
vn -0.5148 0.0038 -0.8573
vn -0.3238 0.3931 -0.8606
vn -0.3170 0.3983 -0.8607
vn -0.4388 0.2110 -0.8734
vn 0.0700 -0.4128 0.9081
vn 0.0377 -0.4289 0.9025
vn 0.0204 0.0372 0.9991
vn -0.5140 0.0036 -0.8578
vn -0.5140 0.0035 -0.8578
vn 0.0134 0.0317 0.9994
vn 0.0278 0.0356 0.9990
vn 0.0052 -0.4201 0.9074
vn 0.0523 0.0661 0.9964
vn 0.0999 -0.4620 0.8812
vn 0.0168 0.0423 0.9990
vn 0.3357 -0.3653 -0.8682
vn 0.3407 -0.3650 -0.8664
vn 0.3338 -0.3572 -0.8724
vn 0.3578 -0.3789 -0.8535
vn 0.3546 -0.3733 -0.8573
vn 0.3474 -0.3680 -0.8625
vn -0.0152 -0.0671 -0.9976
vn -0.0467 -0.0387 -0.9982
vn -0.0305 -0.0412 -0.9987
vn -0.0379 -0.0114 -0.9992
vn -0.0743 -0.0613 -0.9954
vn -0.0829 -0.1082 -0.9907
vn -0.0038 -0.0169 -0.9998
vn 0.0082 -0.0153 -0.9999
vn -0.0080 -0.0050 -1.0000
vn 0.0148 -0.0179 -0.9997
vn -0.0128 0.0053 -0.9999
vn -0.0023 0.0110 -0.9999
vn 0.0365 -0.0173 -0.9992
vn 0.0554 -0.0789 -0.9953
vn 0.0200 0.0175 -0.9996
vn 0.0257 0.0231 -0.9994
vn 0.0283 0.0260 -0.9993
vn 0.0270 0.0254 -0.9993
vn 0.0304 0.0209 -0.9993
vn 0.0272 0.0279 -0.9992
vn 0.0261 0.0271 -0.9993
vn 0.0282 0.0047 -0.9996
vn 0.0424 -0.0079 -0.9991
vn 0.0117 -0.0134 -0.9998
vn 0.0367 -0.0857 -0.9956
vn 0.0686 -0.0699 -0.9952
vn 0.0220 -0.0813 -0.9964
vn 0.0391 -0.0328 -0.9987
vn -0.0002 -0.0483 -0.9988
vn -0.0091 -0.0483 -0.9988
vn 0.0292 0.0317 -0.9991
vn 0.0216 0.0349 -0.9992
vn 0.0240 0.0376 -0.9990
vn 0.0275 0.0197 -0.9994
vn 0.0275 0.0198 -0.9994
vn 0.0217 0.0249 -0.9995
vn -0.0081 0.0247 -0.9997
vn 0.0154 0.0429 -0.9990
vn 0.0217 -0.0119 -0.9997
vn -0.0106 -0.0630 -0.9980
vn -0.0147 -0.0566 -0.9983
vn 0.0014 -0.0734 -0.9973
vn 0.0058 0.0041 -1.0000
vn 0.0101 0.0053 -0.9999
vn 0.0043 -0.0056 -1.0000
vn 0.0004 0.0003 -1.0000
vn 0.0003 -0.0004 -1.0000
vn 0.0044 -0.0011 -1.0000
vn 0.0005 -0.0006 -1.0000
vn 0.0279 -0.0364 -0.9989
vn 0.0095 -0.0105 -0.9999
vn 0.0078 -0.0065 -0.9999
vn -0.0262 -0.0393 -0.9989
vn -0.0177 -0.0471 -0.9987
vn -0.0109 -0.0507 -0.9987
vn -0.0426 -0.0875 -0.9953
vn -0.0420 -0.0975 -0.9944
vn 0.0025 -0.0413 -0.9991
vn 0.0062 -0.0261 -0.9996
vn -0.0082 0.0809 -0.9967
vn 0.0705 0.0031 -0.9975
vn -0.0472 -0.0777 -0.9959
vn -0.0479 -0.0263 -0.9985
vn -0.0591 -0.0172 -0.9981
vn -0.0329 -0.0407 -0.9986
vn -0.0481 -0.0287 -0.9984
vn -0.0652 -0.0282 -0.9975
vn 0.0164 0.0313 -0.9994
vn 0.0292 -0.0159 -0.9994
vn 0.0003 -0.0737 -0.9973
vn -0.0528 -0.0403 -0.9978
vn -0.0083 -0.0148 -0.9999
vn -0.0477 -0.0678 -0.9966
vn -0.0235 -0.0447 -0.9987
vn -0.0009 0.0003 -1.0000
vn 0.0241 -0.0520 -0.9984
vn 0.0244 -0.0438 -0.9987
vn 0.0142 -0.0114 -0.9998
vn 0.0611 -0.0340 -0.9975
vn 0.0606 -0.0366 -0.9975
vn 0.0073 -0.0141 -0.9999
vn 0.0447 -0.0328 -0.9985
vn -0.0096 -0.0657 -0.9978
vn -0.0038 -0.0435 -0.9990
vn 0.0083 -0.1138 -0.9935
vn 0.0948 -0.0818 -0.9921
vn 0.0636 -0.0942 -0.9935
vn 0.0770 -0.0982 -0.9922
vn 0.0500 -0.0541 -0.9973
vn 0.0194 -0.0746 -0.9970
vn 0.0571 -0.0393 -0.9976
vn -0.1319 -0.0163 -0.9911
vn -0.1331 -0.0007 -0.9911
vn -0.0883 0.0270 -0.9957
vn -0.0919 -0.0517 -0.9944
vn -0.0544 -0.0073 -0.9985
vn -0.0199 0.0315 -0.9993
vn -0.0137 0.0481 -0.9987
vn -0.0142 -0.0157 -0.9998
vn -0.0280 0.0539 -0.9982
vn -0.0155 0.0580 -0.9982
vn 0.0587 -0.0855 -0.9946
vn 0.0346 -0.0176 -0.9992
vn 0.0003 -0.0001 -1.0000
vn 0.0044 -0.0015 -1.0000
vn 0.0197 -0.0307 -0.9993
vn 0.0080 -0.0358 -0.9993
vn 0.0431 -0.0265 -0.9987
vn -0.0000 0.0011 -1.0000
vn -0.0002 0.0014 -1.0000
vn 0.0031 0.0003 -1.0000
vn 0.0124 0.0009 -0.9999
vn 0.0077 -0.0006 -1.0000
vn 0.0365 -0.0266 -0.9990
vn 0.0180 -0.0014 -0.9998
vn 0.0233 0.0054 -0.9997
vn 0.0002 0.0002 -1.0000
vn 0.0091 0.0005 -1.0000
vn 0.0001 0.0007 -1.0000
vn 0.0003 0.0011 -1.0000
vn 0.0002 0.0004 -1.0000
vn 0.0002 0.0005 -1.0000
vn 0.0120 -0.0265 -0.9996
vn 0.0135 -0.0209 -0.9997
vn 0.0065 -0.0234 -0.9997
vn 0.0128 -0.0261 -0.9996
vn 0.0072 -0.0239 -0.9997
vn 0.0118 -0.0441 -0.9990
vn 0.0183 -0.0477 -0.9987
vn 0.0154 -0.0410 -0.9990
vn -0.7126 -0.3549 0.6051
vn -0.6762 -0.0416 0.7356
vn -0.7912 -0.0552 0.6090
vn 0.0960 -0.0085 -0.9953
vn 0.0880 -0.0362 -0.9955
vn 0.0913 -0.0228 -0.9956
vn -0.0011 0.0565 -0.9984
vn -0.0087 0.0379 -0.9992
vn -0.0055 0.0478 -0.9988
vn 0.0225 0.0208 -0.9995
vn 0.0219 0.0254 -0.9994
vn 0.0301 0.0185 -0.9994
vn 0.0344 0.0176 -0.9993
vn 0.0243 0.0202 -0.9995
vn 0.0340 0.0181 -0.9993
vn 0.0117 -0.0213 -0.9997
vn 0.0100 -0.0001 -0.9999
vn 0.0187 -0.0024 -0.9998
vn 0.0152 -0.0149 -0.9998
vn 0.0088 -0.0193 -0.9998
vn 0.0183 -0.0003 -0.9998
vn 0.0158 -0.0391 -0.9991
vn 0.0132 -0.0338 -0.9993
vn 0.0229 -0.0276 -0.9994
vn 0.0043 -0.0068 -1.0000
vn 0.0004 -0.0096 -1.0000
vn 0.0041 -0.0067 -1.0000
vn 0.1821 -0.5111 0.8400
vn 0.0297 -0.2910 0.9563
vn -0.2034 -0.6673 0.7165
vn 0.0056 -0.0124 -0.9999
vn 0.0057 -0.0125 -0.9999
vn 0.0106 -0.0103 -0.9999
vn 0.0012 -0.0011 -1.0000
vn -0.0005 -0.0051 -1.0000
vn 0.0002 -0.0004 -1.0000
vn 0.0001 -0.0004 -1.0000
vn -0.0001 0.0004 -1.0000
vn 0.5206 -0.0011 -0.8538
vn 0.5211 -0.0009 -0.8535
vn 0.5213 -0.0003 -0.8534
vn 0.5241 -0.0002 -0.8516
vn 0.5236 -0.0010 -0.8520
vn 0.5225 -0.0009 -0.8526
vn -0.4910 0.1515 -0.8579
vn -0.4896 0.1462 -0.8596
vn -0.4890 0.1566 -0.8581
vn -0.4689 0.1321 -0.8733
vn -0.4664 0.1454 -0.8725
vn -0.4654 0.1453 -0.8731
vn 0.0019 0.4968 -0.8679
vn 0.0018 0.4968 -0.8678
vn 0.0017 0.4968 -0.8679
vn 0.0018 0.4968 -0.8679
vn 0.1656 -0.1252 0.9782
vn 0.4169 -0.5152 0.7489
vn 0.6049 -0.2857 0.7433
vn 0.2658 0.1306 0.9552
vn -0.0577 -0.0694 0.9959
vn 0.4164 -0.2456 0.8754
vn 0.0040 -0.4724 -0.8814
vn 0.0039 -0.4721 -0.8815
vn 0.0038 -0.4719 -0.8816
vn -0.3706 -0.0570 0.9270
vn -0.3725 0.1549 0.9150
vn -0.7222 -0.1110 0.6827
vn -0.4370 0.2258 0.8707
vn -0.7358 0.3048 0.6048
vn -0.7964 0.0153 0.6046
vn -0.0031 -0.4754 -0.8798
vn 0.0039 -0.4746 -0.8802
vn -0.0032 -0.4752 -0.8799
vn 0.5415 -0.0024 -0.8407
vn 0.5423 -0.0009 -0.8402
vn 0.5394 0.0001 -0.8420
vn 0.5406 -0.0000 -0.8413
vn 0.5407 -0.0003 -0.8412
vn 0.5376 0.0008 -0.8432
vn -0.0047 -0.4783 -0.8782
vn -0.0050 -0.4786 -0.8780
vn -0.0044 -0.4774 -0.8787
vn -0.0076 -0.4822 -0.8760
vn -0.0057 -0.4785 -0.8781
vn -0.3973 -0.2625 -0.8793
vn -0.3965 -0.2637 -0.8793
vn -0.3960 -0.2532 -0.8827
vn -0.3945 -0.2503 -0.8841
vn -0.3971 -0.2592 -0.8804
vn -0.3944 -0.2503 -0.8842
vn 0.6366 0.0006 -0.7712
vn 0.6364 0.0005 -0.7714
vn 0.6367 0.0010 -0.7711
vn 0.6379 -0.0000 -0.7701
vn 0.6379 0.0001 -0.7701
vn -0.3832 0.2694 -0.8835
vn -0.4040 0.2865 -0.8688
vn -0.4126 0.2737 -0.8688
vn -0.3845 0.2437 -0.8904
vn -0.3739 0.2527 -0.8924
vn -0.4036 0.2568 -0.8782
vn -0.3115 -0.4204 -0.8522
vn -0.3138 -0.4273 -0.8479
vn -0.3047 -0.4229 -0.8534
vn 0.5636 -0.0001 -0.8261
vn 0.5636 -0.0000 -0.8260
vn 0.5638 -0.0000 -0.8259
vn -0.3797 -0.1512 -0.9127
vn -0.3753 -0.1618 -0.9127
vn -0.3356 -0.1239 -0.9338
vn -0.3485 -0.1316 -0.9280
vn -0.3021 -0.1061 -0.9474
vn -0.2925 -0.0976 -0.9513
vn -0.0025 -0.2638 -0.9646
vn -0.0030 -0.2652 -0.9642
vn -0.0018 -0.2635 -0.9647
vn -0.0019 -0.2638 -0.9646
vn 0.4445 -0.0148 -0.8956
vn 0.3888 -0.0223 -0.9211
vn 0.4482 -0.0152 -0.8938
vn 0.2954 -0.0146 -0.9553
vn 0.3576 -0.0074 -0.9339
vn 0.3559 0.0026 -0.9345
vn 0.3942 0.1473 0.9072
vn -0.0093 0.2657 0.9640
vn -0.0085 -0.0881 0.9961
vn 0.6376 0.2777 0.7186
vn 0.2402 0.0653 0.9685
vn 0.6983 -0.0113 0.7157
vn 0.0122 0.4343 -0.9007
vn 0.0120 0.4335 -0.9011
vn 0.0112 0.4335 -0.9011
vn 0.0009 0.0008 -1.0000
vn 0.0005 0.0003 -1.0000
vn 0.0014 0.0014 -1.0000
vn -0.0015 -0.0017 -1.0000
vn -0.0015 -0.0020 -1.0000
vn -0.0011 -0.0008 -1.0000
vn 0.0033 0.0010 -1.0000
vn 0.0029 0.0011 -1.0000
vn 0.0020 0.0010 -1.0000
vn 0.0008 0.5208 -0.8537
vn 0.0033 0.4967 -0.8679
vn 0.0047 0.4947 -0.8691
vn 0.0020 0.4982 -0.8671
vn -0.0160 0.4955 -0.8685
vn -0.0034 0.5005 -0.8657
vn -0.6327 0.0110 0.7743
vn -0.7041 -0.3135 0.6371
vn -0.5683 -0.2871 0.7711
vn 0.2426 -0.2088 -0.9474
vn 0.2322 -0.2021 -0.9514
vn 0.2425 -0.2090 -0.9474
vn 0.5547 -0.4557 -0.6962
vn 0.5622 -0.4140 -0.7159
vn 0.5510 -0.3988 -0.7331
vn 0.5760 -0.5781 -0.5780
vn 0.6519 -0.5015 -0.5688
vn 0.5567 -0.5374 -0.6335
vn 0.0160 0.0231 -0.9996
vn -0.0107 0.0537 -0.9985
vn -0.0801 0.0399 -0.9960
vn 0.7904 0.2053 0.5772
vn 0.4166 0.3601 0.8347
vn 0.4324 0.1242 0.8931
vn 0.1144 0.2281 -0.9669
vn 0.2255 0.1238 -0.9663
vn 0.2534 0.0573 -0.9657
vn 0.4982 -0.2250 -0.8373
vn 0.5219 -0.2204 -0.8241
vn 0.4575 -0.2453 -0.8547
vn 0.3283 -0.9418 -0.0729
vn 0.0888 -0.9863 0.1387
vn 0.0182 -0.9997 -0.0169
vn 0.1684 0.1901 -0.9672
vn 0.2051 0.1528 -0.9667
vn 0.2652 0.1095 -0.9579
vn -0.1173 0.5329 -0.8380
vn -0.1430 0.5505 -0.8225
vn -0.1346 0.5882 -0.7974
vn -0.1415 0.5114 -0.8476
vn -0.1704 0.5156 -0.8397
vn -0.1287 0.5134 -0.8485
vn 0.0960 0.5271 -0.8444
vn 0.0949 0.5384 -0.8373
vn 0.0945 0.5379 -0.8377
vn -0.0349 0.5995 0.7996
vn 0.3816 0.3602 0.8512
vn 0.2507 0.7175 0.6499
vn 0.1146 0.4706 -0.8749
vn 0.1155 0.4774 -0.8711
vn 0.1166 0.4783 -0.8704
vn 0.4665 -0.1485 -0.8720
vn 0.4667 -0.1498 -0.8716
vn 0.4669 -0.1491 -0.8717
vn 0.4664 -0.1492 -0.8719
vn 0.4665 -0.1496 -0.8718
vn 0.0762 -0.4392 -0.8951
vn 0.0761 -0.4436 -0.8930
vn 0.0860 -0.4264 -0.9004
vn 0.0162 -0.5613 -0.8274
vn 0.0158 -0.5549 -0.8317
vn 0.0822 -0.6003 -0.7955
vn 0.0989 -0.5490 -0.8300
vn 0.1265 -0.5720 -0.8104
vn 0.0990 -0.5544 -0.8263
vn -0.0495 -0.4111 -0.9102
vn -0.0488 -0.4105 -0.9105
vn 0.0409 -0.3809 -0.9237
vn 0.0603 -0.4346 0.8986
vn -0.1411 -0.3192 0.9371
vn -0.1846 -0.7361 0.6513
vn -0.0229 -0.4388 -0.8983
vn -0.0878 -0.4468 -0.8903
vn -0.0805 -0.4492 -0.8898
vn -0.0061 -0.4467 -0.8947
vn -0.0263 -0.4350 -0.9000
vn -0.0848 -0.4476 -0.8902
vn -0.3474 0.3566 -0.8672
vn -0.3108 0.3310 -0.8910
vn -0.3412 0.3611 -0.8679
vn -0.2101 0.2814 -0.9363
vn -0.2101 0.2732 -0.9387
vn -0.2149 0.3269 -0.9203
vn -0.4876 0.6052 0.6293
vn -0.2381 0.3975 0.8862
vn -0.0064 0.5847 0.8112
vn 0.2854 0.2387 0.9282
vn 0.2113 0.6209 0.7548
vn -0.2120 0.3251 0.9216
vn -0.3165 0.1708 -0.9331
vn -0.3033 0.1586 -0.9396
vn -0.2968 0.1478 -0.9434
vn -0.4010 0.2192 -0.8894
vn -0.4035 0.2279 -0.8861
vn -0.3767 0.2115 -0.9019
vn -0.5201 0.2565 -0.8147
vn -0.4471 0.2710 -0.8524
vn -0.4553 0.2745 -0.8470
vn -0.4155 0.1790 -0.8918
vn -0.4408 0.1885 -0.8776
vn -0.3839 0.1978 -0.9020
vn -0.2324 -0.0783 -0.9695
vn -0.1783 -0.1393 -0.9741
vn -0.4368 0.1897 -0.8793
vn 0.0114 -0.2614 -0.9652
vn -0.0628 -0.2481 -0.9667
vn -0.0859 -0.2200 -0.9717
vn 0.1801 -0.6482 -0.7399
vn 0.1800 -0.6511 -0.7373
vn 0.1730 -0.6602 -0.7309
vn 0.0071 -0.6316 -0.7752
vn 0.0657 -0.6189 -0.7827
vn 0.0584 -0.6190 -0.7832
vn 0.1225 -0.6537 -0.7468
vn 0.1400 -0.6737 -0.7256
vn 0.1572 -0.6744 -0.7215
vn -0.0664 -0.7591 -0.6476
vn -0.0170 -0.7382 -0.6744
vn -0.0416 -0.7438 -0.6671
vn -0.0431 -0.6266 -0.7782
vn -0.0493 -0.6285 -0.7762
vn -0.0034 -0.6342 -0.7731
vn 0.0256 0.1411 0.9897
vn 0.1764 0.5867 0.7904
vn -0.0574 0.6113 0.7894
vn 0.4121 -0.4017 0.8178
vn 0.6282 -0.5652 0.5348
vn 0.8025 -0.2613 0.5363
vn 0.4034 -0.4596 -0.7913
vn 0.3815 -0.4712 -0.7953
vn 0.3960 -0.4819 -0.7816
vn 0.3430 -0.3766 -0.8606
vn 0.3493 -0.3569 -0.8664
vn 0.3583 -0.3685 -0.8578
vn -0.0937 0.3025 -0.9485
vn -0.0908 0.3418 -0.9354
vn -0.0981 0.2968 -0.9499
vn 0.0910 0.5164 -0.8515
vn 0.1108 0.5220 -0.8457
vn -0.0260 0.5024 -0.8642
vn -0.0522 0.5229 -0.8508
vn -0.0635 0.5210 -0.8512
vn -0.0879 0.4912 -0.8666
vn 0.0278 0.4838 -0.8747
vn 0.0268 0.4884 -0.8722
vn 0.1067 0.4923 -0.8639
vn 0.1617 0.4775 -0.8636
vn 0.1320 0.4923 -0.8604
vn 0.1398 0.4779 -0.8672
vn -0.7042 0.3217 0.6329
vn -0.3950 0.1452 0.9072
vn -0.2675 0.3480 0.8985
vn 0.1617 0.4410 -0.8828
vn 0.1657 0.4520 -0.8765
vn 0.1373 0.4567 -0.8789
vn 0.0282 0.4966 -0.8675
vn 0.1039 0.4970 -0.8615
vn 0.0815 0.5009 -0.8616
vn -0.6325 0.1880 -0.7514
vn -0.6431 0.2177 -0.7342
vn -0.6561 0.2292 -0.7190
vn -0.4506 0.0959 -0.8876
vn -0.4427 0.0959 -0.8915
vn -0.4634 0.1438 -0.8744
vn 0.5629 -0.0602 0.8243
vn 0.5631 -0.0600 0.8242
vn 0.5655 -0.0574 0.8228
vn -0.5662 0.0838 0.8200
vn -0.5660 0.0843 0.8201
vn -0.5662 0.0837 0.8200
vn 0.3501 0.1214 0.9288
vn 0.2388 -0.0595 0.9692
vn 0.6795 -0.1043 0.7262
vn -0.5895 0.2460 0.7694
vn -0.6429 0.2772 0.7141
vn -0.5847 0.2487 0.7722
vn -0.5594 0.2316 0.7959
vn -0.5261 0.2383 0.8164
vn -0.4815 0.1978 0.8538
vn -0.5406 0.1742 0.8230
vn -0.5357 0.2000 0.8203
vn -0.5230 0.2091 0.8263
vn 0.6721 -0.3783 0.6365
vn 0.5997 -0.3029 0.7407
vn 0.5955 -0.2962 0.7467
vn 0.7065 -0.4225 0.5677
vn 0.7546 -0.4008 0.5195
vn 0.6866 -0.3884 0.6146
vn -0.5825 -0.0210 0.8126
vn -0.5836 -0.0262 0.8116
vn -0.5852 -0.0193 0.8107
vn 0.5943 -0.0439 0.8030
vn 0.5944 -0.0434 0.8030
vn 0.5944 -0.0435 0.8030
vn 0.5512 0.5127 0.6583
vn 0.7178 0.1728 0.6745
vn 0.6543 0.5624 0.5056
vn -0.2276 0.0960 0.9690
vn -0.4832 -0.3496 0.8027
vn -0.0501 -0.3616 0.9310
vn -0.9054 -0.2923 -0.3079
vn -0.8651 -0.3980 -0.3053
vn -0.8657 -0.3987 -0.3028
vn 0.6323 -0.0038 0.7747
vn 0.7038 -0.3120 0.6383
vn 0.7616 0.0695 0.6443
vn 0.8000 -0.2618 0.5399
vn 0.5229 -0.0244 0.8520
vn 0.4259 -0.2248 0.8764
vn -0.6600 -0.3531 0.6631
vn -0.5846 -0.0610 0.8091
vn -0.7229 0.0181 0.6908
vn 0.4988 0.0200 0.8665
vn 0.5085 -0.1900 0.8398
vn 0.8236 -0.1388 0.5499
vn -0.2242 0.7445 0.6289
vn -0.1381 0.3599 0.9227
vn 0.0574 0.4747 0.8783
vn -0.9524 0.2955 0.0746
vn -0.9431 0.3294 0.0456
vn -0.9533 0.2937 0.0712
vn -0.6782 0.6840 -0.2685
vn -0.7904 0.5526 -0.2643
vn -0.7892 0.5625 -0.2464
vn 0.2072 -0.7920 0.5743
vn 0.1560 -0.4131 0.8972
vn -0.0576 -0.5221 0.8510
vn -0.0336 0.7117 0.7017
vn -0.3019 0.6378 0.7085
vn -0.0751 0.2693 0.9601
vn 0.4632 0.2469 0.8512
vn 0.3488 -0.0088 0.9371
vn 0.6793 -0.1657 0.7149
vn 0.4276 0.0790 0.9005
vn 0.7013 -0.1616 0.6943
vn 0.5437 0.2879 0.7883
vn 0.0518 0.3969 0.9164
vn 0.1821 0.6134 0.7685
vn -0.2304 0.7218 0.6526
vn 1.0000 -0.0024 -0.0013
vn 1.0000 -0.0014 -0.0028
vn 1.0000 -0.0012 -0.0029
vn 0.9498 0.1206 0.2886
vn 0.8497 0.4213 0.3171
vn 0.6984 0.2499 0.6706
vn -0.2934 -0.6782 0.6737
vn -0.3863 -0.4909 0.7809
vn -0.6413 -0.5735 0.5098
vn -1.0000 -0.0000 0.0015
vn -1.0000 0.0001 0.0015
vn 0.2246 0.6581 0.7186
vn -0.0056 0.5681 0.8229
vn 0.3161 0.1849 0.9305
vn -0.0185 -0.9998 -0.0027
vn -0.0145 -0.9999 -0.0000
vn -0.0144 -0.9999 -0.0004
vn -0.0187 -0.9998 -0.0027
vn -0.0144 -0.9999 -0.0012
vn -0.0174 -0.9998 -0.0029
vn -0.5753 -0.3777 0.7255
vn -0.0853 -0.3493 0.9331
vn -0.5590 -0.1182 0.8207
vn 0.2818 0.5486 0.7872
vn 0.0462 0.4842 0.8737
vn 0.2739 0.0430 0.9608
vn -0.9439 -0.3304 0.0024
vn -0.9439 -0.3303 0.0026
vn -0.9440 -0.3300 0.0021
vn 0.5224 0.2508 0.8150
vn 0.4343 -0.0154 0.9006
vn 0.7511 -0.1138 0.6503
vn 0.0845 0.4409 0.8935
vn -0.1599 0.7539 0.6372
vn -0.1293 0.3360 0.9329
vn -0.0592 -0.6222 0.7807
vn 0.1809 -0.7698 0.6121
vn 0.3862 -0.4518 0.8042
vn 1.0000 -0.0000 0.0015
vn 0.6357 0.4036 0.6580
vn 0.5907 0.1068 0.7998
vn 0.7311 0.0393 0.6812
vn 1.0000 -0.0000 0.0029
vn 1.0000 -0.0001 0.0029
vn -0.4129 0.2195 0.8839
vn -0.7523 0.1969 0.6287
vn -0.4178 0.0091 0.9085
vn 0.6736 0.2546 0.6938
vn 0.2039 0.2864 0.9362
vn 0.3341 0.0743 0.9396
vn -0.7367 -0.0544 0.6740
vn -0.7631 -0.3643 0.5338
vn -0.4379 -0.4166 0.7967
vn -0.8101 0.5862 -0.0027
vn -0.8100 0.5864 -0.0028
vn -0.8098 0.5867 0.0014
vn -0.8099 0.5866 0.0021
vn 0.6971 -0.1145 0.7078
vn 0.4114 0.2539 0.8754
vn 0.3403 -0.0298 0.9398
vn 0.5135 -0.0631 0.8558
vn 0.5985 0.2013 0.7754
vn 0.1036 0.2230 0.9693
vn 0.0423 -0.1499 0.9878
vn 0.0993 -0.1458 0.9843
vn 0.0419 -0.0453 0.9981
vn 0.0372 -0.0144 0.9992
vn 0.0886 -0.1128 0.9897
vn -0.0012 -0.0065 1.0000
vn -0.0030 -0.1506 0.9886
vn -0.0033 -0.0457 0.9990
vn -0.0521 -0.1315 0.9899
vn -0.0447 -0.0963 0.9944
vn -0.0026 -0.0150 0.9999
vn 0.0322 0.0122 0.9994
vn 0.0437 0.0435 0.9981
vn -0.0280 0.2120 0.9769
vn -0.0428 0.0121 0.9990
vn -0.0054 0.0979 0.9952
vn -0.1217 0.2599 0.9579
vn -0.1684 0.0564 0.9841
vn -0.1246 0.2090 0.9700
vn -0.2783 0.0926 0.9560
vn -0.1339 0.0310 0.9905
vn -0.0242 -0.3187 0.9475
vn 0.1960 -0.0546 0.9791
vn -0.0527 -0.2622 0.9636
vn 0.3279 0.6529 0.6828
vn -0.0059 0.5425 0.8401
vn -0.0499 0.8524 0.5204
vn 0.0405 0.8523 0.5214
vn 0.0187 0.5427 0.8397
vn -0.3190 0.6430 0.6963
vn -0.1559 -0.1260 0.9797
vn 0.0711 -0.3772 0.9234
vn 0.0945 -0.3319 0.9386
vn -0.0733 -0.2200 0.9727
vn -0.0666 -0.2774 0.9585
vn 0.1741 -0.2706 0.9468
vn 0.0747 0.1707 0.9825
vn 0.0041 0.0061 1.0000
vn 0.0955 -0.0064 0.9954
vn 0.0434 0.0704 0.9966
vn 0.2019 0.0505 0.9781
vn 0.1584 0.2177 0.9631
vn 0.1705 0.1705 0.9705
vn 0.1835 0.0297 0.9826
vn 0.3129 0.0799 0.9464
vn -0.2297 -0.0019 0.9733
vn -0.0428 0.1322 0.9903
vn -0.2199 0.0980 0.9706
vn 1.0000 -0.0001 0.0015
vn -0.0589 0.1239 0.9905
vn -0.2992 0.0524 0.9528
vn 0.0177 0.1229 0.9923
vn -0.0274 -0.1080 0.9938
vn 0.0602 -0.0632 0.9962
vn 0.1006 0.1189 0.9878
vn -0.9522 0.3054 0.0002
vn -0.9527 0.3039 -0.0019
vn -0.9523 0.3051 0.0021
vn -0.0247 -0.0141 0.9996
vn 0.0276 0.1019 0.9944
vn 0.0318 0.1848 0.9823
vn 0.0093 0.1590 0.9872
vn -0.3046 0.0085 0.9524
vn -0.0514 0.0396 0.9979
vn -0.2800 0.0267 0.9596
vn -0.1065 0.0770 0.9913
vn -0.0338 0.0641 0.9974
vn 0.3404 -0.6486 0.6807
vn -0.2947 -0.6586 0.6924
vn -0.0334 -0.8510 0.5242
vn 0.3398 -0.6461 0.6835
vn -0.0233 -0.8526 0.5221
vn -0.0102 0.8894 0.4569
vn 0.4339 0.0017 0.9010
vn 0.4353 -0.0019 0.9003
vn 0.4253 0.0023 0.9050
vn -0.1036 0.1446 0.9840
vn -0.2774 0.3054 0.9109
vn -0.2094 0.1327 0.9688
vn 0.4787 0.0080 0.8780
vn 0.4699 0.0013 0.8827
vn 0.4702 0.0020 0.8825
vn -0.0000 0.0001 1.0000
vn -0.0313 -0.0267 0.9992
vn -0.0293 -0.0213 0.9993
vn -0.0318 -0.0257 0.9992
vn -0.0433 -0.0201 0.9989
vn -0.0495 -0.0174 0.9986
vn -0.0445 -0.0226 0.9988
vn -0.0272 -0.0301 0.9992
vn -0.0271 -0.0303 0.9992
vn -0.0322 -0.0250 0.9992
vn -0.0275 -0.0344 0.9990
vn -0.0273 -0.0343 0.9990
vn -0.0307 -0.0279 0.9991
vn -0.0278 -0.0290 0.9992
vn -0.0210 -0.0319 0.9993
vn -0.0266 -0.0275 0.9993
vn -0.1914 0.5806 0.7914
vn -0.2638 0.4399 0.8584
vn -0.1120 0.5051 0.8558
vn 0.0012 0.0001 1.0000
vn -0.0083 0.0019 1.0000
vn -0.0093 -0.0026 1.0000
vn -0.0046 0.0022 1.0000
vn -0.0010 -0.0001 1.0000
vn -0.0145 -0.0036 0.9999
vn -0.0091 0.0021 1.0000
vn -0.0137 0.0032 0.9999
vn -0.0050 -0.0097 0.9999
vn -0.0068 -0.0035 1.0000
vn -0.0093 0.0010 1.0000
vn -0.0002 -0.0007 1.0000
vn -0.0038 -0.0021 1.0000
vn 0.4128 0.4267 0.8047
vn 0.3741 0.1342 0.9176
vn 0.4463 0.3564 0.8209
vn 0.0007 0.4854 0.8743
vn -0.0034 0.4999 0.8661
vn 0.0033 0.5008 0.8656
vn 0.0084 0.4706 0.8823
vn 0.0047 0.4628 0.8865
vn 0.0068 0.4782 0.8782
vn 0.2867 -0.4476 0.8470
vn 0.2500 -0.4484 0.8582
vn 0.2450 -0.4584 0.8543
vn 0.1641 -0.4360 0.8848
vn 0.1467 -0.4411 0.8854
vn 0.1713 -0.4334 0.8848
vn 0.1872 -0.4812 0.8564
vn 0.1867 -0.4798 0.8573
vn 0.2068 -0.4800 0.8525
vn 0.0924 0.0331 0.9952
vn 0.0183 0.0546 0.9983
vn 0.3265 -0.0101 0.9452
vn 0.3367 -0.0440 0.9406
vn 0.0282 0.0990 0.9947
vn 0.0865 -0.0145 0.9961
vn 0.2410 0.0014 0.9705
vn 0.0769 0.0411 0.9962
vn 0.2601 -0.0871 0.9616
vn 0.3575 -0.3343 0.8720
vn 0.3233 -0.3874 0.8634
vn 0.3137 -0.3989 0.8617
vn 0.3972 -0.3221 0.8594
vn 0.3724 -0.3631 0.8541
vn 0.3963 -0.3215 0.8600
vn 0.4299 -0.2657 0.8629
vn 0.4051 -0.3102 0.8601
vn 0.4051 -0.3099 0.8601
vn 0.4504 -0.2055 0.8689
vn 0.4266 -0.2655 0.8646
vn 0.4472 -0.2123 0.8689
vn 0.0098 0.1376 0.9904
vn 0.0086 0.0695 0.9975
vn 0.0656 -0.0637 0.9958
vn 0.4764 -0.1497 0.8664
vn 0.4323 -0.1754 0.8845
vn 0.4777 -0.1559 0.8646
vn 0.5208 -0.1216 0.8450
vn 0.4736 -0.1517 0.8676
vn 0.4779 -0.1591 0.8639
vn 0.5250 -0.0049 0.8511
vn 0.5211 -0.0337 0.8528
vn 0.5242 -0.0331 0.8509
vn 0.0494 -0.1180 0.9918
vn -0.0945 0.1156 0.9888
vn -0.0523 -0.0706 0.9961
vn 0.4942 -0.0209 0.8691
vn 0.4972 -0.0132 0.8675
vn 0.4803 -0.0057 0.8771
vn 0.5364 0.0847 0.8397
vn 0.5174 0.0451 0.8545
vn 0.5216 0.0435 0.8521
vn 0.4839 0.1900 0.8542
vn 0.5087 0.1511 0.8476
vn 0.4843 0.1901 0.8540
vn -0.3313 -0.6538 0.6803
vn 0.0473 -0.8503 0.5242
vn 0.3225 -0.6649 0.6737
vn 0.4642 0.2471 0.8505
vn 0.4540 0.1918 0.8701
vn 0.4641 0.2477 0.8505
vn 0.0739 0.0069 0.9972
vn 0.1391 0.0616 0.9884
vn 0.3152 -0.0300 0.9486
vn 0.1206 0.0551 0.9912
vn 0.2527 0.1002 0.9623
vn 0.3031 -0.0191 0.9528
vn 0.3323 0.4024 0.8530
vn 0.3646 0.3391 0.8672
vn 0.3644 0.3408 0.8666
vn 0.4352 0.3163 0.8429
vn 0.4607 0.2467 0.8526
vn 0.4552 0.2467 0.8555
vn 0.3687 0.3436 0.8637
vn 0.3817 0.2805 0.8807
vn 0.3660 0.3422 0.8654
vn 0.1961 0.2492 0.9484
vn 0.2375 0.2790 0.9305
vn 0.3061 0.1160 0.9449
vn 0.3144 0.0766 0.9462
vn 0.2473 0.2367 0.9396
vn 0.2824 0.0040 0.9593
vn 0.2506 0.4259 0.8694
vn 0.3136 0.3778 0.8712
vn 0.3076 0.3822 0.8714
vn -0.0528 0.4692 0.8815
vn 0.1256 0.5518 0.8244
vn 0.0221 0.4729 0.8808
vn 0.3221 0.7473 0.5812
vn -0.2602 0.6174 0.7423
vn -0.1688 0.5489 0.8187
vn 0.2572 0.4223 0.8692
vn 0.3137 0.3781 0.8710
vn 0.2506 0.4257 0.8695
vn 0.1298 0.4594 0.8787
vn 0.1953 0.4486 0.8721
vn 0.1912 0.4413 0.8768
vn 0.0698 0.4719 0.8789
vn 0.1306 0.4700 0.8729
vn 0.0582 0.4615 0.8852
vn -0.2985 -0.0451 0.9533
vn -0.1701 -0.0527 0.9840
vn -0.0837 0.0159 0.9964
vn -0.2972 -0.0370 0.9541
vn -0.0855 0.0579 0.9947
vn -0.1690 0.0967 0.9809
vn -0.2000 0.1263 0.9716
vn -0.1147 0.0717 0.9908
vn 0.1104 0.1303 0.9853
vn -0.4688 0.0039 0.8833
vn -0.4690 0.0043 0.8832
vn -0.4761 0.0035 0.8794
vn -0.4937 0.0006 0.8697
vn -0.4936 -0.0003 0.8697
vn -0.4983 -0.0049 0.8670
vn -0.1883 0.1125 0.9756
vn 0.1158 0.0886 0.9893
vn -0.0275 0.1711 0.9849
vn -0.3625 -0.3294 0.8718
vn -0.3629 -0.3297 0.8715
vn -0.3636 -0.3329 0.8700
vn -0.3513 -0.3288 0.8766
vn -0.3593 -0.3275 0.8739
vn -0.3592 -0.3294 0.8732
vn -0.2809 0.4005 0.8722
vn -0.2780 0.3984 0.8741
vn -0.2867 0.4008 0.8701
vn -0.2807 0.3975 0.8736
vn -0.2867 0.3930 0.8737
vn -0.2887 0.3964 0.8715
vn -0.2731 0.0396 0.9612
vn -0.2400 0.1232 0.9629
vn -0.0970 0.0727 0.9926
vn -0.1985 -0.1098 0.9739
vn 0.1332 -0.6593 0.7400
vn 0.5320 0.0010 0.8467
vn -0.1100 -0.8357 0.5381
vn -0.0228 0.7817 0.6232
vn 0.1757 -0.2055 0.9628
vn -0.2537 0.2687 0.9292
vn 0.2303 0.3011 0.9254
vn 0.4213 0.0603 0.9049
vn 0.2889 0.4512 0.8444
vn 0.2278 0.5828 0.7800
vn 0.1490 0.5217 0.8400
vn 0.2865 0.6212 0.7294
vn -0.2897 0.7592 0.5829
vn 0.1927 0.5645 0.8026
vn -0.0785 0.5682 0.8192
vn 0.0812 0.4481 0.8903
vn 0.0190 0.4833 0.8752
vn 0.5821 -0.0023 0.8131
vn 0.6031 -0.0101 0.7976
vn 0.5856 -0.0097 0.8106
vn 0.6320 -0.0011 0.7749
vn 0.6216 -0.0080 0.7833
vn 0.6011 -0.0003 0.7992
vn -0.4797 0.1585 0.8630
vn -0.4865 0.1586 0.8592
vn -0.4851 0.1378 0.8635
vn -0.2875 0.0413 0.9569
vn -0.2548 -0.0402 0.9662
vn -0.2165 0.2054 0.9544
vn -0.5342 0.1668 0.8288
vn -0.5286 0.1822 0.8291
vn -0.5273 0.1665 0.8332
vn 0.4895 0.0001 0.8720
vn 0.4896 0.0001 0.8719
vn 0.4896 -0.0000 0.8720
vn 0.4911 -0.0000 0.8711
vn 0.4926 0.0005 0.8703
vn 0.4924 0.0002 0.8704
vn 0.0038 0.4812 0.8766
vn 0.0037 0.4805 0.8770
vn 0.0034 0.4795 0.8775
vn -0.4347 0.2059 0.8767
vn -0.5069 -0.0028 0.8620
vn -0.5075 -0.0031 0.8617
vn -0.3081 0.4111 0.8579
vn -0.1104 0.3701 0.9224
vn -0.3120 0.4165 0.8539
vn -0.3210 0.3836 0.8659
vn -0.3258 0.3800 0.8657
vn -0.3094 0.3884 0.8680
vn -0.4478 0.3709 0.8136
vn -0.3893 0.1306 0.9118
vn -0.4118 0.4805 0.7743
vn -0.5187 -0.0012 0.8550
vn -0.5167 -0.0022 0.8562
vn -0.5188 -0.0010 0.8549
vn 0.3576 -0.3738 0.8558
vn 0.3591 -0.3788 0.8530
vn 0.3494 -0.3693 0.8611
vn 0.3425 -0.3665 0.8651
vn 0.3377 -0.3646 0.8678
vn 0.3358 -0.3570 0.8717
vn -0.0098 0.0316 0.9995
vn -0.0078 0.0231 0.9997
vn -0.0166 0.0282 0.9995
vn -0.0212 0.0409 0.9989
vn -0.0181 0.0476 0.9987
vn -0.0222 0.0415 0.9989
vn -0.1028 0.0119 0.9946
vn -0.0863 0.0222 0.9960
vn -0.1011 0.0326 0.9943
vn -0.0307 -0.0285 0.9991
vn -0.0272 -0.0350 0.9990
vn -0.0272 -0.0269 0.9993
vn -0.0245 -0.0254 0.9994
vn -0.0320 -0.0168 0.9993
vn -0.0282 -0.0283 0.9992
vn -0.0303 -0.0043 0.9995
vn -0.0308 -0.0111 0.9995
vn -0.0194 -0.0144 0.9997
vn 0.3104 -0.0219 0.9503
vn 0.0985 0.0465 0.9940
vn 0.1773 -0.0431 0.9832
vn -0.0013 0.0108 0.9999
vn -0.0168 0.0005 0.9999
vn -0.0029 -0.0046 1.0000
vn 0.3012 0.1605 0.9400
vn 0.0297 0.2161 0.9759
vn 0.1967 0.1590 0.9675
vn -0.0271 0.0315 0.9991
vn -0.0339 0.0280 0.9990
vn -0.0224 0.0301 0.9993
vn -0.0558 0.0782 0.9954
vn 0.2279 0.1145 0.9669
vn 0.0767 0.1551 0.9849
vn -0.0138 0.0263 0.9996
vn -0.0162 0.0350 0.9993
vn -0.0079 0.0296 0.9995
vn -0.0057 0.0105 0.9999
vn -0.0050 0.0147 0.9999
vn -0.0007 0.0120 0.9999
vn -0.0035 0.0154 0.9999
vn -0.0034 0.0197 0.9998
vn 0.0386 -0.8905 0.4533
vn 0.0372 -0.9809 0.1909
vn 0.0423 -0.9684 0.2458
vn -0.0017 0.0019 1.0000
vn -0.0051 0.0039 1.0000
vn 0.0439 -0.9819 0.1840
vn 0.0381 -0.9990 0.0233
vn 0.0423 -0.9699 0.2396
vn 0.0314 -0.9436 0.3297
vn 0.0232 -0.9928 0.1177
vn 0.0232 -0.9928 0.1178
vn -0.0000 -0.0000 1.0000
vn 0.8437 0.5097 0.1683
vn 0.7535 0.4655 0.4643
vn 0.8379 0.5164 0.1769
vn -0.0001 0.0007 1.0000
vn -0.0292 -0.8792 0.4756
vn -0.0338 -0.9672 0.2518
vn -0.0278 -0.9775 0.2093
vn -0.0367 -0.9339 0.3557
vn -0.0332 -0.9882 0.1496
vn -0.0354 -0.9486 0.3145
vn -0.0245 -0.9783 0.2058
vn -0.0151 -0.9992 0.0371
vn 0.0002 -0.0000 1.0000
vn -0.8457 0.5065 0.1683
vn -0.8398 0.5132 0.1769
vn -0.7550 0.4591 0.4681
vn -0.0018 0.0038 1.0000
vn 0.1852 0.0226 0.9824
vn 0.1068 -0.0604 0.9924
vn 0.1465 0.0142 0.9891
vn -0.0637 0.0795 0.9948
vn -0.0662 0.0633 0.9958
vn -0.0349 0.0129 0.9993
vn 0.0344 0.0824 0.9960
vn 0.0034 -0.0037 1.0000
vn 0.0535 0.0131 0.9985
vn -0.0000 0.9996 -0.0294
vn 0.0001 0.9996 -0.0294
vn 0.0575 -0.0642 0.9963
vn 0.0438 -0.0700 0.9966
vn 0.0438 -0.0652 0.9969
vn 0.1141 -0.0493 0.9923
vn 0.1013 -0.0574 0.9932
vn 0.1078 0.0285 0.9938
vn 0.0080 -0.1017 0.9948
vn 0.0180 -0.0465 0.9988
vn 0.0123 -0.0078 0.9999
vn -0.0056 0.0402 0.9992
vn 0.0154 -0.0518 0.9985
vn 0.0120 0.0645 0.9978
vn 0.0126 0.0513 0.9986
vn 0.0190 -0.0518 0.9985
vn 0.0222 -0.0014 0.9998
vn 0.1032 0.0798 0.9915
vn 0.0704 0.0155 0.9974
vn 0.1049 0.0611 0.9926
vn -0.0084 0.0146 0.9999
vn 0.0319 0.0015 0.9995
vn 0.0139 0.0778 0.9969
vn 0.0024 0.9999 0.0138
vn 0.0018 0.9999 0.0156
vn -0.0042 0.9999 0.0134
vn -0.2537 -0.9635 0.0854
vn -0.6623 0.0374 0.7483
vn -0.7078 -0.0206 0.7061
vn -0.4886 0.0369 0.8717
vn -0.8950 -0.0012 0.4462
vn -0.5447 -0.0409 0.8377
vn -0.0264 -0.0579 0.9980
vn -0.0330 -0.0655 0.9973
vn -0.0061 -0.0472 0.9989
vn -0.4046 0.4912 0.7714
vn -0.4258 0.4442 0.7883
vn -0.4335 0.5128 0.7410
vn -0.1173 0.0294 0.9927
vn -0.1098 -0.0613 0.9921
vn -0.0732 -0.0294 0.9969
vn -0.1300 0.0009 0.9915
vn -0.0992 -0.0774 0.9921
vn -0.1364 0.0232 0.9904
vn -0.9876 0.0499 -0.1488
vn -0.9660 -0.2130 0.1468
vn -0.9684 0.0338 -0.2473
vn -0.4285 -0.0270 0.9031
vn -0.4853 0.1365 0.8636
vn -0.8014 -0.0300 0.5974
vn -0.2756 -0.1633 0.9473
vn -0.1140 -0.2309 0.9663
vn -0.0772 0.0273 0.9966
vn 0.2053 0.0936 0.9742
vn 0.1180 -0.0058 0.9930
vn 0.2271 -0.0033 0.9739
vn 0.0923 -0.0023 0.9957
vn -0.0160 -0.0025 0.9999
vn 0.0749 -0.0018 0.9972
vn -0.7817 -0.2893 0.5524
vn -0.7981 -0.2254 0.5587
vn -0.8026 -0.2180 0.5553
vn -0.9008 -0.0239 0.4335
vn -0.8975 -0.0084 0.4409
vn -0.9003 -0.0226 0.4347
vn -0.7833 -0.0295 0.6209
vn -0.7755 -0.0106 0.6312
vn -0.7755 -0.0107 0.6312
vn -0.4195 0.0085 0.9077
vn -0.4295 -0.0257 0.9027
vn -0.4006 0.1074 0.9100
vn -0.0687 -0.0040 0.9976
vn 0.0229 -0.0039 0.9997
vn 0.0099 -0.0068 0.9999
vn 0.0881 0.0217 0.9959
vn 0.1302 -0.0441 0.9905
vn 0.3085 -0.1409 0.9407
vn 0.7048 -0.3081 0.6390
vn 0.7205 -0.1648 0.6736
vn 0.7180 -0.1824 0.6717
vn 0.8229 -0.0185 0.5678
vn 0.8184 -0.0098 0.5746
vn 0.8236 -0.0208 0.5668
vn 0.7831 -0.0231 0.6215
vn 0.7751 -0.0082 0.6317
vn 0.7751 -0.0081 0.6317
vn -0.2318 -0.3388 0.9119
vn -0.2063 -0.2478 0.9466
vn -0.2310 -0.3582 0.9046
vn -0.0574 -0.1338 -0.9893
vn -0.0264 -0.0914 -0.9955
vn 0.0940 0.0581 -0.9939
vn -0.2763 -0.1616 -0.9474
vn -0.0781 0.0273 -0.9966
vn -0.1137 -0.2306 -0.9664
vn 0.2135 0.0943 -0.9724
vn 0.2282 -0.0034 -0.9736
vn 0.1198 -0.0059 -0.9928
vn 0.0929 -0.0023 -0.9957
vn 0.0754 -0.0018 -0.9971
vn -0.0161 -0.0018 -0.9999
vn 0.0226 -0.0599 -0.9979
vn -0.0403 -0.0803 -0.9960
vn 0.2407 -0.2351 -0.9417
vn -0.4180 0.0061 -0.9084
vn -0.4011 0.1065 -0.9098
vn -0.4290 -0.0257 -0.9030
vn -0.0680 -0.0040 -0.9977
vn 0.0101 -0.0069 -0.9999
vn 0.0231 -0.0039 -0.9997
vn 0.0890 0.0217 -0.9958
vn 0.3081 -0.1405 -0.9409
vn 0.1319 -0.0442 -0.9903
vn -0.2267 -0.3383 -0.9133
vn -0.2277 -0.3576 -0.9057
vn -0.2009 -0.2476 -0.9478
vn -0.2144 0.5552 0.8036
vn -0.1482 0.3702 0.9171
vn 0.1887 0.6216 0.7602
vn 0.6221 0.0858 0.7783
vn 0.6172 -0.0360 0.7860
vn 0.8363 0.0812 0.5422
vn 0.7998 0.3281 0.5027
vn 0.8961 0.0934 0.4338
vn 0.8814 0.4448 0.1588
vn 0.5917 -0.1064 0.7991
vn 0.8441 -0.0456 0.5342
vn 0.8106 0.1125 0.5747
vn -0.6487 0.0374 0.7601
vn -0.8574 0.0315 0.5136
vn -0.6432 -0.0844 0.7610
vn 0.9784 -0.1459 -0.1464
vn 0.9560 -0.2074 -0.2076
vn 0.9784 -0.1475 -0.1447
vn -0.5921 -0.1071 0.7987
vn -0.8108 0.1100 0.5750
vn -0.8441 -0.0473 0.5341
vn -0.8017 0.3287 0.4992
vn -0.8821 0.4448 0.1551
vn -0.8977 0.0938 0.4305
vn 0.8830 0.4442 -0.1514
vn 0.8986 0.0903 -0.4294
vn 0.8066 0.3187 -0.4978
vn 0.8437 -0.0537 -0.5341
vn 0.5917 -0.1140 -0.7981
vn 0.8128 0.0974 -0.5743
vn 0.8310 0.0814 -0.5502
vn 0.6080 -0.0270 -0.7935
vn 0.6137 0.0829 -0.7852
vn -0.1460 0.3664 -0.9189
vn -0.2079 0.5412 -0.8148
vn 0.1960 0.6083 -0.7691
vn -0.8082 0.3155 -0.4973
vn -0.8971 0.0931 -0.4320
vn -0.8830 0.4442 -0.1519
vn -0.6503 0.0179 -0.7595
vn -0.6414 -0.0886 -0.7621
vn -0.8589 0.0169 -0.5119
vn -0.5922 -0.1098 -0.7983
vn -0.8428 -0.0496 -0.5360
vn -0.8136 0.0946 -0.5737
vn 0.0075 0.9965 -0.0836
vn 0.2142 0.9676 -0.1335
vn 0.2111 0.9425 -0.2590
vn 0.9571 0.0797 0.2786
vn 0.9555 0.0760 0.2851
vn 0.9564 0.0271 0.2908
vn 0.5459 0.5777 -0.6068
vn 0.3497 0.9271 -0.1350
vn 0.4988 0.6391 -0.5855
vn 0.0007 0.9972 -0.0743
vn 0.0011 0.9972 -0.0743
vn 0.0011 0.9972 -0.0742
vn -0.0632 0.9951 0.0758
vn -0.0633 0.9951 0.0758
vn -0.2574 0.9662 -0.0141
vn -0.0771 0.9935 -0.0834
vn -0.2296 0.9269 -0.2968
vn -0.2448 0.9461 -0.2121
vn -0.4188 0.9074 0.0346
vn 0.1308 0.9897 -0.0578
vn -0.4186 0.9036 -0.0909
vn 0.1172 0.9889 0.0910
vn -0.4094 0.9081 -0.0876
vn 0.0398 0.9843 0.1719
vn -0.2379 0.9251 0.2960
vn -0.0804 0.9928 0.0888
vn -0.2480 0.9454 0.2116
vn -0.2602 0.9655 0.0097
vn -0.0671 0.9948 -0.0761
vn -0.0674 0.9948 -0.0763
vn -0.0004 0.9969 0.0787
vn -0.0008 0.9969 0.0786
vn -0.0009 0.9969 0.0784
vn 0.0823 0.9831 0.1637
vn 0.0837 0.9827 0.1652
vn 0.1696 0.9221 0.3479
vn 0.0787 0.9929 0.0893
vn 0.2351 0.9256 0.2965
vn 0.2414 0.9468 0.2129
vn 0.8764 0.4067 -0.2581
vn 0.8758 0.4084 -0.2572
vn 0.9176 0.3050 -0.2550
vn 0.8420 0.3709 -0.3917
vn 0.8960 0.3056 -0.3220
vn 0.8961 0.3050 -0.3226
vn 0.4622 0.8496 -0.2540
vn 0.4614 0.8516 -0.2490
vn 0.3504 0.8860 -0.3038
vn -0.0000 1.0000 0.0026
vn -0.0010 1.0000 0.0027
vn -0.0007 1.0000 0.0029
vn -0.0004 1.0000 0.0029
vn -0.0002 1.0000 0.0029
vn -0.0003 1.0000 0.0029
vn -0.0000 1.0000 0.0022
vn 0.0007 1.0000 0.0021
vn 0.0004 1.0000 0.0022
vn 0.0002 1.0000 0.0022
vn -0.0000 1.0000 0.0019
vn 0.0003 1.0000 0.0021
vn -0.0003 0.0008 1.0000
vn -0.0006 0.0004 1.0000
vn 0.0055 1.0000 0.0013
vn 0.0067 1.0000 -0.0004
vn 0.0053 1.0000 0.0014
vn 0.0007 0.0004 1.0000
vn 0.0109 0.9973 0.0724
vn 0.0117 0.9973 0.0721
vn 0.0104 0.9973 0.0724
vn -0.0000 -0.0000 -1.0000
vn 0.2492 -0.9413 0.2279
vn 0.2578 -0.9661 0.0093
vn 0.2987 -0.9218 0.2470
vn 0.6239 0.6710 0.4006
vn 0.6231 0.6731 0.3983
vn 0.5103 0.7148 0.4782
vn 0.3281 -0.9079 -0.2610
vn 0.3111 -0.9503 -0.0158
vn 0.2580 -0.9390 -0.2273
vn 0.9649 0.0252 0.2614
vn 0.9635 0.0870 0.2531
vn 0.9631 0.0865 0.2547
vn -0.2488 -0.9414 0.2279
vn -0.2950 -0.9231 0.2467
vn -0.2575 -0.9662 0.0093
vn -0.3315 -0.9068 -0.2604
vn -0.2577 -0.9393 -0.2266
vn -0.3108 -0.9504 -0.0151
vn -0.4021 0.1189 0.9079
vn -0.4022 0.1189 0.9078
vn -0.4020 0.1188 0.9079
vn -0.3449 -0.0829 0.9350
vn -0.3447 -0.0828 0.9350
vn -0.3448 -0.0828 0.9350
vn 0.3741 -0.1610 0.9133
vn 0.3740 -0.1610 0.9133
vn -0.3579 -0.0973 0.9287
vn 0.3794 -0.1478 0.9134
vn 0.3793 -0.1477 0.9134
vn 0.3793 -0.1476 0.9134
vn 0.0016 0.0413 0.9991
vn 0.0076 0.0396 0.9992
vn -0.0975 0.1334 0.9863
vn 0.0122 0.1831 0.9830
vn 0.0773 0.2300 0.9701
vn 0.0774 0.2301 0.9701
vn 0.0503 0.3155 0.9476
vn -0.0955 0.3044 0.9477
vn -0.1047 0.3157 0.9431
vn -0.1228 0.3787 0.9173
vn -0.2491 0.4514 0.8569
vn -0.3702 0.4445 0.8157
vn -0.2060 0.3112 0.9278
vn -0.1845 0.3492 0.9187
vn -0.1519 0.1688 0.9739
vn -0.2115 0.1446 0.9666
vn -0.2155 0.0411 0.9756
vn -0.2113 0.0137 0.9773
vn -0.2016 0.2799 0.9386
vn -0.2612 0.1729 0.9497
vn -0.2048 0.2703 0.9408
vn 0.3495 -0.1846 0.9186
vn 0.2394 -0.1360 0.9614
vn 0.1819 -0.0900 0.9792
vn -0.0554 0.0045 0.9985
vn 0.0046 0.0719 0.9974
vn -0.0664 -0.0141 0.9977
vn -0.0926 0.2452 0.9650
vn -0.0780 0.2456 0.9662
vn -0.0829 0.2408 0.9670
vn -0.1025 0.1158 0.9880
vn -0.0661 0.1364 0.9884
vn -0.1716 0.1284 0.9768
vn -0.1657 0.2270 0.9597
vn -0.0827 0.3623 0.9284
vn -0.1352 0.3172 0.9387
vn 0.1318 0.1493 0.9800
vn 0.1577 0.1039 0.9820
vn 0.0710 0.1153 0.9908
vn 0.0754 0.1490 0.9860
vn -0.1591 0.2029 0.9662
vn -0.0243 0.1521 0.9881
vn -0.0838 0.0476 0.9953
vn -0.0840 0.0475 0.9953
vn -0.0733 0.0372 0.9966
vn -0.0702 0.0356 0.9969
vn -0.0575 0.0168 0.9982
vn -0.0564 0.0407 0.9976
vn -0.0554 0.0394 0.9977
vn -0.0675 0.0373 0.9970
vn -0.0579 0.0430 0.9974
vn -0.0504 0.0292 0.9983
vn -0.0525 0.0227 0.9984
vn -0.0461 0.0175 0.9988
vn -0.0213 0.0054 0.9998
vn 0.0323 0.0028 0.9995
vn 0.0345 0.0135 0.9993
vn -0.0703 -0.0100 0.9975
vn -0.0762 -0.0058 0.9971
vn -0.1155 0.0403 0.9925
vn -0.0249 -0.0151 0.9996
vn 0.0282 -0.0151 0.9995
vn 0.0330 -0.0192 0.9993
vn 0.3538 -0.2970 0.8869
vn 0.3066 -0.2958 0.9047
vn 0.2674 -0.3181 0.9095
vn 0.0488 -0.2865 0.9568
vn 0.0792 -0.2279 0.9705
vn 0.1155 -0.2435 0.9630
vn 0.0056 -0.2102 0.9776
vn 0.0110 -0.2620 0.9650
vn -0.0334 -0.2224 0.9744
vn -0.0363 0.0268 0.9990
vn -0.0862 0.0342 0.9957
vn -0.0814 0.0352 0.9961
vn -0.1170 0.0383 0.9924
vn -0.1425 0.0558 0.9882
vn -0.1123 0.0391 0.9929
vn 0.0063 -0.0426 0.9991
vn 0.0185 -0.0835 0.9963
vn 0.0840 -0.1384 0.9868
vn -0.0533 -0.1960 0.9792
vn -0.1184 -0.2270 0.9667
vn -0.1015 -0.2019 0.9741
vn 0.0556 -0.3490 0.9355
vn 0.0626 -0.2913 0.9546
vn 0.0918 -0.2049 0.9745
vn -0.0632 0.0105 0.9979
vn -0.1137 -0.0298 0.9931
vn -0.0954 -0.0152 0.9953
vn -0.1388 -0.0758 0.9874
vn -0.1079 -0.0611 0.9923
vn -0.1187 -0.0690 0.9905
vn -0.1324 -0.0987 0.9863
vn -0.1326 -0.0996 0.9862
vn -0.1292 -0.2071 0.9698
vn 0.5237 -0.0010 0.8519
vn 0.5241 -0.0002 0.8516
vn 0.5225 -0.0009 0.8526
vn 0.0278 -0.1441 0.9892
vn 0.1177 -0.1939 0.9739
vn 0.0582 -0.1796 0.9820
vn 0.5241 0.0001 0.8516
vn 0.5241 0.0002 0.8516
vn 0.5242 -0.0001 0.8516
vn 0.0502 0.0065 0.9987
vn -0.0177 0.0739 0.9971
vn 0.1252 -0.0350 0.9915
vn 0.1427 0.0394 0.9890
vn 0.0472 -0.0686 0.9965
vn -0.0484 -0.0900 0.9948
vn -0.2043 -0.1649 0.9649
vn -0.2091 -0.1590 0.9649
vn -0.2150 -0.1782 0.9602
vn -0.4676 0.1451 0.8719
vn -0.4722 0.1324 0.8715
vn -0.4668 0.1453 0.8723
vn -0.4902 0.1568 0.8574
vn -0.4908 0.1468 0.8588
vn -0.4919 0.1510 0.8574
vn -0.0018 0.4973 0.8676
vn 0.5021 0.2808 0.8180
vn 0.5022 0.2807 0.8179
vn 0.5021 0.2810 0.8179
vn -0.0019 0.4972 0.8676
vn -0.0018 0.4972 0.8676
vn -0.0019 0.4973 0.8676
vn -0.0011 -0.4888 0.8724
vn 0.0033 -0.4959 0.8684
vn -0.0003 -0.4882 0.8727
vn -0.4281 -0.2182 0.8770
vn -0.4279 -0.2186 0.8770
vn -0.4325 -0.2182 0.8748
vn -0.4133 -0.0066 0.9106
vn -0.4132 -0.0041 0.9107
vn -0.4051 -0.0084 0.9142
vn -0.2924 0.2876 0.9120
vn -0.2975 0.2819 0.9122
vn -0.2973 0.2821 0.9122
vn -0.2379 0.2055 0.9493
vn -0.2548 0.2181 0.9421
vn -0.2553 0.2127 0.9432
vn -0.4123 -0.0081 0.9110
vn -0.4041 -0.0084 0.9147
vn -0.4043 -0.0079 0.9146
vn -0.3488 -0.1605 0.9234
vn -0.2905 -0.3030 0.9076
vn -0.3520 -0.1537 0.9233
vn -0.3579 -0.1548 0.9208
vn -0.2974 -0.3048 0.9048
vn -0.3025 -0.2995 0.9048
vn -0.0016 -0.4769 0.8790
vn -0.0020 -0.4767 0.8791
vn -0.0019 -0.4760 0.8794
vn -0.3724 0.0731 0.9252
vn -0.3718 0.0715 0.9255
vn -0.3721 0.0722 0.9254
vn 0.5390 -0.0000 0.8423
vn 0.5425 -0.0009 0.8400
vn 0.5419 -0.0020 0.8404
vn 0.5416 -0.0005 0.8407
vn 0.5413 -0.0005 0.8408
vn 0.5383 0.0008 0.8427
vn 0.0255 -0.0618 0.9978
vn 0.0209 -0.0618 0.9979
vn -0.0080 -0.4777 0.8785
vn -0.0092 -0.4779 0.8783
vn -0.0095 -0.4780 0.8783
vn 0.0131 -0.0009 0.9999
vn 0.0087 -0.0024 1.0000
vn 0.0088 -0.0024 1.0000
vn 0.0045 0.0011 1.0000
vn 0.0002 0.0011 1.0000
vn 0.0003 0.0011 1.0000
vn 0.0006 -0.0012 1.0000
vn 0.0006 -0.0007 1.0000
vn -0.0000 -0.0003 1.0000
vn -0.0001 -0.0001 1.0000
vn 0.0001 0.0001 1.0000
vn -0.0094 -0.4791 0.8777
vn -0.0095 -0.4791 0.8777
vn 0.0030 -0.0010 1.0000
vn 0.0071 -0.0001 1.0000
vn 0.0029 -0.0010 1.0000
vn 0.0226 0.0050 0.9997
vn 0.0243 0.0057 0.9997
vn 0.0262 0.0019 0.9997
vn -0.4012 -0.2604 0.8782
vn -0.4117 -0.2660 0.8716
vn -0.3988 -0.2603 0.8793
vn 0.0228 -0.0000 0.9997
vn 0.0390 -0.0055 0.9992
vn 0.0177 -0.0048 0.9998
vn 0.0190 -0.0781 0.9968
vn 0.0038 -0.1025 0.9947
vn 0.0267 -0.0643 0.9976
vn -0.3907 -0.2509 0.8857
vn -0.3903 -0.2505 0.8860
vn -0.3837 -0.2468 0.8899
vn 0.0060 0.0025 1.0000
vn 0.0059 0.0024 1.0000
vn 0.6352 -0.0023 0.7723
vn 0.6365 -0.0022 0.7713
vn 0.6355 -0.0024 0.7721
vn 0.6355 -0.0000 0.7721
vn 0.6356 -0.0001 0.7720
vn 0.6357 -0.0001 0.7720
vn -0.0161 -0.0242 0.9996
vn -0.0052 -0.0004 1.0000
vn 0.0198 -0.0525 0.9984
vn 0.0006 -0.0075 1.0000
vn 0.0275 -0.0502 0.9984
vn -0.3943 0.2665 0.8795
vn -0.3692 0.2552 0.8936
vn -0.3712 0.2459 0.8954
vn -0.4015 0.2835 0.8709
vn -0.4080 0.2882 0.8663
vn -0.3953 0.3017 0.8676
vn 0.0003 -0.5034 0.8641
vn 0.0006 -0.5034 0.8641
vn 0.0002 -0.5034 0.8640
vn -0.3161 -0.4266 0.8474
vn -0.3138 -0.4194 0.8518
vn -0.3074 -0.4222 0.8528
vn -0.3056 -0.4420 0.8433
vn -0.3135 -0.4375 0.8428
vn -0.3049 -0.4336 0.8479
vn 0.5644 -0.0000 0.8255
vn 0.5640 -0.0004 0.8258
vn 0.1295 -0.3851 0.9137
vn 0.1294 -0.3852 0.9137
vn 0.1295 -0.3846 0.9140
vn -0.3026 -0.1053 0.9473
vn -0.3495 -0.1310 0.9277
vn -0.2930 -0.0968 0.9512
vn -0.3759 -0.1609 0.9126
vn -0.3802 -0.1505 0.9126
vn -0.3356 -0.1227 0.9340
vn -0.0001 0.5425 0.8400
vn -0.0000 0.5425 0.8400
vn -0.0002 -0.2626 0.9649
vn -0.0005 -0.2624 0.9650
vn -0.0003 -0.2626 0.9649
vn -0.0004 -0.2633 0.9647
vn -0.0004 -0.2630 0.9648
vn -0.0008 -0.2618 0.9651
vn 0.3571 0.1264 0.9255
vn 0.3567 0.1265 0.9256
vn 0.3572 0.1265 0.9254
vn 0.4480 -0.0151 0.8939
vn 0.3883 -0.0222 0.9213
vn 0.4441 -0.0147 0.8959
vn 0.3576 -0.0074 0.9339
vn 0.2954 -0.0146 0.9553
vn 0.3559 0.0026 0.9345
vn 0.0162 0.4310 0.9022
vn 0.0159 0.4308 0.9023
vn 0.0161 0.4310 0.9022
vn 0.0129 0.4321 0.9017
vn 0.0128 0.4321 0.9017
vn 0.0129 0.4322 0.9017
vn 0.0001 -0.0000 1.0000
vn -0.0000 0.0006 1.0000
vn 0.0005 0.0012 1.0000
vn -0.0002 0.0002 1.0000
vn 0.0042 -0.0002 1.0000
vn -0.0001 -0.0000 1.0000
vn -0.0000 -0.0001 1.0000
vn 0.0044 -0.0001 1.0000
vn -0.0002 -0.0000 1.0000
vn 0.0001 0.4899 0.8718
vn -0.0000 0.4899 0.8718
vn -0.0000 0.4904 0.8715
vn 0.0197 0.4744 0.8801
vn 0.0082 0.4670 0.8842
vn 0.0192 0.4782 0.8780
vn 0.0217 0.4798 0.8771
vn 0.0002 0.4747 0.8801
vn 0.0188 0.4773 0.8786
vn -0.3817 0.1141 0.9172
vn -0.3815 0.1142 0.9173
vn -0.3817 0.1143 0.9172
vn -0.4427 -0.1173 0.8889
vn -0.4539 -0.0846 0.8870
vn -0.4559 -0.0773 0.8867
vn -0.4924 0.0019 0.8704
vn -0.4870 0.0118 0.8733
vn -0.4852 0.0117 0.8743
vn -0.5166 0.0374 0.8554
vn -0.5202 0.0412 0.8530
vn -0.5230 0.0530 0.8507
vn -0.5272 0.1079 0.8428
vn -0.5076 0.1245 0.8525
vn -0.5029 0.1258 0.8551
vn -0.4740 0.1434 0.8688
vn -0.4802 0.1481 0.8646
vn -0.4681 0.1811 0.8649
vn -0.4223 0.1714 0.8901
vn -0.4059 0.2154 0.8882
vn -0.3965 0.2161 0.8922
vn -0.4383 0.2897 0.8508
vn -0.4432 0.3627 0.8198
vn -0.4379 0.2900 0.8510
vn -0.1822 0.3908 0.9022
vn -0.3125 0.3768 0.8720
vn -0.2532 0.3970 0.8822
vn -0.2626 0.3558 0.8969
vn -0.3219 0.3393 0.8839
vn -0.3241 0.3425 0.8818
vn -0.4863 0.0862 0.8695
vn -0.4853 0.0859 0.8701
vn -0.4861 0.0703 0.8711
vn -0.6118 0.0307 0.7904
vn -0.6188 0.0223 0.7852
vn -0.6213 0.0175 0.7834
vn -0.5395 -0.1814 0.8222
vn -0.5374 -0.2270 0.8122
vn -0.5439 -0.2336 0.8060
vn -0.4467 -0.2267 0.8655
vn -0.4248 -0.2936 0.8564
vn -0.4136 -0.3242 0.8508
vn -0.3875 -0.3979 0.8316
vn -0.4010 -0.3806 0.8333
vn -0.2805 -0.4623 0.8412
vn -0.3703 -0.2931 0.8815
vn -0.3158 -0.3409 0.8855
vn -0.2494 -0.3756 0.8926
vn -0.2979 -0.3712 0.8795
vn -0.1383 -0.4385 0.8880
vn -0.2281 -0.3998 0.8878
vn 0.0194 -0.9997 0.0125
vn 0.0156 -0.9999 0.0055
vn 0.0208 -0.9997 0.0113
vn -0.5949 0.4422 0.6713
vn -0.5823 0.4443 0.6808
vn -0.5964 0.4451 0.6680
vn -0.5600 0.3731 0.7397
vn -0.5228 0.2793 0.8054
vn -0.5868 0.4170 0.6941
vn -0.3371 0.5186 0.7858
vn -0.3367 0.5185 0.7860
vn -0.3365 0.5181 0.7863
vn 0.0130 -0.9986 0.0517
vn 0.0203 -0.9984 0.0527
vn 0.0189 -0.9986 0.0498
vn 0.3102 -0.3464 0.8853
vn 0.4106 -0.3283 0.8507
vn 0.5042 -0.4384 0.7440
vn 0.5598 -0.1543 0.8141
vn 0.5011 -0.1906 0.8441
vn 0.4942 -0.1937 0.8475
vn 0.4180 -0.0899 0.9040
vn 0.5159 -0.2956 0.8040
vn 0.4020 -0.3469 0.8474
vn 0.3121 -0.4787 0.8206
vn 0.3145 -0.4806 0.8186
vn 0.3170 -0.4806 0.8176
vn 0.3472 -0.4623 0.8159
vn 0.3471 -0.4624 0.8159
vn -0.3412 0.4447 0.8281
vn -0.3434 0.4502 0.8243
vn -0.3428 0.4431 0.8283
vn -0.0042 -0.9997 0.0254
vn 0.0030 -0.9995 0.0325
vn -0.0052 -0.9996 0.0295
vn -0.0190 -0.0376 -0.9991
vn -0.0029 -0.0369 -0.9993
vn 0.0922 -0.0658 -0.9936
vn 0.1310 -0.2659 -0.9551
vn 0.0754 -0.3348 -0.9393
vn 0.1674 -0.3317 -0.9284
vn 0.1697 -0.2231 -0.9599
vn 0.1619 -0.0900 -0.9827
vn 0.1737 -0.1670 -0.9705
vn 0.1469 0.1183 -0.9821
vn -0.0026 -0.0413 -0.9991
vn 0.0201 -0.0407 -0.9990
vn -0.0659 -0.2330 -0.9702
vn -0.0815 -0.2183 -0.9725
vn -0.0618 -0.2274 -0.9718
vn -0.0963 -0.2177 -0.9712
vn -0.0388 -0.2130 -0.9763
vn -0.0658 -0.1564 -0.9855
vn 0.0258 -0.1152 -0.9930
vn -0.0675 -0.1071 -0.9920
vn -0.0073 -0.1226 -0.9924
vn -0.4081 -0.0093 -0.9129
vn -0.1292 -0.1572 -0.9791
vn -0.4047 -0.0790 -0.9110
vn -0.0564 -0.1977 -0.9786
vn -0.0323 -0.2476 -0.9683
vn -0.1785 -0.4811 -0.8583
vn 0.0027 -0.0488 -0.9988
vn -0.0576 -0.0650 -0.9962
vn -0.0390 -0.2067 -0.9776
vn -0.1896 -0.1060 -0.9761
vn -0.3360 0.1339 -0.9323
vn -0.2851 0.0951 -0.9538
vn 0.3656 -0.9307 -0.0119
vn 0.6869 -0.7264 -0.0231
vn 0.6884 -0.7250 -0.0225
vn -0.3707 0.4735 -0.7990
vn -0.2082 0.7306 -0.6502
vn 0.0606 0.8729 -0.4840
vn -0.2169 0.3034 -0.9279
vn -0.0318 0.0482 -0.9983
vn 0.0700 0.0603 -0.9957
vn 0.2235 0.0739 -0.9719
vn 0.0101 0.2685 -0.9632
vn 0.0060 0.1091 -0.9940
vn -0.2907 0.1698 -0.9416
vn -0.4503 0.2781 -0.8485
vn -0.2900 0.1554 -0.9443
vn -0.2380 0.2419 -0.9407
vn -0.2229 0.3262 -0.9186
vn -0.2281 0.3345 -0.9144
vn 0.0886 0.2163 -0.9723
vn 0.1109 0.1678 -0.9796
vn 0.1310 0.1594 -0.9785
vn -0.0521 0.2583 -0.9647
vn -0.0946 0.2784 -0.9558
vn -0.0959 0.3193 -0.9428
vn -0.3245 0.0733 -0.9430
vn -0.0052 0.1830 -0.9831
vn -0.0426 0.1915 -0.9806
vn 0.3007 -0.1501 -0.9418
vn 0.4526 -0.2827 -0.8457
vn 0.3310 -0.1711 -0.9280
vn 0.1260 0.0902 -0.9879
vn 0.3057 -0.0225 -0.9519
vn 0.2667 0.0920 -0.9594
vn -0.0830 -0.2875 -0.9542
vn -0.3238 -0.1018 -0.9406
vn -0.3871 -0.1323 -0.9125
vn 0.0223 -0.0568 -0.9981
vn 0.3302 -0.0107 -0.9439
vn 0.0327 -0.0146 -0.9994
vn -0.4737 0.0499 -0.8793
vn -0.4570 0.0664 -0.8870
vn -0.2148 -0.0815 -0.9733
vn 0.1083 -0.1710 -0.9793
vn -0.0117 -0.4861 -0.8738
vn -0.2882 -0.6144 -0.7345
vn 0.2141 -0.3189 -0.9233
vn 0.0781 -0.0631 -0.9949
vn -0.0020 -0.0211 -0.9998
vn 0.1091 -0.3824 -0.9175
vn 0.2819 -0.2797 -0.9178
vn -0.0294 -0.2231 -0.9744
vn 0.6318 -0.0742 -0.7716
vn 0.3808 0.0777 -0.9214
vn 0.5350 -0.2793 -0.7974
vn 0.0853 -0.0743 -0.9936
vn -0.0752 -0.1447 -0.9866
vn 0.3386 -0.1982 -0.9198
vn 0.0162 -0.2892 -0.9571
vn -0.4835 -0.0427 -0.8743
vn -0.0219 -0.4335 -0.9009
vn 0.0563 -0.0157 -0.9983
vn 0.0552 -0.0147 -0.9984
vn 0.0881 -0.0389 -0.9954
vn 0.0935 0.0670 -0.9934
vn 0.1246 0.0685 -0.9898
vn 0.1071 0.0704 -0.9918
vn -0.8644 0.5022 -0.0250
vn -0.8645 0.5020 -0.0245
vn -0.8606 0.5086 -0.0249
vn 0.1006 0.1394 -0.9851
vn 0.0157 0.1050 -0.9944
vn 0.0447 0.1146 -0.9924
vn -0.0844 0.0103 -0.9964
vn -0.0954 0.0065 -0.9954
vn -0.0367 0.0210 -0.9991
vn -0.0295 0.1464 -0.9888
vn -0.0417 0.1715 -0.9843
vn -0.0875 0.1272 -0.9880
vn -0.0529 0.0584 -0.9969
vn -0.1271 -0.0487 -0.9907
vn -0.0222 0.0170 -0.9996
vn -0.0666 -0.3124 -0.9476
vn -0.0718 -0.3157 -0.9461
vn -0.0841 -0.3178 -0.9444
vn 0.3917 0.2198 -0.8935
vn 0.3915 0.2203 -0.8934
vn 0.3919 0.2193 -0.8935
vn -0.3763 -0.1487 -0.9145
vn -0.3741 -0.1535 -0.9146
vn -0.3741 -0.1537 -0.9145
vn -0.3497 0.1667 -0.9219
vn -0.4432 0.0032 -0.8964
vn -0.4419 0.0083 -0.8970
vn -0.2687 0.2934 -0.9174
vn -0.2444 0.2780 -0.9290
vn -0.2398 0.2982 -0.9239
vn -0.2360 0.2827 -0.9297
vn -0.2424 0.3035 -0.9215
vn -0.2404 0.2948 -0.9248
vn -0.4765 -0.0003 -0.8792
vn -0.5013 0.0115 -0.8652
vn -0.5012 0.0115 -0.8652
vn -0.4378 -0.3552 -0.8259
vn -0.4341 -0.3500 -0.8301
vn -0.4438 -0.3465 -0.8264
vn -0.2821 -0.1493 -0.9477
vn -0.4016 -0.2731 -0.8741
vn -0.4085 -0.2738 -0.8707
vn -0.5039 -0.0617 -0.8616
vn -0.5036 -0.0617 -0.8617
vn -0.5031 -0.0616 -0.8620
vn -0.0074 0.0540 -0.9985
vn -0.0088 0.0436 -0.9990
vn -0.0050 0.0502 -0.9987
vn -0.0041 0.0016 -1.0000
vn -0.0043 0.0018 -1.0000
vn -0.0047 0.0018 -1.0000
vn -0.0004 -0.0003 -1.0000
vn 0.0002 0.0003 -1.0000
vn -0.0001 0.0003 -1.0000
vn 0.0006 -0.0000 -1.0000
vn 0.0005 -0.0000 -1.0000
vn 0.0005 -0.0002 -1.0000
vn -0.0095 -0.0005 -1.0000
vn -0.0097 -0.0027 -0.9999
vn -0.0093 -0.0014 -1.0000
vn -0.0050 -0.0005 -1.0000
vn -0.0036 0.0022 -1.0000
vn -0.0138 0.0091 -0.9999
vn -0.0057 0.0533 -0.9986
vn -0.0128 0.0446 -0.9989
vn -0.0006 0.0639 -0.9980
vn -0.0117 0.0273 -0.9996
vn -0.0112 0.0277 -0.9996
vn 0.0038 0.0010 -1.0000
vn 0.0089 0.0122 -0.9999
vn 0.0036 0.0003 -1.0000
vn -0.0003 -0.0005 -1.0000
vn -0.0004 -0.0005 -1.0000
vn 0.0039 -0.0005 -1.0000
vn -0.0000 -0.5005 -0.8657
vn 0.2044 0.4292 -0.8798
vn 0.2041 0.4291 -0.8799
vn 0.2047 0.4286 -0.8800
vn 0.0008 0.5388 -0.8424
vn 0.0011 0.5390 -0.8423
vn 0.0018 0.5392 -0.8422
vn -0.0000 0.0003 -1.0000
vn -0.0012 0.0005 -1.0000
vn 0.0002 -0.0001 -1.0000
vn -0.0000 -0.0001 -1.0000
vn -0.0006 -0.0000 -1.0000
vn 0.0001 -0.0001 -1.0000
vn -0.0018 0.4892 -0.8721
vn -0.0019 0.4892 -0.8721
vn -0.2081 -0.3365 -0.9184
vn -0.2651 -0.4290 -0.8635
vn -0.3336 -0.4187 -0.8446
vn -0.5754 -0.2307 -0.7846
vn -0.5522 -0.2051 -0.8081
vn -0.5494 -0.1992 -0.8114
vn -0.4686 0.0519 -0.8819
vn -0.4591 0.0759 -0.8851
vn -0.4627 0.0794 -0.8830
vn -0.4060 0.1817 -0.8956
vn -0.3859 0.2141 -0.8974
vn -0.3927 0.2103 -0.8953
vn -0.2998 0.3390 -0.8917
vn -0.2823 0.3484 -0.8938
vn -0.2612 0.4099 -0.8739
vn -0.2270 0.3888 -0.8929
vn -0.2717 0.4118 -0.8698
vn -0.2689 0.4142 -0.8696
vn -0.3897 0.2171 -0.8950
vn -0.4105 0.1802 -0.8939
vn -0.4020 0.1817 -0.8974
vn -0.4241 0.0398 -0.9047
vn -0.4129 0.0215 -0.9105
vn -0.4315 0.0430 -0.9011
vn -0.4428 -0.0390 -0.8958
vn -0.4529 -0.0766 -0.8883
vn -0.4474 -0.0417 -0.8934
vn -0.5449 -0.0731 -0.8353
vn -0.5531 -0.1070 -0.8262
vn -0.5490 -0.1059 -0.8291
vn -0.4694 -0.1266 -0.8739
vn -0.4690 -0.1406 -0.8719
vn -0.4695 -0.1269 -0.8738
vn -0.4582 -0.1698 -0.8725
vn -0.4311 -0.2098 -0.8776
vn -0.4776 -0.1865 -0.8586
vn -0.4383 -0.3650 -0.8214
vn -0.3717 -0.3951 -0.8401
vn -0.4473 -0.3360 -0.8289
vn -0.3756 -0.2850 -0.8819
vn -0.2629 -0.3667 -0.8924
vn -0.3238 -0.3314 -0.8862
vn -0.3596 0.1818 -0.9152
vn -0.4857 0.0094 -0.8741
vn -0.2263 -0.1230 -0.9662
vn -0.8182 -0.5219 0.2412
vn -0.6319 -0.3635 0.6846
vn -0.6743 -0.2969 0.6762
vn -0.8818 -0.4513 0.1371
vn -0.8490 -0.5086 0.1435
vn -0.5754 -0.1834 0.7971
vn 0.0363 0.0410 0.9985
vn 0.0311 0.0481 0.9984
vn 0.0683 0.0526 0.9963
vn 0.0129 0.0505 0.9986
vn 0.0467 0.0636 0.9969
vn 0.0447 0.0589 0.9973
vn 0.0561 0.0658 0.9963
vn 0.2480 0.1871 0.9505
vn 0.2768 0.1322 0.9518
vn 0.7889 0.5013 0.3555
vn 0.7875 0.5177 0.3344
vn 0.8311 0.5321 0.1616
vn 0.7792 0.5088 0.3661
vn 0.8198 0.5383 0.1954
vn 0.8201 0.5379 0.1952
vn 0.8252 0.5067 -0.2495
vn 0.6286 0.3962 -0.6693
vn 0.8253 0.5066 -0.2495
vn 0.8657 0.4863 -0.1185
vn 0.7096 0.4223 -0.5640
vn 0.7220 0.4099 -0.5574
vn 0.6380 0.4931 -0.5914
vn 0.2043 0.0939 -0.9744
vn 0.2043 0.1051 -0.9732
vn 0.0548 -0.0642 -0.9964
vn -0.0035 -0.1109 -0.9938
vn 0.0666 -0.0636 -0.9958
vn -0.0007 -0.0592 -0.9982
vn -0.0843 -0.0936 -0.9920
vn -0.0843 -0.0935 -0.9921
vn 0.0197 -0.0196 -0.9996
vn 0.0084 -0.0308 -0.9995
vn 0.0197 -0.0194 -0.9996
vn -0.0909 -0.0075 -0.9958
vn -0.3094 -0.1488 -0.9392
vn -0.2916 -0.1604 -0.9430
vn -0.5104 -0.3664 -0.7780
vn -0.7381 -0.5245 -0.4244
vn -0.5129 -0.3630 -0.7779
vn -0.7776 -0.4950 -0.3878
vn -0.8421 -0.5126 -0.1676
vn -0.7824 -0.5032 -0.3670
vn -0.7393 -0.5016 -0.4493
vn -0.8085 -0.5305 -0.2548
vn 0.4646 -0.8852 0.0240
vn 0.4644 -0.8853 0.0244
vn 0.4645 -0.8850 0.0328
vn 0.4589 -0.8882 0.0219
vn 0.4587 -0.8883 0.0221
vn 0.4722 -0.8810 0.0304
vn 0.4703 -0.8824 0.0108
vn 0.4838 -0.8750 0.0188
vn 0.4838 -0.8750 0.0186
vn 0.4888 -0.8718 0.0314
vn 0.4954 -0.8681 0.0317
vn 0.5085 -0.8607 0.0230
vn 0.6283 -0.7775 0.0284
vn 0.6086 -0.7857 0.1112
vn 0.6083 -0.7853 0.1155
vn 0.6083 -0.7853 0.1156
vn 0.5972 -0.7835 0.1717
vn 0.6086 -0.7856 0.1112
vn -0.4367 0.8786 -0.1931
vn -0.4420 0.8878 -0.1284
vn -0.4375 0.8781 -0.1939
vn -0.4459 0.8875 -0.1163
vn -0.4430 0.8872 -0.1291
vn -0.4426 0.8875 -0.1285
vn -0.4457 0.8877 -0.1155
vn -0.4576 0.8887 -0.0283
vn -0.5037 0.8591 -0.0910
vn -0.5292 0.8437 -0.0905
vn -0.5235 0.8468 -0.0941
vn -0.6644 0.7457 -0.0492
vn -0.6587 0.7509 -0.0479
vn -0.6746 0.7355 -0.0623
vn -0.6446 0.7641 -0.0252
vn -0.6330 0.7739 -0.0209
vn -0.6331 0.7738 -0.0209
vn -0.6342 0.7728 -0.0241
vn -0.6342 0.7728 -0.0240
vn -0.6284 0.7776 -0.0197
vn 0.0750 -0.1483 0.9861
vn 0.0601 0.0105 0.9981
vn -0.1505 -0.1456 0.9778
vn 0.0548 -0.0553 0.9970
vn -0.1345 -0.0234 0.9906
vn -0.1472 -0.2170 0.9650
vn -0.1778 -0.1435 0.9735
vn 0.0693 -0.1481 0.9865
vn -0.1569 0.0163 0.9875
vn -0.1148 0.0716 0.9908
vn 0.1164 -0.1047 0.9877
vn 0.0547 0.1106 0.9924
vn 0.0765 -0.0136 0.9970
vn 0.3763 0.0206 0.9263
vn 0.1775 0.1003 0.9790
vn 0.2732 -0.0924 0.9575
vn 0.3650 0.0261 0.9306
vn 0.0991 0.0335 0.9945
vn 0.1139 0.0013 0.9935
vn 0.3892 0.0093 0.9211
vn 0.1821 0.0991 0.9783
vn 0.3762 -0.0192 0.9263
vn 0.4059 0.0400 0.9130
vn 0.1875 0.0944 0.9777
vn 0.4360 -0.0076 0.8999
vn 0.0099 0.3800 0.9249
vn 0.2038 -0.0954 0.9744
vn 0.1112 0.0385 0.9931
vn -0.0673 0.3684 0.9272
vn -0.1043 0.2767 0.9553
vn 0.3257 0.0391 0.9447
vn 0.0069 0.2858 0.9583
vn 0.2408 -0.0971 0.9657
vn 0.0719 0.4238 0.9029
vn 0.0300 0.4261 0.9042
vn 0.1595 0.2347 0.9589
vn 0.0372 0.1757 0.9837
vn 0.0323 0.4065 0.9131
vn -0.0660 0.2263 0.9718
vn -0.0219 0.5915 0.8060
vn -0.0245 0.5820 0.8128
vn 0.0719 0.4247 0.9025
vn 0.0657 0.2878 0.9554
vn -0.0346 0.4630 0.8857
vn -0.0253 0.2604 0.9652
vn -0.0444 0.5259 0.8494
vn -0.0762 0.5341 0.8420
vn -0.1532 0.3510 0.9238
vn 0.0208 0.3655 0.9306
vn -0.3302 0.0916 0.9395
vn -0.2224 -0.0417 0.9741
vn 0.0851 0.3199 0.9436
vn 0.0341 0.4058 0.9133
vn -0.1212 0.0175 0.9925
vn -0.3198 0.4177 0.8504
vn -0.6516 -0.0015 0.7585
vn -0.4671 0.0691 0.8815
vn -0.4271 0.0423 0.9032
vn -0.6204 -0.0289 0.7837
vn -0.3723 -0.0913 0.9236
vn -0.3405 -0.1990 0.9189
vn -0.2599 -0.2265 0.9387
vn 0.1150 0.1127 0.9869
vn -0.0569 -0.0134 0.9983
vn 0.1905 -0.4817 0.8554
vn 0.0286 0.0090 0.9996
vn -0.1969 -0.4809 0.8544
vn -0.2777 -0.4552 0.8459
vn 0.1685 -0.3246 0.9307
vn 0.2533 -0.2106 0.9442
vn -0.1169 0.1562 0.9808
vn 0.1662 -0.2324 0.9583
vn -0.1006 0.1645 0.9812
vn 0.0054 0.1241 0.9923
vn 0.1291 -0.2577 0.9576
vn 0.1112 0.4899 0.8647
vn 0.3062 0.4281 0.8503
vn -0.1270 0.2595 0.9574
vn -0.2087 -0.2638 0.9417
vn 0.0542 0.1680 0.9843
vn 0.1302 0.1127 0.9851
vn -0.2463 -0.1858 0.9512
vn -0.1911 -0.2397 0.9519
vn -0.5337 -0.2026 0.8210
vn -0.0298 0.0275 0.9992
vn 0.0348 -0.0633 0.9974
vn -0.3151 -0.2199 0.9232
vn -0.4408 -0.0258 0.8972
vn -0.0623 0.0365 0.9974
vn -0.4253 -0.0577 0.9032
vn 0.1591 -0.9525 0.2596
vn 0.1285 -0.9614 0.2431
vn 0.3240 -0.7968 0.5101
vn 0.0195 -0.2187 0.9756
vn 0.0058 -0.2153 0.9765
vn -0.1662 0.0808 0.9828
vn -0.0529 -0.6362 0.7697
vn -0.0772 -0.6377 0.7664
vn -0.2412 -0.3500 0.9052
vn 0.3750 -0.0692 0.9244
vn 0.0185 0.0591 0.9981
vn 0.3473 -0.0616 0.9357
vn -0.0472 0.0138 0.9988
vn -0.0072 0.0587 0.9983
vn 0.2236 -0.2074 0.9523
vn 0.0713 -0.2012 0.9770
vn 0.1411 -0.1584 0.9773
vn 0.4029 -0.2290 0.8861
vn 0.5476 -0.1271 0.8270
vn 0.5869 -0.1180 0.8010
vn 0.5542 -0.1227 0.8233
vn 0.5642 -0.2231 0.7949
vn 0.5620 -0.1442 0.8145
vn 0.5599 -0.2650 0.7850
vn -0.0462 -0.9984 0.0333
vn -0.0269 -0.9369 0.3486
vn -0.5619 -0.8266 0.0312
vn -0.0176 -0.8843 0.4666
vn -0.5846 -0.6694 0.4583
vn -0.5651 -0.8147 0.1302
vn -0.6877 -0.7219 -0.0768
vn -0.7281 -0.6495 0.2192
vn -0.7992 -0.5873 -0.1283
vn -0.6099 -0.6296 0.4813
vn -0.7872 -0.4434 0.4287
vn -0.8133 -0.5678 0.1272
vn -0.9005 -0.4263 -0.0859
vn -0.9183 -0.3559 0.1732
vn -0.9642 -0.2244 -0.1411
vn -0.8504 -0.3942 0.3486
vn -0.9409 -0.1381 0.3093
vn -0.9790 -0.2004 0.0360
vn -0.9974 -0.0443 -0.0568
vn -0.9815 -0.0034 0.1912
vn -0.9721 0.2226 -0.0737
vn -0.9643 -0.0378 0.2622
vn -0.9189 0.2562 0.3001
vn -0.9738 0.2273 0.0003
vn 0.5401 -0.1868 0.8206
vn 0.5274 -0.2288 0.8182
vn 0.5479 -0.2195 0.8073
vn 0.5392 -0.2403 0.8072
vn 0.5520 -0.1983 0.8099
vn 0.0216 -0.9992 0.0335
vn 0.5600 -0.8277 0.0355
vn 0.0203 -0.9375 0.3474
vn 0.0136 -0.9098 0.4149
vn 0.5617 -0.8222 0.0921
vn 0.5375 -0.7291 0.4238
vn 0.6931 -0.7208 0.0031
vn 0.8173 -0.5756 -0.0253
vn 0.6762 -0.6703 0.3057
vn 0.6560 -0.7548 0.0072
vn 0.7549 -0.6079 -0.2461
vn 0.6912 -0.7227 -0.0061
vn 0.5242 -0.3201 0.7891
vn 0.8221 -0.3076 0.4792
vn 0.7338 -0.0631 0.6765
vn 0.8824 -0.2635 -0.3899
vn 0.8711 -0.1571 -0.4654
vn 0.9660 -0.1556 -0.2066
vn 0.9420 -0.2023 0.2679
vn 0.9975 -0.0707 0.0052
vn 0.9654 -0.0624 0.2532
vn 0.9993 -0.0364 0.0029
vn 0.9688 0.2469 0.0200
vn 0.9673 -0.0288 0.2519
vn 0.9655 -0.0288 0.2589
vn 0.9686 0.2472 0.0268
vn 0.9162 0.2391 0.3215
vn 0.4837 -0.2308 0.8443
vn 0.5301 -0.2764 0.8017
vn 0.4906 -0.2358 0.8389
vn 0.5343 -0.2791 0.7979
vn 0.5827 -0.2981 0.7561
vn 0.5676 -0.2972 0.7678
vn -0.3331 0.9407 0.0646
vn -0.3591 0.9312 0.0619
vn -0.2838 0.9227 0.2608
vn -0.2757 0.9375 0.2125
vn -0.3429 0.9393 -0.0111
vn -0.3859 0.9068 0.1697
vn 0.1129 0.9893 0.0930
vn 0.0834 0.9939 0.0718
vn 0.1067 0.9195 0.3784
vn 0.1030 0.9140 0.3924
vn 0.0819 0.9942 0.0701
vn -0.0125 0.9379 0.3467
vn -0.0494 0.9907 -0.1268
vn -0.1063 0.9897 -0.0959
vn 0.0974 0.9898 0.1044
vn 0.0717 0.9504 0.3026
vn -0.0976 0.9942 0.0454
vn -0.0686 0.9346 0.3491
vn -0.1677 0.9242 0.3430
vn -0.1322 0.9894 0.0601
vn 0.0966 0.9415 0.3230
vn -0.1235 0.9880 0.0927
vn 0.0727 0.9941 0.0810
vn 0.0895 0.9274 0.3632
vn 0.3825 0.9203 0.0829
vn 0.3457 0.9329 -0.1009
vn 0.2803 0.9527 0.1174
vn 0.3632 0.9309 -0.0390
vn 0.3349 0.9415 -0.0382
vn 0.2903 0.9428 0.1640
vn 0.5572 -0.5092 0.6559
vn 0.4968 -0.3529 0.7929
vn 0.5591 -0.5156 0.6493
vn 0.4978 -0.2772 0.8218
vn 0.5198 -0.2704 0.8104
vn 0.4915 -0.2723 0.8272
vn 0.1881 -0.1555 0.9698
vn 0.2921 -0.1810 0.9391
vn 0.2760 -0.1613 0.9475
vn 0.4982 -0.4872 0.7172
vn 0.4312 -0.3846 0.8162
vn 0.4502 -0.4307 0.7822
vn 0.1959 0.2061 0.9587
vn 0.1966 0.1940 0.9611
vn 0.2034 0.1961 0.9592
vn 0.2062 0.1890 0.9601
vn 0.1923 0.1949 0.9618
vn 0.2031 0.1876 0.9610
vn 0.1278 -0.1796 0.9754
vn -0.1344 -0.2573 0.9569
vn 0.1251 -0.2400 0.9627
vn -0.2804 0.0821 0.9564
vn -0.2073 0.2492 0.9460
vn -0.1697 0.2191 0.9608
vn -0.1339 0.2962 0.9457
vn -0.1268 0.2710 0.9542
vn -0.1360 0.2686 0.9536
vn -0.6635 0.6458 0.3777
vn -0.8491 -0.5279 0.0151
vn -0.9012 -0.2125 0.3778
vn -0.8547 -0.5174 0.0423
vn -0.9644 -0.2624 0.0320
vn -0.8971 -0.1923 0.3978
vn -0.9293 0.2389 0.2816
vn -0.9698 0.2395 -0.0459
vn -0.9718 0.0096 0.2357
vn -0.9687 0.2483 -0.0022
vn -1.0000 0.0084 -0.0021
vn -0.9619 0.0119 0.2731
vn -0.9616 0.0189 0.2739
vn -0.9999 0.0151 -0.0022
vn -0.1147 -0.8940 0.4330
vn -0.0905 -0.9959 -0.0022
vn -0.1147 -0.8941 0.4330
vn -0.1302 -0.8906 0.4357
vn -0.1090 -0.9940 0.0029
vn 0.4890 -0.7536 0.4392
vn -0.1208 -0.9920 0.0379
vn 0.4916 -0.8693 0.0520
vn 0.4576 -0.7490 0.4792
vn -0.1862 -0.8914 0.4132
vn -0.2324 -0.9690 -0.0841
vn -0.5712 -0.7699 0.2847
vn -0.2860 -0.9582 -0.0000
vn -0.6374 -0.7705 0.0020
vn -0.5902 -0.7171 0.3707
vn -0.6070 -0.7021 0.3723
vn -0.6511 -0.7590 0.0022
vn 0.0102 -0.8750 0.4840
vn -0.6510 -0.7590 0.0021
vn 0.0227 -0.9997 0.0066
vn 0.0102 -0.8750 0.4839
vn 0.0226 -0.9997 0.0066
vn 0.6624 -0.7491 0.0109
vn 0.0087 -0.8750 0.4840
vn 0.0086 -0.8752 0.4836
vn 0.6630 -0.7485 0.0116
vn 0.6230 -0.6898 0.3689
vn 0.6417 -0.7668 0.0118
vn 0.2695 -0.9630 0.0020
vn 0.6009 -0.7098 0.3676
vn 0.5873 -0.7496 0.3054
vn 0.2317 -0.9709 -0.0603
vn 0.2195 -0.8798 0.4216
vn -0.4892 -0.8709 0.0467
vn 0.1537 -0.9872 0.0430
vn -0.4376 -0.7626 0.4764
vn -0.4671 -0.7697 0.4352
vn 0.1409 -0.9900 0.0115
vn 0.1281 -0.8875 0.4426
vn 0.1205 -0.9927 0.0065
vn 0.9994 0.0302 0.0153
vn 0.1111 -0.8906 0.4409
vn 0.1111 -0.8907 0.4409
vn 0.9616 0.0151 0.2740
vn 0.9995 0.0260 0.0151
vn 0.9680 0.2508 0.0108
vn 0.9619 0.0107 0.2731
vn 0.9754 0.0095 0.2204
vn 0.9692 0.2414 -0.0491
vn 0.9373 0.2189 0.2711
vn 0.9647 -0.2614 0.0316
vn 0.8598 -0.5103 0.0160
vn 0.8962 -0.2099 0.3909
vn 0.9036 -0.2416 0.3539
vn 0.8506 -0.5248 -0.0324
vn 0.6634 0.6151 0.4261
vn -0.1176 0.3651 0.9235
vn -0.1211 0.3426 0.9316
vn -0.1241 0.3650 0.9227
vn 0.8494 0.3179 0.4212
vn 0.9569 0.2904 -0.0066
vn -0.2770 0.8838 0.3772
vn 0.9567 0.2910 -0.0062
vn -0.2979 0.9546 -0.0028
vn -0.2770 0.8838 0.3771
vn -0.2903 0.8782 0.3800
vn -0.3105 0.9506 0.0058
vn -0.7019 0.6167 0.3564
vn -0.3118 0.9501 0.0028
vn -0.7280 0.6855 -0.0101
vn -0.6879 0.6389 0.3445
vn -0.8797 -0.0294 0.4747
vn -0.9899 -0.0726 0.1221
vn 0.6184 -0.4255 0.6607
vn -0.8923 -0.3461 -0.2898
vn 0.8800 -0.4389 -0.1816
vn 0.7051 -0.5423 0.4569
vn 0.9962 -0.0870 0.0008
vn 0.9416 0.3366 -0.0067
vn 0.8340 0.3585 0.4194
vn 0.2019 0.8910 0.4067
vn 0.2315 0.9728 -0.0086
vn 0.4154 0.8304 0.3714
vn 0.2209 0.9748 -0.0319
vn 0.4566 0.8890 -0.0344
vn 0.5765 0.7576 0.3060
vn 0.5453 0.7628 0.3476
vn 0.4430 0.8965 0.0028
vn 0.5903 0.7313 0.3417
vn 0.5145 0.7609 0.3953
vn 0.4627 0.8860 -0.0296
vn -0.3802 0.5118 0.7704
vn 0.3303 0.8740 0.3565
vn 0.2019 0.8910 0.4066
vn 0.0526 0.9986 -0.0074
vn -0.0050 0.9957 0.0921
vn -0.2942 0.8442 0.4481
vn -0.2506 0.9635 0.0943
vn -0.2102 0.9603 0.1833
vn -0.3525 0.9284 0.1178
vn -0.1301 0.9560 -0.2631
vn -0.2356 0.9709 -0.0431
vn -0.5779 0.7492 0.3236
vn -0.4662 0.8844 -0.0204
vn -0.5456 0.7288 0.4138
vn -0.5943 0.6885 0.4156
vn -0.4566 0.8871 0.0673
vn -0.5041 0.7254 0.4687
vn 0.3747 0.4461 0.8128
vn -0.4760 0.8788 0.0344
vn -0.9524 0.3046 0.0066
vn -0.9926 -0.1212 0.0003
vn -0.8432 0.3024 0.4445
vn -0.8432 0.3025 0.4445
vn -0.9927 -0.1205 -0.0066
vn -0.7805 -0.0151 0.6250
vn -0.9926 -0.1214 -0.0065
vn -0.6516 -0.7583 0.0197
vn -0.7801 -0.0157 0.6255
vn -0.7803 -0.0154 0.6252
vn -0.5960 -0.5521 0.5831
vn -0.6323 -0.7745 0.0195
vn 0.9981 -0.0588 0.0184
vn -0.5813 -0.5658 0.5848
vn -0.5940 -0.5264 0.6084
vn 0.9923 0.0135 0.1228
vn 0.9000 0.0128 0.4358
vn 0.7211 0.6927 0.0115
vn 0.3023 0.9526 0.0335
vn 0.6831 0.6374 0.3564
vn 0.6974 0.6287 0.3441
vn 0.3032 0.9528 0.0145
vn 0.2872 0.8797 0.3791
vn 0.2978 0.9546 0.0059
vn -0.9523 0.3052 0.0071
vn 0.2806 0.8826 0.3772
vn 0.2806 0.8826 0.3771
vn -0.9524 0.3047 0.0065
vn -0.8428 0.3033 0.4447
vn 0.4371 -0.1634 0.8844
vn 0.4271 -0.1552 0.8908
vn 0.4340 -0.1615 0.8863
vn 0.4594 -0.1691 0.8720
vn 0.4540 -0.1679 0.8750
vn 0.4528 -0.1641 0.8764
vn 0.7988 -0.4409 0.4093
vn 0.7991 -0.4409 0.4087
vn 0.7992 -0.4409 0.4086
vn -0.0000 0.9418 0.3363
vn -0.0000 0.9417 0.3363
vn -0.1281 -0.5054 0.8533
vn -0.1114 -0.5699 0.8141
vn -0.1193 -0.4801 0.8691
vn -0.8029 -0.4644 0.3737
vn -0.8030 -0.4651 0.3728
vn -0.8030 -0.4650 0.3728
vn 0.7758 0.4929 0.3939
vn 0.8503 0.5106 0.1280
vn -0.0360 -0.2841 0.9581
vn -0.1324 -0.3166 0.9393
vn -0.0299 -0.2734 0.9614
vn 0.0796 -0.1337 0.9878
vn -0.0144 -0.0862 0.9962
vn 0.0815 -0.1391 0.9869
vn 0.0057 -0.8582 0.5132
vn 0.0094 -0.9766 0.2148
vn 0.0038 -0.9729 0.2311
vn 0.0094 -0.9767 0.2144
vn 0.0076 -0.9991 0.0422
vn 0.0038 -0.9728 0.2315
vn 0.0039 -0.9730 0.2308
vn 0.0075 -0.9991 0.0415
vn 0.0611 -0.5208 0.8515
vn 0.1068 -0.4639 0.8794
vn 0.0558 -0.5098 0.8585
vn -0.0059 0.0571 0.9984
vn 0.0160 0.0992 0.9949
vn -0.0054 0.0565 0.9984
vn 0.0166 0.0989 0.9950
vn 0.0222 0.1023 0.9945
vn 0.0169 0.0983 0.9950
vn -0.0125 0.0945 0.9954
vn 0.0225 0.1016 0.9946
vn 0.0223 0.1023 0.9945
vn -0.0130 0.0951 0.9954
vn -0.0183 0.0900 0.9958
vn -0.0055 0.0565 0.9984
vn -0.0183 0.0897 0.9958
vn -0.0176 0.0900 0.9958
vn -0.0048 0.0569 0.9984
vn -0.7322 0.4910 0.4720
vn -0.8348 0.5260 0.1627
vn -0.7323 0.4909 0.4720
vn -0.7323 0.4910 0.4719
vn -0.8345 0.5261 0.1640
vn -0.8318 0.5261 0.1769
vn 0.0800 -0.5094 0.8568
vn 0.0464 -0.5244 0.8502
vn 0.0392 -0.5250 0.8502
vn 0.0936 -0.5073 0.8567
vn 0.0449 -0.5285 0.8478
vn 0.0790 -0.5081 0.8577
vn 0.8030 -0.4680 0.3690
vn -0.0075 0.9460 0.3240
vn -0.0075 0.9460 0.3239
vn -0.7796 -0.4937 0.3852
vn -0.7797 -0.4937 0.3852
vn -0.7796 -0.4938 0.3852
vn -0.7795 -0.4939 0.3852
vn -0.4884 0.1062 0.8661
vn -0.4746 0.0959 0.8750
vn -0.4791 0.0846 0.8737
vn -0.0057 0.9529 0.3032
vn -0.0056 0.9529 0.3032
vn -0.8030 -0.4680 0.3690
vn 0.0404 0.0674 0.9969
vn 0.0234 0.0260 0.9994
vn 0.0403 0.0674 0.9969
vn 0.0237 0.0253 0.9994
vn 0.0710 0.0211 0.9973
vn 0.0235 0.0252 0.9994
vn 0.0709 0.0211 0.9973
vn 0.0683 0.0141 0.9976
vn 0.0715 0.0223 0.9972
vn 0.0411 0.0676 0.9969
vn 0.0689 0.0152 0.9975
vn 0.0683 0.0148 0.9976
vn -0.4537 0.0583 0.8892
vn -0.4303 0.0590 0.9008
vn -0.4532 0.0599 0.8894
vn -0.7414 0.4883 0.4604
vn -0.8334 0.5291 0.1597
vn -0.7417 0.4884 0.4598
vn -0.8338 0.5289 0.1584
vn -0.8342 0.5256 0.1670
vn 0.7819 -0.4805 0.3973
vn 0.7819 -0.4804 0.3973
vn 0.7819 -0.4802 0.3975
vn -0.3531 0.1343 0.9259
vn -0.3562 0.0584 0.9326
vn -0.3469 0.1289 0.9290
vn -0.0463 0.0463 0.9979
vn -0.0463 0.0462 0.9979
vn -0.0538 0.0446 0.9976
vn -0.4237 0.1766 0.8884
vn -0.4520 0.1407 0.8809
vn -0.4412 0.1680 0.8816
vn -0.0538 0.0445 0.9976
vn -0.0433 0.0368 0.9984
vn -0.0538 0.0439 0.9976
vn -0.0433 0.0361 0.9984
vn -0.0439 0.0371 0.9983
vn -0.0470 0.0466 0.9978
vn -0.0432 0.0368 0.9984
vn 0.8302 0.5358 0.1540
vn 0.8321 0.5353 0.1454
vn 0.7420 0.4981 0.4487
vn 0.8318 0.5353 0.1467
vn -0.3480 0.1799 0.9201
vn -0.3174 0.1630 0.9342
vn -0.3460 0.2058 0.9154
vn -0.8460 0.5065 0.1666
vn -0.8594 0.5107 -0.0241
vn -0.8402 0.5132 0.1752
vn -0.8594 0.5107 -0.0240
vn -0.8402 0.5133 0.1752
vn -0.4377 0.3625 0.8228
vn -0.4601 0.3450 0.8181
vn -0.4563 0.4229 0.7829
vn -0.4688 0.5035 0.7258
vn -0.4391 0.3605 0.8230
vn -0.4559 0.4228 0.7832
vn 0.8494 0.5098 0.1363
vn 0.8634 0.5043 -0.0153
vn 0.8504 0.5103 0.1277
vn -0.5675 0.4008 0.7192
vn -0.5832 0.4193 0.6957
vn -0.5590 0.3963 0.7283
vn -0.8348 0.5261 0.1623
vn -0.8558 0.5173 -0.0066
vn -0.8322 0.5261 0.1752
vn -0.8558 0.5173 -0.0065
vn -0.8322 0.5261 0.1751
vn 0.8382 0.5165 0.1751
vn 0.8557 0.5173 -0.0153
vn 0.8441 0.5097 0.1665
vn 0.8556 0.5173 -0.0160
vn 0.8555 0.5175 -0.0159
vn 0.8439 0.5098 0.1673
vn -0.8336 0.5291 0.1586
vn -0.8520 0.5235 -0.0102
vn -0.8340 0.5258 0.1672
vn -0.8518 0.5237 -0.0102
vn -0.8340 0.5257 0.1679
vn -0.4359 0.5045 0.7453
vn -0.4365 0.4799 0.7610
vn -0.4213 0.5027 0.7549
vn 0.8301 0.5357 0.1550
vn 0.8477 0.5300 -0.0233
vn 0.8319 0.5353 0.1464
vn 0.8476 0.5301 -0.0241
vn 0.8320 0.5354 0.1450
vn -0.0960 -0.3528 0.9308
vn -0.1109 -0.3006 0.9473
vn -0.0684 -0.3168 0.9460
vn -0.2024 -0.3618 0.9100
vn -0.1680 -0.3673 0.9148
vn -0.1560 -0.3926 0.9064
vn 0.0161 0.0587 0.9981
vn -0.0299 0.0915 0.9954
vn 0.0579 0.0178 0.9982
vn 0.0277 0.0466 0.9985
vn 0.1071 0.0671 0.9920
vn 0.0205 0.0325 0.9993
vn 0.0859 0.0374 0.9956
vn -0.0311 0.0933 0.9951
vn -0.0354 0.0810 0.9961
vn -0.0902 -0.3710 0.9242
vn -0.1249 -0.4559 0.8812
vn -0.1561 -0.3458 0.9252
vn -0.1368 -0.0695 0.9882
vn -0.0499 -0.0560 0.9972
vn -0.0672 -0.0641 0.9957
vn 0.0213 -0.0585 0.9981
vn 0.0466 -0.0369 0.9982
vn 0.1003 -0.0832 0.9915
vn 0.0793 -0.2162 0.9731
vn 0.0965 -0.1937 0.9763
vn 0.0787 -0.2126 0.9740
vn -0.0188 -0.1162 0.9930
vn 0.0269 -0.0561 0.9981
vn -0.0570 -0.0222 0.9981
vn -0.0313 0.0118 0.9994
vn 0.0483 -0.0325 0.9983
vn 0.0274 0.0194 0.9994
vn 0.1070 -0.1197 0.9870
vn 0.0912 -0.0888 0.9919
vn 0.1020 -0.1172 0.9879
vn 0.2495 -0.2621 0.9322
vn 0.2754 -0.2693 0.9228
vn 0.2585 -0.2718 0.9270
vn 0.2185 -0.1906 0.9570
vn 0.2350 -0.2162 0.9476
vn 0.2142 -0.2022 0.9556
vn 0.0947 0.5479 0.8312
vn 0.0543 0.5289 0.8470
vn 0.0645 0.5369 0.8411
vn 0.1139 0.4637 0.8787
vn 0.0801 0.4562 0.8863
vn 0.1140 0.4635 0.8787
vn -0.2019 -0.0394 0.9786
vn -0.1153 0.0007 0.9933
vn -0.0947 0.0225 0.9953
vn -0.2105 0.3570 0.9101
vn -0.2278 0.3988 0.8883
vn -0.2119 0.3867 0.8975
vn -0.0263 0.1266 0.9916
vn -0.0905 0.1096 0.9898
vn -0.0530 0.1062 0.9929
vn 0.0036 0.0623 0.9981
vn 0.0458 0.0786 0.9959
vn 0.0337 0.0810 0.9961
vn -0.0421 0.5343 0.8442
vn -0.0936 0.5956 0.7978
vn -0.0825 0.5894 0.8036
vn -0.1310 0.4095 0.9029
vn -0.1741 0.4128 0.8940
vn -0.1619 0.4236 0.8913
vn -0.0385 0.3826 0.9231
vn -0.1276 0.3891 0.9123
vn 0.0053 0.3869 0.9221
vn -0.0232 0.0160 0.9996
vn -0.0508 -0.0227 0.9984
vn 0.0144 0.0261 0.9996
vn -0.4707 0.1783 0.8641
vn -0.4658 0.1945 0.8632
vn -0.4513 0.1803 0.8739
vn -0.5070 0.1676 0.8455
vn -0.4975 0.2089 0.8420
vn -0.4926 0.2020 0.8465
vn 0.1194 0.0306 0.9924
vn 0.1221 0.0391 0.9917
vn 0.0647 -0.0392 0.9971
vn 0.0668 0.0067 0.9977
vn 0.0495 0.0375 0.9981
vn -0.0408 0.0126 0.9991
vn 0.3802 0.4109 -0.8286
vn 0.0001 -0.5490 -0.8358
vn 0.0001 -0.5491 -0.8357
vn -0.0000 -0.5485 -0.8362
vn 0.0001 -0.5485 -0.8361
vn -0.0821 -0.0337 0.9961
vn 0.0189 -0.0340 0.9992
vn -0.0868 -0.0429 0.9953
vn -0.3224 0.3731 -0.8700
vn -0.3223 0.3731 -0.8700
vn -0.3224 0.3730 -0.8700
vn -0.0000 0.4626 -0.8866
vn -0.0000 0.4636 -0.8860
vn -0.0000 0.4625 -0.8866
vn -0.0000 0.4623 -0.8867
vn -0.4683 -0.1124 -0.8764
vn 0.1466 -0.0237 0.9889
vn 0.0583 0.0185 0.9981
vn 0.0918 -0.0202 0.9956
vn 0.4783 -0.1197 -0.8700
vn -0.0019 -0.4892 -0.8721
vn 0.0525 0.0744 0.9959
vn -0.0070 0.1271 0.9919
vn -0.0118 0.1079 0.9941
vn -0.0019 -0.4892 -0.8722
vn -0.4987 -0.0977 -0.8613
vn -0.4987 -0.0978 -0.8612
vn -0.3546 0.2372 0.9044
vn -0.3081 0.1745 0.9352
vn -0.1985 0.0799 0.9768
vn 0.4821 0.1042 -0.8699
vn 0.4703 0.1034 -0.8764
vn 0.4665 0.1031 -0.8785
vn -0.2106 -0.0454 0.9765
vn -0.1779 -0.0929 0.9797
vn -0.1761 -0.0650 0.9822
vn -0.1732 0.0577 0.9832
vn -0.1090 0.0232 0.9938
vn -0.1187 0.0629 0.9909
vn 0.0007 -0.0002 -1.0000
vn -0.0000 -0.0006 -1.0000
vn -0.0000 -0.0007 -1.0000
vn 0.0001 -0.5001 -0.8660
vn 0.0001 -0.5000 -0.8660
vn -0.0000 -0.5006 -0.8657
vn 0.3743 0.3864 -0.8430
vn 0.3744 0.3863 -0.8430
vn 0.5709 -0.1275 -0.8111
vn -0.3319 0.4092 -0.8500
vn 0.1028 0.0585 0.9930
vn 0.0544 0.0656 0.9964
vn 0.0684 -0.0367 0.9970
vn -0.0310 0.0152 0.9994
vn 0.0068 0.0005 1.0000
vn 0.0127 0.0212 0.9997
vn 0.0164 0.0197 0.9997
vn -0.0114 0.0705 0.9974
vn -0.0104 0.0196 0.9998
vn -0.3319 0.4092 -0.8499
vn -0.4810 0.1215 -0.8683
vn -0.4724 0.1223 -0.8728
vn -0.4729 0.1218 -0.8726
vn -0.4891 0.1234 -0.8635
vn -0.4890 0.1237 -0.8635
vn -0.4812 0.1238 -0.8678
vn -0.3916 -0.3795 -0.8382
vn 0.0038 0.5082 -0.8613
vn 0.0037 0.5082 -0.8613
vn 0.0033 0.5085 -0.8610
vn 0.0032 0.5085 -0.8610
vn -0.1709 0.0338 0.9847
vn -0.1063 -0.0197 0.9941
vn -0.1364 -0.0007 0.9907
vn 0.0002 1.0000 0.0029
vn 0.0001 1.0000 0.0029
vn 0.2530 -0.1297 0.9587
vn 0.2289 -0.0849 0.9697
vn 0.0027 0.0754 0.9971
vn 0.0001 -1.0000 0.0029
vn -0.0000 -1.0000 0.0029
vn 0.9612 0.2757 0.0051
vn 0.9805 0.1951 0.0231
vn 0.9808 0.1948 0.0029
vn -0.6574 0.7536 0.0027
vn -0.9478 0.3188 0.0006
vn -0.6575 0.7535 0.0028
vn 0.8673 0.4978 0.0029
vn 0.8665 0.4984 -0.0273
vn 0.6744 0.7383 0.0020
vn 0.9777 0.2102 -0.0016
vn 0.9776 0.2103 -0.0016
vn -0.7694 -0.6120 -0.1828
vn -0.8108 -0.5594 -0.1725
vn -0.8107 -0.5596 -0.1719
vn -0.9586 -0.2836 0.0247
vn -0.9607 -0.2766 0.0231
vn -0.9685 -0.2480 0.0247
vn -0.9380 -0.1962 0.2858
vn -0.9547 -0.1636 0.2487
vn -0.9547 -0.1626 0.2493
vn -0.9773 -0.1587 -0.1406
vn -0.9784 -0.1546 -0.1374
vn -0.9775 -0.1014 -0.1851
vn -1.0000 0.0031 -0.0020
vn -0.9418 0.3363 0.0029
vn -0.9443 0.3287 0.0158
vn -0.9359 0.3522 0.0044
vn -0.9323 0.3607 -0.0284
vn -0.7457 0.6662 0.0098
vn 0.0002 -1.0000 0.0029
vn 0.0893 0.2171 -0.9721
vn 0.2509 0.1055 -0.9622
vn 0.0373 -0.0435 -0.9984
vn -0.0327 0.0298 0.9990
vn -0.0475 0.0234 0.9986
vn -0.0195 0.0820 0.9964
vn -0.0075 0.0676 0.9977
vn 0.0312 0.0446 0.9985
vn 0.0882 0.0702 0.9936
vn 0.0252 0.0233 0.9994
vn 0.0808 0.0466 0.9956
vn 0.0858 0.1149 0.9897
vn 0.1000 0.0478 0.9938
vn 0.1938 0.1130 0.9745
vn 0.1481 0.1044 0.9834
vn -0.9654 -0.2608 0.0027
vn -0.9654 -0.2607 0.0025
vn -0.9654 -0.2608 0.0026
vn 0.3822 0.4099 0.8282
vn 0.3822 0.4098 0.8282
vn -0.0038 -0.5489 0.8359
vn -0.0037 -0.5490 0.8358
vn -0.0038 -0.5490 0.8358
vn 0.4119 0.2448 0.8777
vn 0.3904 0.2287 0.8918
vn 0.2409 0.1115 0.9641
vn -0.3256 0.3695 0.8703
vn -0.3255 0.3695 0.8703
vn -0.3263 0.3698 0.8699
vn -0.3259 0.3699 0.8700
vn 0.0038 0.4629 0.8864
vn 0.0040 0.4629 0.8864
vn 0.0037 0.4629 0.8864
vn -0.4685 -0.1119 0.8764
vn -0.4684 -0.1119 0.8764
vn -0.4686 -0.1115 0.8764
vn -0.4690 -0.1120 0.8761
vn -0.4689 -0.1124 0.8760
vn 0.4790 -0.1196 0.8697
vn 0.4790 -0.1195 0.8697
vn 0.4784 -0.1194 0.8700
vn 0.0003 -0.4897 0.8719
vn -0.0000 -0.4897 0.8719
vn -0.0000 -0.4898 0.8719
vn -0.0000 -0.4898 0.8718
vn -0.4993 -0.0975 0.8609
vn -0.4993 -0.0978 0.8609
vn -0.4994 -0.0974 0.8609
vn 0.0630 -0.1630 0.9846
vn 0.2443 0.0325 0.9692
vn 0.1806 -0.0029 0.9836
vn 0.4828 0.1039 0.8695
vn 0.4672 0.1028 0.8782
vn 0.4710 0.1033 0.8760
vn 0.0566 0.1422 0.9882
vn -0.0073 0.0837 0.9965
vn 0.0480 0.1345 0.9897
vn -0.0002 0.0007 1.0000
vn -0.0000 0.0007 1.0000
vn 0.0005 -0.0005 1.0000
vn 0.0007 0.0001 1.0000
vn -0.0365 0.0458 0.9983
vn 0.0113 0.0462 0.9989
vn 0.0487 0.1023 0.9936
vn 0.0007 0.0002 1.0000
vn 0.1284 0.0690 0.9893
vn 0.2142 0.1113 0.9704
vn 0.1707 0.1148 0.9786
vn 0.0038 -0.5012 0.8653
vn 0.0037 -0.5012 0.8653
vn 0.0042 -0.5011 0.8654
vn 0.3707 0.3907 0.8426
vn 0.3705 0.3908 0.8426
vn 0.3703 0.3909 0.8427
vn 0.5710 -0.1270 0.8111
vn 0.5716 -0.1271 0.8106
vn -0.3336 0.4079 0.8499
vn -0.3335 0.4079 0.8499
vn -0.3338 0.4084 0.8496
vn -0.4817 0.1210 0.8679
vn -0.4737 0.1211 0.8723
vn -0.4732 0.1219 0.8725
vn -0.4898 0.1230 0.8631
vn -0.4814 0.1232 0.8678
vn -0.4897 0.1233 0.8631
vn -0.3932 -0.3786 0.8379
vn -0.3933 -0.3786 0.8379
vn 0.1240 0.0038 0.9923
vn 0.1329 0.0100 0.9911
vn 0.1817 0.0325 0.9828
vn -0.3929 -0.3782 0.8382
vn -0.3927 -0.3784 0.8382
vn 0.0001 0.5088 0.8609
vn -0.0000 0.5087 0.8609
vn 0.1064 0.0038 0.9943
vn 0.1263 0.0118 0.9919
vn 0.1089 0.0072 0.9940
vn 0.0042 0.0262 -0.9996
vn 0.0041 0.0264 -0.9996
vn -0.0793 0.2114 -0.9742
vn 0.1391 0.1920 -0.9715
vn 0.0126 0.0311 -0.9994
vn 0.0358 0.2294 -0.9727
vn 0.0126 0.0332 -0.9994
vn 0.0130 0.0336 -0.9993
vn 0.1854 0.1420 -0.9724
vn 0.0707 0.0585 0.9958
vn 0.1236 0.0636 0.9903
vn 0.0542 0.0478 0.9974
vn 0.2078 0.1080 -0.9722
vn 0.0226 0.0202 -0.9995
vn 0.1774 0.1564 -0.9716
vn 0.0183 0.0223 -0.9996
vn 0.0232 0.0166 -0.9996
vn 0.2220 -0.0010 -0.9750
vn -0.0894 0.0351 0.9954
vn -0.0133 0.0116 0.9998
vn -0.0592 0.0257 0.9979
vn -0.0244 0.0139 0.9996
vn -0.0212 0.0033 0.9998
vn -0.0299 0.0111 0.9995
vn 0.0185 0.0168 -0.9997
vn 0.0226 0.0102 -0.9997
vn 0.1928 0.1197 -0.9739
vn 0.2565 -0.1104 -0.9602
vn 0.0282 0.0049 -0.9996
vn 0.2011 0.1106 -0.9733
vn 0.0983 -0.1764 -0.9794
vn 0.0291 0.0088 -0.9995
vn 0.2561 -0.1087 -0.9605
vn 0.7943 -0.6057 0.0482
vn 0.8373 -0.5441 0.0532
vn 0.8331 -0.5507 0.0518
vn 0.9642 -0.2620 0.0404
vn 0.9716 -0.2331 0.0419
vn 0.9642 -0.2621 0.0393
vn 0.9439 -0.1850 0.2734
vn 0.9622 -0.1442 0.2309
vn 0.9601 -0.1469 0.2378
vn 0.9791 -0.1521 -0.1349
vn 0.9786 -0.1059 -0.1765
vn 0.9798 -0.1543 -0.1273
vn 0.9999 -0.0013 -0.0128
vn 0.9457 0.3250 -0.0017
vn 0.9431 0.3323 -0.0146
vn 0.7631 0.6458 -0.0260
vn 0.7536 0.6570 -0.0216
vn 0.7581 0.6516 -0.0263
vn -0.6198 0.0038 0.7847
vn -0.0000 0.0127 0.9999
vn 0.0001 0.0127 0.9999
vn -0.0007 0.0131 0.9999
vn -0.0006 0.0131 0.9999
vn 0.0005 0.0005 1.0000
vn 0.0003 0.0127 0.9999
vn 0.0003 0.0128 0.9999
vn -0.0004 0.0129 0.9999
vn -0.0005 0.0129 0.9999
vn -0.0004 0.0128 0.9999
vn 0.0035 0.0129 -0.9999
vn 0.0036 0.0133 -0.9999
vn 0.0037 0.0133 -0.9999
vn 0.0041 0.0137 -0.9999
vn 0.0041 0.0132 -0.9999
vn 0.0044 0.0142 -0.9999
vn 0.0004 0.0271 0.9996
vn -0.0830 0.2096 0.9742
vn 0.0071 0.0259 0.9996
vn 0.0109 0.0358 0.9993
vn 0.1821 0.1475 0.9722
vn 0.0168 0.0327 0.9993
vn -0.4666 0.2674 0.8431
vn -0.7312 0.0513 0.6802
vn -0.7031 0.0248 0.7106
vn -0.6095 0.0394 0.7918
vn -0.6447 0.0686 0.7614
vn -0.8057 -0.1929 0.5600
vn 0.2083 0.1056 0.9724
vn 0.1782 0.1544 0.9718
vn 0.0226 0.0232 0.9995
vn 0.0170 0.0235 0.9996
vn 0.2217 -0.0027 0.9751
vn 0.0215 0.0183 0.9996
vn 0.6222 -0.0250 0.7824
vn 0.6281 0.0067 0.7781
vn 0.8629 -0.1141 0.4923
vn 0.6274 0.0184 0.7785
vn 0.8712 -0.0465 0.4887
vn 0.8682 -0.0778 0.4901
vn 0.8711 0.0463 -0.4888
vn 0.8681 0.0776 -0.4902
vn 0.6272 -0.0187 -0.7786
vn 0.8162 -0.1493 -0.5581
vn 0.5439 -0.1838 -0.8188
vn 0.5383 -0.2113 -0.8158
vn -0.5430 0.1870 -0.8186
vn -0.5378 0.2138 -0.8155
vn -0.8166 0.1526 -0.5566
vn -0.6277 0.0233 -0.7781
vn -0.8717 -0.0427 -0.4883
vn -0.8690 -0.0746 -0.4892
vn 0.0335 -0.9499 0.3109
vn 0.0291 -0.9503 0.3099
vn 0.0100 -0.9454 0.3258
vn 0.0604 -0.9955 0.0727
vn 0.0993 -0.9925 0.0715
vn 0.0992 -0.9921 0.0764
vn -0.0276 -0.9996 -0.0043
vn -0.0347 -0.9985 -0.0414
vn -0.0336 -0.9986 -0.0415
vn -0.0595 -0.9973 -0.0421
vn -0.0347 -0.9979 -0.0550
vn -0.0343 -0.9978 -0.0566
vn -0.0553 -0.9972 -0.0495
vn -0.0551 -0.9970 -0.0540
vn -0.0210 -0.9983 -0.0550
vn -0.0132 0.0340 -0.9993
vn -0.1831 0.1451 -0.9723
vn -0.0132 0.0346 -0.9993
vn 0.2233 -0.2482 -0.9426
vn 0.6262 -0.1111 -0.7717
vn 0.2959 -0.0696 -0.9527
vn -0.0049 0.0277 -0.9996
vn 0.0818 0.2106 -0.9741
vn -0.1355 0.1947 -0.9715
vn -0.0357 0.2295 -0.9727
vn -0.0135 0.0327 -0.9994
vn -0.6046 0.2422 -0.7588
vn -0.2719 0.2096 -0.9392
vn -0.1985 0.3900 -0.8991
vn 0.6033 0.2464 0.7585
vn 0.2698 0.2151 0.9386
vn 0.1947 0.3904 0.8998
vn -0.6275 -0.1129 0.7704
vn -0.2989 -0.0705 0.9517
vn -0.2253 -0.2518 0.9412
vn -0.0291 0.0088 -0.9995
vn -0.0985 -0.1763 -0.9794
vn -0.2543 -0.1116 -0.9607
vn 0.7444 -0.6487 0.1581
vn 0.6371 -0.6902 0.3431
vn 0.6756 -0.5989 0.4299
vn 0.6976 -0.5925 0.4029
vn 0.6453 -0.6947 0.3176
vn 0.5089 -0.6549 0.5587
vn 0.5814 -0.6664 0.4668
vn 0.4041 -0.6917 0.5986
vn 0.4348 -0.5813 0.6877
vn 0.0965 -0.5691 0.8166
vn 0.0619 -0.6806 0.7301
vn -0.1857 -0.5559 0.8102
vn 0.1349 -0.7162 0.6847
vn -0.0869 -0.7030 0.7059
vn -0.0837 -0.5903 0.8028
vn -0.3468 -0.6089 0.7135
vn -0.5097 -0.6437 0.5709
vn -0.5996 -0.5451 0.5859
vn -0.2032 0.1070 -0.9733
vn -0.0283 0.0049 -0.9996
vn -0.2545 -0.1138 -0.9604
vn -0.5565 -0.6899 0.4630
vn -0.7242 -0.6429 0.2493
vn -0.6472 -0.5856 0.4880
vn -0.0225 0.0102 -0.9997
vn -0.0185 0.0168 -0.9997
vn -0.1948 0.1163 -0.9739
vn -0.6578 -0.6627 0.3580
vn -0.7184 -0.6797 0.1480
vn -0.8080 -0.5717 0.1425
vn -0.0232 0.0168 -0.9996
vn -0.0184 0.0221 -0.9996
vn -0.2209 -0.0051 -0.9753
vn -0.2085 0.1035 -0.9725
vn -0.1790 0.1527 -0.9719
vn -0.0227 0.0205 -0.9995
vn -0.7466 -0.6474 -0.1532
vn -0.6355 -0.6924 -0.3417
vn -0.6777 -0.5961 -0.4306
vn -0.6944 -0.5926 -0.4083
vn -0.6381 -0.6995 -0.3217
vn -0.5041 -0.6559 -0.5618
vn -0.5213 -0.6225 -0.5837
vn -0.3312 -0.6460 -0.6877
vn -0.3331 -0.5351 -0.7764
vn -0.0187 -0.5726 -0.8196
vn -0.0143 -0.6848 -0.7286
vn 0.2425 -0.5905 -0.7698
vn -0.0811 -0.7101 -0.6995
vn 0.1328 -0.7232 -0.6778
vn 0.1575 -0.6132 -0.7741
vn 0.4174 -0.6583 -0.6264
vn 0.5633 -0.6847 -0.4625
vn 0.6518 -0.5855 -0.4821
vn 0.5590 -0.6926 -0.4559
vn 0.7310 -0.6394 -0.2385
vn 0.6469 -0.5877 -0.4859
vn 0.6610 -0.6612 -0.3548
vn 0.7187 -0.6809 -0.1409
vn 0.8083 -0.5730 -0.1356
vn -0.0006 1.0000 -0.0021
vn -0.0006 1.0000 -0.0019
vn -0.0002 1.0000 -0.0022
vn 0.0009 1.0000 -0.0024
vn 0.0004 1.0000 -0.0024
vn -0.0001 1.0000 -0.0023
vn -0.0008 1.0000 -0.0021
vn -0.0001 1.0000 -0.0022
vn 0.0003 1.0000 -0.0021
vn -0.0000 1.0000 -0.0022
vn 0.0006 1.0000 -0.0021
vn -0.0004 1.0000 -0.0022
vn -0.0022 1.0000 -0.0019
vn -0.0018 1.0000 -0.0024
vn -0.0008 1.0000 -0.0026
vn 0.0004 1.0000 -0.0021
vn 0.0001 1.0000 0.0022
vn -0.0005 1.0000 0.0021
vn -0.0003 1.0000 0.0021
vn -0.0003 1.0000 0.0022
vn 0.0005 1.0000 0.0029
vn 0.0006 1.0000 0.0021
vn 0.0012 1.0000 0.0018
vn -0.0002 1.0000 0.0021
vn -0.0006 1.0000 0.0025
vn -0.0000 1.0000 0.0024
vn -0.0000 1.0000 0.0027
vn 0.0012 1.0000 0.0017
vn 0.0017 1.0000 0.0014
vn 0.5943 -0.6948 -0.4051
vn 0.3406 -0.6543 -0.6752
vn 0.3323 -0.6612 -0.6726
vn -0.3219 0.5900 -0.7404
vn -0.3127 0.5983 -0.7377
vn -0.5901 0.6407 -0.4913
vn 0.5956 0.6932 0.4059
vn 0.3411 0.6532 0.6759
vn 0.3326 0.6607 0.6730
vn -0.3222 -0.5894 0.7408
vn -0.3130 -0.5977 0.7381
vn -0.5923 -0.6360 0.4947
vn 0.0024 1.0000 0.0015
vn 0.0017 1.0000 0.0024
vn 0.0008 1.0000 0.0028
vn 0.7420 -0.2538 -0.6206
vn 0.5471 -0.0062 -0.8371
vn 0.5929 0.0241 -0.8049
vn 0.4837 0.5511 -0.6800
vn 0.4738 0.5423 -0.6939
vn 0.1471 0.6713 -0.7264
vn -0.4001 -0.5987 -0.6939
vn -0.6988 -0.4801 -0.5303
vn -0.6958 -0.4735 -0.5401
vn -0.8217 0.1722 -0.5433
vn -0.8536 0.1384 -0.5021
vn -0.8875 0.3956 -0.2365
vn 0.6120 -0.0775 0.7871
vn 0.6074 -0.1091 0.7869
vn 0.2752 -0.0090 0.9613
vn 0.5428 0.2257 0.8089
vn 0.1893 0.2605 0.9467
vn 0.1846 0.2884 0.9395
vn -0.7942 -0.1402 0.5912
vn -0.7899 -0.1581 0.5925
vn -0.9582 -0.1385 0.2503
vn -0.8421 -0.0403 0.5378
vn -0.9831 0.0007 0.1832
vn -0.9826 0.0214 0.1843
vn -0.8837 -0.0000 0.4681
vn -0.8834 -0.0003 0.4687
vn -0.8833 -0.0001 0.4688
vn -0.0012 0.0282 0.9996
vn -0.0078 0.0271 0.9996
vn 0.0788 0.2122 0.9740
vn 0.3058 -0.0001 -0.9521
vn 0.3051 -0.0000 -0.9523
vn 0.8833 -0.0000 0.4688
vn 0.8833 0.0003 0.4688
vn -0.8836 -0.0037 -0.4682
vn -0.8836 -0.0038 -0.4682
vn -0.3058 -0.0001 -0.9521
vn -0.3051 -0.0000 -0.9523
vn -0.2794 0.0035 0.9602
vn -0.2792 0.0034 0.9602
vn -0.4110 0.0038 0.9116
vn -0.2896 0.0063 0.9571
vn -0.4195 0.0062 0.9077
vn -0.4193 0.0124 0.9078
vn 0.2804 -0.0003 0.9599
vn 0.4106 -0.0000 0.9118
vn 0.2804 -0.0004 0.9599
vn 0.2894 0.0027 0.9572
vn 0.4196 0.0088 0.9077
vn 0.4197 0.0025 0.9076
vn 0.8836 -0.0000 -0.4682
vn 0.4701 -0.8815 -0.0448
vn 0.4695 -0.8819 -0.0439
vn 0.4934 -0.8697 -0.0163
vn 0.4833 -0.8730 -0.0654
vn 0.4616 -0.8850 -0.0603
vn 0.4625 -0.8842 -0.0646
vn 0.5579 -0.8195 -0.1310
vn 0.4929 -0.8643 -0.1002
vn 0.5006 -0.8607 -0.0922
vn 0.5420 -0.8396 -0.0346
vn 0.5395 -0.8404 -0.0518
vn 0.4851 -0.8743 -0.0150
vn 0.0007 0.0002 -1.0000
vn 0.0007 0.0001 -1.0000
vn 0.0007 -0.0001 -1.0000
vn 0.0006 0.0003 -1.0000
vn 0.0006 0.0004 -1.0000
vn 0.5396 -0.8418 -0.0131
vn 0.5503 -0.8325 -0.0639
vn 0.5560 -0.8281 -0.0719
vn 0.5541 -0.8206 0.1399
vn 0.5525 -0.8202 0.1484
vn 0.5736 -0.8144 0.0877
vn 0.5959 -0.8031 -0.0014
vn 0.5782 -0.8144 -0.0496
vn 0.5765 -0.8161 -0.0400
vn 0.5223 -0.8527 -0.0079
vn 0.5185 -0.8549 -0.0178
vn 0.4997 -0.8642 -0.0580
vn 0.5087 -0.8580 0.0714
vn 0.5741 -0.8124 0.1018
vn 0.5689 -0.8172 0.0927
vn 0.4724 -0.8744 0.1103
vn 0.4935 -0.8622 0.1148
vn 0.4980 -0.8610 0.1035
vn 0.5321 -0.8463 -0.0244
vn 0.5315 -0.8465 -0.0297
vn 0.5572 -0.8300 -0.0257
vn 0.4669 -0.8843 0.0002
vn 0.4444 -0.8955 0.0251
vn 0.4450 -0.8951 0.0262
vn 0.4657 -0.8834 0.0525
vn 0.4623 -0.8849 0.0564
vn 0.4591 -0.8869 0.0513
vn 0.4878 -0.8729 -0.0113
vn 0.4936 -0.8696 -0.0104
vn 0.4965 -0.8679 -0.0139
vn -0.4478 0.8912 -0.0720
vn -0.4477 0.8912 -0.0721
vn -0.5104 0.8589 -0.0415
vn -0.3722 0.9278 -0.0258
vn -0.3648 0.9308 -0.0218
vn -0.3658 0.9305 -0.0164
vn -0.3640 0.9313 0.0135
vn -0.3603 0.9328 0.0121
vn -0.3807 0.9243 -0.0279
vn -0.3618 0.9322 0.0084
vn -0.3745 0.9268 -0.0266
vn -0.3754 0.9265 -0.0259
vn -0.3730 0.9261 0.0573
vn -0.3800 0.9229 0.0614
vn -0.3798 0.9230 0.0615
vn -0.3357 0.9414 0.0329
vn -0.3343 0.9417 0.0394
vn -0.3428 0.9385 0.0405
vn -0.3842 0.9190 0.0880
vn -0.3366 0.9407 0.0412
vn -0.3425 0.9382 0.0501
vn -0.5673 0.8232 0.0220
vn -0.5059 0.8597 0.0698
vn -0.5060 0.8596 0.0707
vn -0.5541 0.8298 0.0663
vn -0.5573 0.8286 0.0538
vn -0.4966 0.8615 0.1060
vn -0.5675 0.8223 0.0425
vn -0.5617 0.8263 0.0415
vn -0.5614 0.8265 0.0423
vn -0.5660 0.8241 0.0221
vn -0.5663 0.8239 0.0222
vn -0.5577 0.8297 0.0223
vn -0.5714 0.8207 0.0031
vn -0.5704 0.8212 0.0160
vn -0.5701 0.8214 0.0159
vn -0.5101 0.8594 -0.0345
vn -0.5586 0.8293 -0.0179
vn -0.5575 0.8300 -0.0157
vn -0.5083 0.8599 -0.0469
vn -0.5122 0.8582 -0.0340
vn -0.5578 0.8299 -0.0129
vn 0.4878 -0.4534 0.7460
vn 0.4789 -0.4582 0.7488
vn 0.2637 -0.5243 0.8097
vn 0.9245 -0.2075 0.3198
vn 0.7772 -0.2821 0.5625
vn 0.7826 -0.2770 0.5576
vn 0.2455 -0.4243 -0.8716
vn 0.3759 -0.0339 -0.9260
vn 0.3465 -0.0276 -0.9376
vn -0.0159 0.0355 -0.9992
vn 0.0386 -0.0309 -0.9988
vn -0.3313 0.2265 -0.9159
vn 0.6455 0.6452 -0.4087
vn 0.6206 0.6834 -0.3844
vn 0.3143 0.6837 -0.6586
vn 0.1920 0.6803 0.7073
vn 0.5325 0.6999 0.4760
vn 0.5560 0.6592 0.5063
vn 0.9344 0.2099 0.2877
vn 0.9958 0.0818 -0.0416
vn 0.9353 0.1243 0.3314
vn 0.2636 -0.3583 0.8956
vn 0.3135 0.0449 0.9485
vn 0.3213 0.0486 0.9457
vn -0.5796 -0.2237 -0.7836
vn -0.7491 -0.3356 -0.5711
vn -0.5330 -0.2947 -0.7932
vn -0.7841 -0.3389 -0.5199
vn -0.7242 -0.4225 -0.5449
vn -0.5791 -0.2995 -0.7582
vn 0.0429 0.1787 -0.9830
vn -0.0700 -0.3541 -0.9326
vn 0.2198 0.0867 -0.9717
vn -0.6613 -0.2365 0.7119
vn -0.6004 -0.6491 0.4671
vn -0.7071 -0.2579 0.6584
vn -0.5823 -0.0996 0.8069
vn -0.7936 -0.0764 0.6036
vn -0.5967 -0.0023 0.8025
vn 0.0043 -0.1363 0.9907
vn 0.0170 -0.1433 0.9895
vn -0.0231 0.1045 0.9943
vn -0.0114 0.1080 0.9941
vn 0.0435 -0.1347 0.9899
vn 0.0257 0.1145 0.9931
vn 0.0352 0.1018 0.9942
vn -0.0492 -0.1345 0.9897
vn 0.0772 0.0923 0.9927
vn -0.0699 -0.1111 0.9914
vn -0.0816 -0.1189 0.9895
vn 0.0502 0.1001 0.9937
vn 0.1929 -0.9802 0.0440
vn 0.2210 -0.9749 0.0280
vn 0.2329 -0.9721 0.0260
vn 0.0148 0.1005 0.9948
vn -0.0241 0.1065 0.9940
vn -0.0348 -0.1439 0.9890
vn 0.1878 -0.9821 0.0137
vn 0.1886 -0.9818 0.0224
vn 0.1901 -0.9815 0.0221
vn 0.0919 -0.9942 -0.0552
vn 0.0908 -0.9943 -0.0551
vn 0.0914 -0.9947 -0.0466
vn 0.1363 -0.9895 0.0470
vn 0.1106 -0.9938 0.0083
vn 0.1069 -0.9941 0.0187
vn 0.1037 -0.9920 0.0716
vn 0.0975 -0.9931 0.0655
vn 0.0640 -0.9971 0.0402
vn 0.1125 -0.9881 0.1049
vn 0.1718 -0.9791 0.1085
vn 0.1789 -0.9777 0.1101
vn 0.0885 -0.9863 0.1394
vn 0.1103 -0.9860 0.1250
vn 0.1094 -0.9864 0.1225
vn -0.0779 0.0765 0.9940
vn 0.0560 -0.1327 0.9896
vn -0.0646 0.0885 0.9940
vn 0.0909 -0.1171 0.9889
vn 0.0816 -0.1077 0.9908
vn -0.0363 0.1037 0.9939
vn -0.0767 0.0829 0.9936
vn 0.0517 -0.1422 0.9885
vn -0.0364 0.0925 0.9950
vn 0.0919 -0.9945 0.0512
vn 0.0942 -0.9942 0.0523
vn 0.1145 -0.9927 0.0372
vn 0.0784 -0.9966 0.0268
vn 0.0806 -0.9950 0.0594
vn 0.0812 -0.9949 0.0604
vn 0.0824 -0.9962 0.0296
vn 0.0800 -0.9963 0.0298
vn 0.0838 -0.9944 0.0645
vn 0.0573 -0.9975 -0.0419
vn 0.0719 -0.9974 0.0004
vn 0.0763 -0.9971 -0.0003
vn -0.0871 0.0580 0.9945
vn -0.0972 0.0397 0.9945
vn 0.1262 -0.0823 0.9886
vn -0.1025 0.0191 0.9945
vn -0.1018 0.0040 0.9948
vn 0.1425 -0.0253 0.9895
vn 0.1007 -0.9940 -0.0431
vn 0.1000 -0.9941 -0.0424
vn 0.1261 -0.9920 -0.0029
vn -0.1038 -0.0096 0.9946
vn 0.1317 -0.0694 0.9889
vn 0.1344 -0.0627 0.9889
vn 0.1310 -0.9742 -0.1836
vn 0.0642 -0.9827 -0.1736
vn 0.0699 -0.9854 -0.1554
vn 0.0873 -0.9922 0.0885
vn 0.0865 -0.9924 0.0879
vn 0.0200 -0.9946 0.1017
vn -0.2040 0.9778 -0.0468
vn -0.1085 0.9886 -0.1041
vn -0.1079 0.9891 -0.1005
vn -0.1504 0.9883 -0.0266
vn -0.1536 0.9876 -0.0320
vn -0.0517 0.9958 -0.0756
vn -0.1306 0.9908 -0.0364
vn -0.1305 0.9908 -0.0364
vn -0.1484 0.9885 -0.0289
vn -0.1214 0.9916 0.0453
vn -0.1206 0.9927 0.0031
vn -0.1174 0.9931 0.0025
vn -0.0983 0.9950 0.0174
vn -0.1000 0.9948 0.0171
vn -0.0903 0.9956 -0.0258
vn -0.0915 0.9952 0.0333
vn -0.0910 0.9953 0.0332
vn -0.0984 0.9949 0.0202
vn -0.0688 0.9971 0.0329
vn -0.1571 0.9875 0.0107
vn -0.1636 0.9865 0.0078
vn 0.0989 0.0365 0.9944
vn 0.0851 0.0614 0.9945
vn -0.1264 -0.0827 0.9885
vn -0.0176 0.9941 0.1073
vn -0.0172 0.9939 0.1093
vn -0.1081 0.9909 0.0798
vn 0.1473 0.9881 0.0451
vn 0.0813 0.9927 0.0893
vn 0.0812 0.9928 0.0879
vn 0.1385 0.9898 0.0331
vn 0.1405 0.9893 0.0386
vn 0.0792 0.9931 0.0862
vn 0.1123 0.9884 -0.1021
vn 0.0378 0.9912 -0.1272
vn 0.0377 0.9910 -0.1288
vn 0.1077 0.9892 -0.0996
vn 0.1135 0.9889 -0.0960
vn 0.0392 0.9911 -0.1270
vn 0.1449 0.9884 -0.0466
vn 0.1408 0.9874 -0.0720
vn 0.1409 0.9873 -0.0729
vn 0.1494 0.9871 -0.0575
vn 0.1469 0.9877 -0.0531
vn 0.1427 0.9865 -0.0805
vn 0.0782 0.0768 0.9940
vn 0.0648 0.0887 0.9939
vn -0.0591 -0.1320 0.9895
vn 0.1591 0.9872 0.0095
vn 0.1576 0.9874 -0.0158
vn 0.1602 0.9870 -0.0161
vn 0.1520 0.9883 0.0124
vn 0.1516 0.9884 0.0122
vn 0.1572 0.9875 -0.0133
vn 0.1037 0.0162 0.9945
vn -0.1430 -0.0216 0.9895
vn 0.1028 0.0003 0.9947
vn 0.1040 -0.0132 0.9945
vn -0.1360 -0.0594 0.9889
vn -0.1333 -0.0666 0.9888
vn -0.6985 0.7147 0.0345
vn -0.8271 0.4435 -0.3452
vn -0.7083 0.5566 -0.4342
vn -0.6429 -0.0400 -0.7649
vn -0.2465 -0.2004 -0.9482
vn -0.2345 -0.0617 -0.9701
vn -0.9080 -0.4184 -0.0221
vn -0.8725 -0.4704 -0.1322
vn -0.8991 -0.4148 -0.1397
vn -0.4301 -0.3405 0.8361
vn -0.3347 -0.4163 0.8454
vn -0.7111 -0.3163 0.6279
vn -0.9279 0.3612 -0.0923
vn -0.8047 0.3532 -0.4771
vn -0.8392 0.5428 -0.0325
vn -0.9100 -0.4143 -0.0150
vn -0.8836 -0.4681 -0.0155
vn -0.8797 -0.4569 -0.1318
vn 0.8911 0.2024 0.4062
vn 0.9889 0.1260 0.0792
vn 0.9949 -0.0311 0.0962
vn 0.9129 -0.1670 0.3724
vn 0.9525 -0.0336 0.3026
vn 0.9592 -0.2824 -0.0153
vn 0.1288 0.1999 0.9713
vn -0.1379 0.4986 0.8558
vn 0.2200 0.3190 0.9219
vn 0.7434 -0.6579 0.1205
vn 0.7401 -0.6725 -0.0035
vn 0.6617 -0.7377 0.1339
vn 0.7920 -0.6066 -0.0689
vn 0.7235 -0.6872 -0.0656
vn 0.7577 -0.6521 0.0256
vn -0.0572 -0.9958 0.0716
vn 0.0234 -0.9997 -0.0110
vn -0.0754 -0.9879 -0.1353
vn 0.1889 -0.9772 -0.0968
vn 0.3463 -0.9381 0.0108
vn 0.3454 -0.9326 -0.1047
vn 0.8836 -0.4679 -0.0151
vn 0.9101 -0.4140 -0.0147
vn 0.8783 -0.4598 -0.1314
vn 0.8709 -0.4735 -0.1319
vn 0.9081 -0.4181 -0.0216
vn 0.8992 -0.4145 -0.1399
vn 0.6059 0.1645 -0.7784
vn 0.1479 0.1648 -0.9752
vn 0.1171 0.0314 -0.9926
vn 0.5289 -0.0720 -0.8456
vn 0.5594 0.0610 -0.8266
vn 0.0496 -0.0707 -0.9963
vn -0.3163 0.9486 -0.0010
vn -0.3244 0.9459 0.0034
vn -0.3250 0.9457 -0.0010
vn -0.3325 0.9423 0.0380
vn -0.3254 0.9448 0.0375
vn -0.3323 0.9424 0.0377
vn -0.2685 0.9589 0.0922
vn -0.3254 0.9441 0.0533
vn -0.3290 0.9434 0.0410
vn -0.2766 0.9588 0.0643
vn -0.2765 0.9588 0.0650
vn -0.3382 0.9409 0.0166
vn -0.1036 0.9937 0.0437
vn -0.1680 0.9834 0.0692
vn -0.1679 0.9834 0.0681
vn -0.0984 0.9945 0.0365
vn -0.0971 0.9946 0.0377
vn -0.1502 0.9856 0.0779
vn -0.1058 0.9936 0.0398
vn -0.0991 0.9946 0.0301
vn -0.0977 0.9945 0.0367
vn -0.1302 0.9901 0.0518
vn -0.1300 0.9902 0.0516
vn -0.1227 0.9913 0.0477
vn -0.1234 0.9918 -0.0336
vn -0.1255 0.9916 -0.0326
vn -0.1153 0.9933 0.0080
vn -0.1311 0.9912 -0.0182
vn -0.1061 0.9942 0.0164
vn -0.1033 0.9945 0.0149
vn -0.1199 0.9925 -0.0238
vn -0.1132 0.9934 -0.0189
vn -0.1199 0.9924 -0.0279
vn -0.1586 0.9857 -0.0564
vn -0.1029 0.9946 -0.0151
vn -0.1060 0.9943 -0.0116
vn -0.1616 0.9844 -0.0692
vn -0.1616 0.9843 -0.0711
vn -0.1078 0.9937 -0.0301
vn -0.3355 0.9414 -0.0347
vn -0.2744 0.9594 -0.0646
vn -0.2744 0.9595 -0.0641
vn -0.3294 0.9438 -0.0288
vn -0.3288 0.9438 -0.0334
vn -0.3295 0.9437 -0.0290
vn -0.9830 0.1062 0.1500
vn -0.9451 0.3231 0.0499
vn -0.9898 0.1340 0.0482
vn -0.9385 0.3198 0.1301
vn -0.9280 0.3498 0.1283
vn -0.9403 0.3332 0.0700
vn -0.8830 0.4431 0.1549
vn -0.8918 0.4012 0.2093
vn -0.8469 0.4869 0.2136
vn -0.0978 0.9918 -0.0822
vn -0.0406 0.9992 0.0023
vn -0.0277 0.9928 -0.1163
vn 0.3895 -0.9128 -0.1230
vn 0.3154 -0.9260 -0.2073
vn 0.3134 -0.9274 -0.2041
vn -0.0199 0.9784 0.2057
vn 0.1265 0.9595 0.2517
vn 0.0115 0.9977 0.0675
vn 0.3741 0.9203 0.1141
vn 0.5198 0.8499 0.0864
vn 0.3511 0.9362 0.0159
vn 0.8482 0.4840 0.2153
vn 0.8921 0.4010 0.2082
vn 0.8837 0.4407 0.1578
vn 0.9279 0.3500 0.1284
vn 0.9397 0.3163 0.1301
vn 0.9401 0.3335 0.0701
vn 0.4575 -0.8805 -0.1240
vn 0.4608 -0.8787 -0.1248
vn 0.4053 -0.8882 -0.2165
vn 0.9836 0.1004 0.1495
vn 0.9901 0.1317 0.0482
vn 0.9458 0.3209 0.0498
vn 0.4505 -0.8926 0.0189
vn 0.4492 -0.8920 -0.0495
vn 0.4488 -0.8923 -0.0495
vn 0.8166 0.5740 -0.0604
vn 0.8189 0.5566 -0.1398
vn 0.7511 0.6545 -0.0865
vn 0.7752 0.6214 -0.1141
vn 0.6654 0.7360 -0.1245
vn 0.6642 0.7470 -0.0280
vn 0.4640 0.8857 -0.0130
vn 0.4990 0.8605 -0.1024
vn 0.3252 0.9401 -0.1020
vn -0.0288 0.9922 -0.1210
vn -0.1853 0.9717 -0.1468
vn -0.1330 0.9891 -0.0633
vn -0.3439 0.9294 0.1339
vn -0.4422 0.8963 -0.0335
vn -0.5024 0.8634 0.0474
vn -0.5589 0.8070 -0.1909
vn -0.7041 0.6715 -0.2308
vn -0.5912 0.8032 -0.0731
vn -0.6238 0.7740 -0.1086
vn -0.7463 0.6397 -0.1841
vn -0.7600 0.6414 -0.1047
vn 0.1886 -0.9534 0.2353
vn 0.1796 -0.9593 0.2179
vn 0.1225 -0.9860 0.1134
vn -0.3088 -0.9361 -0.1686
vn -0.3082 -0.9505 -0.0395
vn -0.1498 -0.9743 -0.1683
vn 0.2530 -0.9324 0.2580
vn 0.2425 -0.9312 0.2722
vn 0.2423 -0.9315 0.2713
vn 0.2602 -0.9332 0.2479
vn 0.2603 -0.9332 0.2478
vn 0.2497 -0.9325 0.2610
vn 0.3186 -0.9240 0.2113
vn 0.2760 -0.9287 0.2476
vn 0.2761 -0.9287 0.2477
vn 0.3171 -0.9213 0.2253
vn 0.3154 -0.9233 0.2192
vn 0.2739 -0.9267 0.2571
vn -0.7092 -0.7049 0.0038
vn -0.7835 -0.6214 0.0004
vn -0.7309 -0.6743 0.1048
vn -0.6888 -0.7126 0.1335
vn -0.7651 -0.6439 0.0014
vn -0.7695 -0.6273 0.1201
vn 0.3882 -0.9130 0.1258
vn 0.3263 -0.9204 0.2154
vn 0.3279 -0.9193 0.2178
vn 0.3691 -0.9282 0.0465
vn 0.3679 -0.9287 0.0456
vn 0.3058 -0.9420 0.1383
vn 0.4097 -0.9120 -0.0184
vn 0.3873 -0.9212 0.0383
vn 0.3906 -0.9197 0.0400
vn -0.1107 -0.0212 -0.9936
vn 0.1350 0.0189 -0.9907
vn 0.1343 0.0020 -0.9909
vn 0.3552 -0.0751 -0.9318
vn 0.3473 -0.0782 -0.9345
vn 0.2013 -0.4507 -0.8697
vn 0.1426 0.0041 -0.9898
vn -0.0942 -0.0498 -0.9943
vn -0.0970 -0.0427 -0.9944
vn -0.9304 -0.0767 -0.3585
vn -0.6876 -0.0136 -0.7260
vn -0.9457 0.0129 -0.3248
vn -0.6249 0.0151 -0.7806
vn -0.6278 0.0979 -0.7722
vn -0.8999 0.0581 -0.4323
vn 0.0259 -0.0359 -0.9990
vn -0.0519 0.1425 -0.9884
vn 0.4609 0.1910 -0.8667
vn 0.6679 0.5467 -0.5050
vn 0.6427 0.6032 -0.4724
vn 0.3213 0.6379 -0.6999
vn 0.1309 0.0685 -0.9890
vn -0.0686 -0.0812 -0.9943
vn 0.0975 0.1128 -0.9888
vn 0.0591 0.1359 -0.9890
vn -0.0601 -0.0876 -0.9943
vn -0.0425 -0.0837 -0.9956
vn 0.3826 0.6065 0.6970
vn 0.7022 0.5315 0.4738
vn 0.7177 0.4840 0.5006
vn 0.9553 -0.0368 0.2934
vn 0.9839 -0.1745 -0.0384
vn 0.9363 -0.1126 0.3328
vn 0.1559 -0.4400 0.8844
vn 0.3240 -0.0789 0.9428
vn 0.3378 -0.0811 0.9377
vn 0.0872 0.1327 -0.9873
vn -0.0012 -0.1073 -0.9942
vn 0.0516 0.1363 -0.9893
vn -0.7913 -0.0070 0.6114
vn -0.8227 -0.4229 0.3800
vn -0.8237 -0.0222 0.5666
vn -0.6419 0.1788 0.7456
vn -0.8292 0.2564 0.4966
vn -0.6273 0.2659 0.7320
vn 0.0362 0.1489 -0.9882
vn 0.0348 -0.1043 -0.9939
vn -0.0028 0.1432 -0.9897
vn -0.0373 0.1356 -0.9901
vn 0.0038 -0.1091 -0.9940
vn 0.0173 -0.0995 -0.9949
vn -0.0695 0.9975 0.0092
vn -0.0675 0.9976 0.0127
vn -0.0743 0.9972 -0.0119
vn -0.0628 0.9979 0.0148
vn -0.0719 0.9974 0.0008
vn -0.0736 0.9973 -0.0034
vn -0.0858 0.9938 0.0707
vn -0.0787 0.9944 0.0700
vn -0.0859 0.9949 0.0536
vn 0.0051 0.9927 0.1201
vn -0.0843 0.9936 0.0746
vn -0.0870 0.9939 0.0671
vn 0.0003 0.9949 0.1013
vn 0.0004 0.9947 0.1031
vn -0.0929 0.9943 0.0527
vn 0.2087 0.9748 0.0784
vn 0.1221 0.9870 0.1044
vn 0.1223 0.9872 0.1024
vn 0.2116 0.9754 0.0623
vn 0.2063 0.9760 0.0699
vn 0.1246 0.9870 0.1017
vn 0.2059 0.9767 0.0600
vn 0.2047 0.9771 0.0588
vn 0.2065 0.9766 0.0607
vn 0.1929 0.9793 0.0621
vn 0.1933 0.9791 0.0625
vn 0.1927 0.9793 0.0619
vn 0.1987 0.9796 -0.0313
vn 0.1964 0.9801 -0.0298
vn 0.2171 0.9760 0.0162
vn 0.1824 0.9821 -0.0463
vn 0.2067 0.9784 0.0052
vn 0.2104 0.9776 0.0031
vn 0.0954 -0.0460 -0.9944
vn -0.1426 0.0078 -0.9897
vn 0.0953 -0.0462 -0.9944
vn 0.1108 -0.0257 -0.9935
vn -0.1337 0.0054 -0.9910
vn -0.1341 0.0215 -0.9907
vn 0.1965 0.9793 -0.0488
vn 0.1959 0.9794 -0.0483
vn 0.1957 0.9795 -0.0482
vn 0.1321 0.9880 -0.0796
vn 0.2153 0.9756 -0.0424
vn 0.2214 0.9745 -0.0356
vn 0.1217 0.9871 -0.1041
vn 0.1215 0.9868 -0.1068
vn 0.2064 0.9766 -0.0609
vn -0.0949 0.9933 -0.0661
vn -0.0001 0.9948 -0.1015
vn -0.0002 0.9950 -0.1000
vn -0.0885 0.9948 -0.0506
vn -0.0850 0.9947 -0.0576
vn 0.0059 0.9953 -0.0968
vn -0.0725 0.9959 -0.0549
vn -0.0624 0.9958 -0.0665
vn -0.0696 0.9953 -0.0675
vn -0.0846 0.9953 -0.0469
vn -0.0854 0.9950 -0.0511
vn -0.0834 0.9945 -0.0638
vn -0.0356 -0.0243 -0.9991
vn -0.4720 0.1985 -0.8589
vn 0.0410 0.1563 -0.9869
vn -0.2853 -0.9068 -0.3104
vn -0.3379 -0.9248 -0.1748
vn -0.3326 -0.9277 -0.1695
vn -0.1308 0.0688 -0.9890
vn -0.0972 0.1130 -0.9888
vn 0.0715 -0.0788 -0.9943
vn 0.0592 -0.0874 -0.9944
vn -0.0696 0.1315 -0.9889
vn 0.0426 -0.0828 -0.9957
vn -0.1834 -0.9050 -0.3838
vn -0.1760 -0.9059 -0.3852
vn -0.2867 -0.9057 -0.3123
vn 0.0953 -0.9129 -0.3969
vn -0.0429 -0.9132 -0.4052
vn -0.0499 -0.9138 -0.4032
vn 0.3718 -0.8924 -0.2559
vn 0.3771 -0.8934 -0.2441
vn 0.2649 -0.8715 -0.4126
vn 0.3602 -0.9319 0.0431
vn 0.3434 -0.9331 -0.1067
vn 0.3469 -0.9303 -0.1192
vn -0.3462 -0.9239 0.1629
vn -0.3667 -0.9303 -0.0116
vn -0.3716 -0.9283 -0.0164
vn -0.0944 0.1289 -0.9872
vn -0.0540 0.1366 -0.9892
vn 0.0225 -0.1021 -0.9945
vn -0.3355 -0.9255 0.1759
vn -0.3313 -0.9280 0.1708
vn -0.3651 -0.9309 -0.0081
vn -0.2689 -0.9218 0.2791
vn -0.3301 -0.9259 0.1839
vn -0.3377 -0.9238 0.1803
vn -0.0994 -0.9541 0.2825
vn -0.1014 -0.9553 0.2777
vn -0.1655 -0.9711 0.1720
vn -0.0841 -0.9638 0.2530
vn -0.1726 -0.9709 0.1663
vn -0.1686 -0.9709 0.1699
vn 0.0128 -0.9900 0.1406
vn -0.1163 -0.9751 0.1889
vn -0.1094 -0.9763 0.1868
vn -0.0233 -0.8904 0.4545
vn -0.0355 -0.8907 0.4531
vn -0.1588 -0.8698 0.4671
vn 0.2419 -0.9405 0.2387
vn 0.1094 -0.9160 0.3860
vn 0.1223 -0.9139 0.3872
vn -0.0286 0.1518 -0.9880
vn 0.0027 0.1446 -0.9895
vn -0.0553 -0.0964 -0.9938
vn 0.2164 -0.9687 0.1219
vn 0.2081 -0.9691 0.1322
vn 0.0784 -0.9568 0.2798
vn -0.0039 -0.1090 -0.9940
vn 0.0427 0.1343 -0.9900
vn -0.0063 -0.1002 -0.9949
vn 0.3426 -0.9387 -0.0393
vn 0.2786 -0.9556 0.0964
vn 0.2910 -0.9526 0.0892
vn -0.9212 -0.0956 -0.3772
vn -0.7493 0.0588 -0.6596
vn -0.9298 0.0280 -0.3669
vn -0.7398 -0.0784 -0.6683
vn -0.7784 0.0312 -0.6270
vn -0.9287 -0.1482 -0.3400
vn 0.0120 -0.0254 -0.9996
vn 0.0532 0.0302 -0.9981
vn -0.2496 0.4405 -0.8624
vn 0.3949 -0.2062 -0.8953
vn 0.0853 -0.0378 -0.9956
vn 0.0337 -0.1470 -0.9886
vn 0.1618 0.2242 -0.9610
vn -0.2136 -0.0341 -0.9763
vn -0.1613 0.0315 -0.9864
vn -0.3538 -0.4031 -0.8440
vn -0.4685 -0.0077 -0.8834
vn -0.4916 -0.0180 -0.8706
vn -0.9736 0.2041 -0.1020
vn -0.9722 0.0493 0.2289
vn -0.9797 0.1357 -0.1478
vn 0.9820 -0.0163 0.1881
vn 0.9685 -0.2404 -0.0646
vn 0.9644 -0.2582 0.0570
vn -0.4553 0.6980 -0.5527
vn -0.7212 0.6496 -0.2405
vn -0.7382 0.6236 -0.2571
vn 0.9729 0.1617 -0.1653
vn 0.9656 0.2367 -0.1074
vn 0.7933 0.3324 -0.5101
vn -0.3378 0.4501 0.8266
vn -0.3220 0.5442 0.7747
vn -0.1464 0.4022 0.9038
vn 0.4783 -0.4207 0.7708
vn 0.5359 -0.3288 0.7776
vn 0.7298 -0.4514 0.5134
vn 0.5581 -0.2805 0.7809
vn 0.7934 -0.3531 0.4959
vn 0.7332 -0.4333 0.5241
vn 0.0384 0.1839 0.9822
vn 0.3654 0.3019 0.8805
vn 0.0891 0.0474 0.9949
vn 0.6767 -0.3857 -0.6272
vn 0.4418 -0.3434 -0.8288
vn 0.6178 -0.4609 -0.6371
vn 0.4381 -0.2137 -0.8731
vn 0.3851 -0.2883 -0.8767
vn 0.6402 -0.3259 -0.6957
vn -0.1977 0.0270 0.9799
vn -0.1522 0.0220 0.9881
vn -0.1944 -0.2936 0.9360
vn 0.1415 -0.1380 0.9803
vn 0.4375 0.1329 0.8893
vn 0.4447 -0.0117 0.8956
vn -0.6637 0.0498 0.7463
vn -0.8851 -0.1530 0.4396
vn -0.9127 -0.0243 0.4080
vn -0.5119 -0.8550 -0.0832
vn -0.4841 -0.8718 -0.0753
vn -0.4836 -0.8722 -0.0732
vn -0.5152 -0.8546 -0.0649
vn -0.5152 -0.8546 -0.0652
vn -0.5252 -0.8500 -0.0418
vn -0.5354 -0.8422 -0.0629
vn -0.5557 -0.8314 0.0086
vn -0.5523 -0.8336 0.0089
vn -0.5570 -0.8252 0.0934
vn -0.5562 -0.8258 0.0932
vn -0.5558 -0.8256 0.0975
vn -0.5042 -0.8512 0.1460
vn -0.4983 -0.8538 0.1510
vn -0.5046 -0.8501 0.1506
vn -0.5286 -0.8429 0.1006
vn -0.5220 -0.8469 0.1010
vn -0.4897 -0.8607 0.1394
vn -0.4834 -0.8649 0.1350
vn -0.4801 -0.8655 0.1427
vn -0.4525 -0.8762 0.1659
vn -0.5647 -0.7970 0.2144
vn -0.5362 -0.8118 0.2313
vn -0.5359 -0.8117 0.2324
vn -0.4546 -0.8559 0.2466
vn -0.4545 -0.8558 0.2470
vn -0.4852 -0.8265 0.2854
vn -0.4542 -0.8626 0.2228
vn -0.4592 -0.8565 0.2357
vn -0.4501 -0.8841 0.1258
vn -0.5445 -0.8351 -0.0783
vn -0.5230 -0.8342 -0.1752
vn -0.5162 -0.8347 -0.1919
vn -0.5443 -0.8382 0.0351
vn -0.5508 -0.8330 0.0518
vn -0.5580 -0.8273 -0.0651
vn -0.5035 -0.8602 0.0810
vn -0.5105 -0.8578 0.0605
vn -0.5093 -0.8591 0.0507
vn -0.2996 -0.9532 0.0395
vn -0.2966 -0.9541 0.0410
vn -0.2994 -0.9537 0.0280
vn -0.6443 -0.1167 0.7558
vn -0.8812 -0.1859 0.4347
vn -0.6803 0.0282 0.7324
vn -0.4808 -0.8734 -0.0771
vn -0.5148 -0.8526 -0.0900
vn -0.5087 -0.8567 -0.0858
vn -0.1285 0.9866 0.1007
vn -0.1925 0.9738 0.1212
vn -0.1926 0.9738 0.1206
vn 0.4915 0.8634 -0.1134
vn 0.5493 0.8325 -0.0719
vn 0.5480 0.8330 -0.0760
vn 0.5518 0.8304 -0.0775
vn 0.5518 0.8304 -0.0773
vn 0.5538 0.8298 -0.0685
vn 0.5531 0.8303 -0.0686
vn 0.5534 0.8301 -0.0681
vn 0.5465 0.8348 -0.0667
vn 0.5614 0.8243 -0.0732
vn 0.5523 0.8305 -0.0727
vn 0.5550 0.8288 -0.0708
vn 0.5636 0.8229 -0.0722
vn 0.5548 0.8298 -0.0605
vn 0.5016 0.8651 -0.0091
vn 0.5619 0.8254 -0.0544
vn 0.5046 0.8633 -0.0072
vn 0.5044 0.8634 -0.0079
vn 0.4127 0.9108 0.0142
vn 0.4128 0.9107 0.0172
vn 0.3644 0.9312 -0.0118
vn 0.3931 0.9178 -0.0551
vn 0.3443 0.9349 -0.0859
vn 0.3507 0.9317 -0.0940
vn 0.3930 0.9191 -0.0285
vn 0.3913 0.9199 -0.0275
vn 0.3821 0.9210 -0.0759
vn 0.3785 0.9254 -0.0187
vn 0.3677 0.9274 -0.0679
vn 0.3748 0.9247 -0.0675
vn 0.3728 0.9187 -0.1302
vn 0.3726 0.9188 -0.1300
vn 0.3670 0.9223 -0.1209
vn 0.4020 0.9029 -0.1518
vn 0.3907 0.9098 -0.1401
vn 0.3964 0.9067 -0.1438
vn 0.3734 0.9273 -0.0262
vn 0.3738 0.9272 -0.0261
vn 0.4020 0.9118 -0.0839
vn -0.1172 0.9881 0.0991
vn -0.1158 0.9882 0.1004
vn -0.1697 0.9764 0.1333
vn -0.0956 0.9935 0.0621
vn -0.1051 0.9917 0.0737
vn -0.1043 0.9918 0.0744
vn 0.5409 0.8331 -0.1154
vn 0.4928 0.8598 -0.1339
vn 0.4806 0.8652 -0.1433
vn -0.1235 0.9897 0.0728
vn -0.1252 0.9891 0.0773
vn -0.1337 0.9870 0.0893
vn -0.1108 0.9931 -0.0377
vn -0.1140 0.9928 -0.0364
vn -0.1000 0.9947 0.0217
vn -0.1402 0.9881 -0.0628
vn -0.1054 0.9944 -0.0004
vn -0.1023 0.9947 -0.0021
vn -0.2850 -0.0883 -0.9545
vn -0.3610 -0.1065 -0.9265
vn 0.1674 -0.3060 -0.9372
vn -0.1231 0.9907 -0.0574
vn -0.1231 0.9908 -0.0570
vn -0.1202 0.9920 -0.0392
vn -0.1755 0.9807 -0.0862
vn -0.1188 0.9917 -0.0491
vn -0.1223 0.9914 -0.0457
vn -0.1857 0.9750 -0.1218
vn -0.1856 0.9748 -0.1242
vn -0.1306 0.9875 -0.0884
vn -0.4062 0.9116 -0.0631
vn -0.3212 0.9399 -0.1161
vn -0.3212 0.9400 -0.1147
vn -0.3975 0.9169 -0.0352
vn -0.3888 0.9201 -0.0470
vn -0.3075 0.9457 -0.1055
vn -0.4059 0.9129 0.0424
vn -0.3185 0.9409 0.1152
vn -0.3187 0.9407 0.1160
vn -0.3877 0.9185 0.0778
vn -0.3965 0.9158 0.0646
vn -0.3090 0.9405 0.1413
vn -0.3974 0.9153 0.0657
vn -0.3881 0.9190 0.0692
vn -0.3879 0.9187 0.0737
vn -0.3915 0.9193 0.0401
vn -0.3906 0.9197 0.0404
vn -0.3851 0.9216 0.0496
vn -0.3806 0.9232 -0.0543
vn -0.3899 0.9193 -0.0537
vn -0.3884 0.9200 -0.0523
vn -0.3664 0.9286 -0.0589
vn -0.3673 0.9285 -0.0552
vn -0.3755 0.9253 -0.0533
vn 0.3142 0.1641 0.9351
vn 0.7221 0.1883 0.6656
vn 0.2919 0.0156 0.9563
vn 0.2267 -0.1163 0.9670
vn 0.6907 0.0480 0.7215
vn 0.6674 -0.0928 0.7389
vn 0.1372 -0.8824 0.4501
vn 0.2111 -0.8677 0.4501
vn 0.6427 -0.7643 -0.0521
vn 0.9579 0.1618 -0.2373
vn 0.7914 0.2267 -0.5677
vn 0.9647 0.0098 -0.2630
vn 0.9321 0.1364 -0.3357
vn 0.6894 0.3002 -0.6593
vn 0.7212 0.1746 -0.6704
vn 0.1557 -0.8854 0.4379
vn 0.1554 -0.8853 0.4383
vn 0.6424 -0.7647 -0.0516
vn -0.1595 -0.9826 0.0953
vn -0.0410 -0.9545 0.2954
vn -0.0458 -0.9583 0.2820
vn 0.0647 -0.1017 -0.9927
vn -0.3159 0.0962 -0.9439
vn -0.3779 -0.0496 -0.9245
vn -0.1360 -0.9888 0.0621
vn -0.1522 -0.9842 0.0901
vn -0.0708 -0.9556 0.2859
vn -0.0851 -0.9473 -0.3089
vn -0.1305 -0.9881 -0.0815
vn -0.1199 -0.9913 -0.0548
vn -0.8212 -0.0460 0.5688
vn -0.7131 0.0681 0.6977
vn -0.5883 0.0073 0.8086
vn -0.0744 -0.9488 -0.3071
vn -0.0749 -0.9449 -0.3186
vn -0.1283 -0.9886 -0.0790
vn 0.2151 -0.8529 -0.4758
vn 0.1492 -0.8693 -0.4711
vn 0.1427 -0.8712 -0.4697
vn 0.2204 -0.8675 -0.4459
vn 0.2093 -0.8676 -0.4510
vn 0.1356 -0.8840 -0.4473
vn -0.8642 0.2655 -0.4273
vn -0.9263 0.3766 -0.0134
vn -0.9218 0.0903 -0.3771
vn -0.8967 0.0321 -0.4415
vn -0.9589 0.2806 -0.0419
vn -0.9974 0.0642 -0.0335
vn 0.5964 -0.7257 -0.3431
vn 0.4714 -0.7794 -0.4127
vn 0.4812 -0.7785 -0.4029
vn 0.4316 -0.8745 -0.2215
vn 0.4158 -0.8785 -0.2354
vn 0.2893 -0.9151 -0.2808
vn -0.8191 0.0403 0.5723
vn -0.5552 -0.0023 0.8317
vn -0.5643 -0.1455 0.8126
vn 0.5183 -0.8518 -0.0759
vn 0.5167 -0.8524 -0.0804
vn 0.4583 -0.8561 -0.2388
vn 0.5056 -0.8455 -0.1718
vn 0.4934 -0.8241 -0.2781
vn 0.4987 -0.8222 -0.2743
vn 0.5909 -0.8039 0.0668
vn 0.5894 -0.8045 0.0732
vn 0.6160 -0.7870 -0.0347
vn 0.4731 -0.8417 0.2600
vn 0.5631 -0.8207 0.0973
vn 0.5684 -0.8175 0.0929
vn 0.4664 -0.8147 0.3446
vn 0.4571 -0.8161 0.3536
vn 0.5603 -0.8051 0.1945
vn -0.7133 -0.5241 -0.4654
vn -0.6780 -0.5457 -0.4924
vn -0.3409 -0.5373 -0.7714
vn 0.2893 -0.9001 -0.3259
vn 0.3049 -0.8952 -0.3251
vn 0.3206 -0.9412 -0.1070
vn 0.6074 -0.7623 -0.2236
vn 0.5915 -0.8063 0.0040
vn 0.5925 -0.8055 0.0049
vn 0.4481 -0.8934 0.0321
vn 0.4536 -0.8904 0.0371
vn 0.3521 -0.9123 0.2090
vn 0.7357 -0.3519 0.5787
vn 0.6099 -0.3811 0.6948
vn 0.6053 -0.3764 0.7014
vn 0.3511 -0.6370 0.6863
vn 0.3543 -0.6296 0.6914
vn 0.1096 -0.6629 0.7407
vn 0.3075 -0.8403 0.4465
vn 0.4365 -0.8204 0.3693
vn 0.4498 -0.8198 0.3544
vn 0.3166 -0.8423 0.4362
vn 0.3062 -0.8426 0.4430
vn 0.4510 -0.8183 0.3563
vn -0.7689 -0.2441 0.5909
vn -0.7822 -0.2304 0.5788
vn -0.4756 -0.3308 0.8151
vn 0.5668 0.0048 0.8239
vn 0.2396 -0.1547 0.9585
vn 0.2129 -0.1272 0.9688
vn 0.1654 0.9862 0.0072
vn 0.1650 0.9863 0.0070
vn 0.1706 0.9852 -0.0185
vn 0.1539 0.9880 0.0121
vn 0.1524 0.9882 -0.0131
vn 0.1549 0.9878 -0.0136
vn 0.1441 0.9879 -0.0568
vn 0.1410 0.9886 -0.0523
vn 0.1372 0.9874 -0.0793
vn 0.1371 0.9898 -0.0392
vn 0.1323 0.9890 -0.0656
vn 0.1325 0.9890 -0.0659
vn -0.0199 0.9846 -0.1739
vn -0.0155 0.9856 -0.1681
vn -0.0896 0.9764 -0.1967
vn 0.0809 0.9960 0.0388
vn 0.0064 1.0000 0.0057
vn 0.0066 1.0000 0.0037
vn -0.0111 0.9998 -0.0149
vn -0.0837 0.9944 0.0642
vn -0.0826 0.9945 0.0649
vn -0.0035 0.9969 -0.0791
vn -0.0033 0.9968 -0.0796
vn 0.0128 0.9963 -0.0846
vn -0.1375 0.9903 -0.0205
vn -0.1213 0.9922 -0.0282
vn -0.1218 0.9922 -0.0283
vn -0.1219 0.9923 -0.0227
vn -0.1180 0.9928 -0.0220
vn -0.1272 0.9917 0.0210
vn -0.1442 0.9895 0.0068
vn -0.1474 0.9879 0.0488
vn -0.1486 0.9877 0.0493
vn -0.1338 0.9894 0.0556
vn -0.0800 0.9934 0.0826
vn -0.0737 0.9935 0.0866
vn 0.1403 0.9893 0.0397
vn 0.1424 0.9888 0.0452
vn 0.0815 0.9924 0.0917
vn 0.0369 0.9992 0.0133
vn -0.0310 0.9978 0.0579
vn -0.0304 0.9978 0.0595
vn 0.0357 0.9989 0.0288
vn 0.0344 0.9991 0.0265
vn -0.0606 0.9975 0.0357
vn 0.9310 -0.1175 -0.3456
vn 0.8932 -0.2406 -0.3799
vn 0.9769 -0.2135 -0.0042
vn 0.7128 0.6188 0.3301
vn 0.3394 0.7349 0.5871
vn 0.6573 0.7084 0.2572
vn 0.0540 -0.0566 0.9969
vn 0.0180 0.0901 0.9958
vn 0.4367 0.1256 0.8908
vn 0.1157 0.5489 -0.8278
vn -0.2109 0.2344 -0.9490
vn -0.0912 0.1855 -0.9784
vn -0.4691 -0.0909 -0.8784
vn -0.7531 -0.2549 -0.6066
vn -0.3646 -0.1697 -0.9156
vn -0.8527 0.1102 -0.5107
vn -0.8151 0.1974 -0.5446
vn -0.9710 0.1963 -0.1363
vn -0.1978 -0.2503 -0.9478
vn 0.1689 0.0594 -0.9838
vn 0.1799 0.0409 -0.9828
vn -0.9207 -0.0518 0.3868
vn -0.7536 -0.0686 0.6537
vn -0.9182 -0.2001 0.3417
vn -0.8678 -0.0395 0.4954
vn -0.6137 0.1543 0.7743
vn -0.6049 0.0224 0.7960
vn 0.0647 0.3657 -0.9285
vn 0.3972 0.4177 -0.8172
vn 0.3986 0.4469 -0.8009
vn 0.9676 0.2252 -0.1143
vn 0.9241 0.2508 0.2884
vn 0.8940 0.4143 -0.1708
vn -0.8659 0.0518 -0.4975
vn -0.6112 -0.0090 -0.7914
vn -0.6317 0.0479 -0.7737
vn -0.9126 -0.1987 -0.3574
vn -0.8877 -0.2470 -0.3885
vn -0.6973 -0.1860 -0.6922
vn 0.6330 -0.2129 -0.7443
vn 0.5551 -0.3222 -0.7668
vn 0.8641 -0.1737 -0.4724
vn 0.3153 0.0119 0.9489
vn 0.3832 -0.1261 0.9150
vn -0.0560 -0.1880 0.9806
vn 0.6425 -0.7645 -0.0516
vn -0.7264 -0.2111 0.6540
vn -0.7628 -0.1548 0.6278
vn 0.9166 0.3985 0.0324
vn 0.9072 0.1082 0.4065
vn 0.8403 0.2702 0.4700
vn 0.6425 -0.7645 -0.0517
vn -0.4111 -0.2344 0.8810
vn -0.7255 -0.2661 0.6347
vn 0.2506 -0.6927 0.6763
vn 0.0332 -0.7776 0.6279
vn 0.0359 -0.7728 0.6336
vn -0.2931 -0.8179 0.4951
vn -0.2932 -0.8238 0.4852
vn -0.4633 -0.8147 0.3487
vn -0.5248 -0.8297 0.1901
vn -0.5708 -0.8190 -0.0586
vn -0.5789 -0.8132 -0.0590
vn -0.5493 -0.8114 -0.1996
vn -0.5410 -0.8159 -0.2039
vn -0.4622 -0.7968 -0.3892
vn -0.2517 -0.7807 -0.5720
vn -0.0339 -0.7315 -0.6810
vn -0.0345 -0.7295 -0.6831
vn -0.0338 -0.7315 -0.6810
vn -0.0498 -0.7387 -0.6722
vn 0.1946 -0.6437 -0.7401
vn 0.1866 0.9793 0.0784
vn 0.0998 0.9896 0.1035
vn 0.0999 0.9897 0.1021
vn 0.1935 0.9783 0.0743
vn 0.1949 0.9778 0.0765
vn 0.1131 0.9876 0.1086
vn -0.1501 0.9886 -0.0126
vn -0.1496 0.9887 -0.0125
vn -0.1553 0.9878 0.0130
vn -0.1604 0.9870 -0.0084
vn -0.1588 0.9872 0.0170
vn -0.1614 0.9867 0.0173
vn -0.1541 0.9863 0.0582
vn -0.1517 0.9870 0.0535
vn -0.1439 0.9862 0.0816
vn -0.1495 0.9877 0.0452
vn -0.1416 0.9874 0.0713
vn -0.1417 0.9873 0.0723
vn -0.1076 0.9892 0.0993
vn -0.1134 0.9889 0.0956
vn -0.0392 0.9912 0.1268
vn -0.1125 0.9884 0.1016
vn -0.0376 0.9911 0.1273
vn -0.0374 0.9910 0.1289
vn 0.1052 0.9890 0.1037
vn 0.1045 0.9895 0.1002
vn 0.2050 0.9777 0.0465
vn 0.0531 0.9956 0.0776
vn 0.1552 0.9875 0.0281
vn 0.1584 0.9868 0.0338
vn 0.1519 0.9880 0.0296
vn 0.1343 0.9903 0.0371
vn 0.1341 0.9903 0.0371
vn 0.1231 0.9924 -0.0059
vn 0.1200 0.9928 -0.0053
vn 0.1200 0.9915 -0.0493
vn 0.0904 0.9955 0.0268
vn 0.0949 0.9953 -0.0173
vn 0.0966 0.9952 -0.0175
vn 0.0942 0.9953 -0.0215
vn 0.0941 0.9949 -0.0348
vn 0.1609 0.9869 -0.0117
vn 0.1600 0.9871 -0.0094
vn 0.0689 0.9971 -0.0339
vn 0.1052 0.9912 -0.0807
vn 0.0185 0.9940 -0.1075
vn 0.0180 0.9938 -0.1095
vn -0.0829 0.9926 -0.0890
vn -0.0828 0.9927 -0.0875
vn -0.1451 0.9884 -0.0447
vn -0.0771 0.9934 -0.0844
vn -0.1407 0.9896 -0.0311
vn -0.1353 0.9901 -0.0376
vn 0.1996 0.9782 0.0572
vn 0.2054 0.9768 0.0613
vn 0.2066 0.9763 0.0638
vn 0.1711 0.9832 0.0634
vn 0.1719 0.9831 0.0635
vn 0.1780 0.9817 0.0682
vn -0.3304 0.2132 0.9195
vn -0.3118 0.0676 0.9478
vn -0.7377 0.2307 0.6344
vn 0.1856 0.9821 -0.0306
vn 0.1829 0.9827 -0.0290
vn 0.1973 0.9802 0.0188
vn -0.2316 -0.0798 0.9695
vn -0.6707 -0.0473 0.7402
vn -0.6924 0.0900 0.7159
vn 0.1564 0.9864 -0.0511
vn 0.1877 0.9822 -0.0013
vn 0.1909 0.9816 -0.0033
vn 0.1777 0.9831 -0.0452
vn 0.1769 0.9832 -0.0440
vn 0.1691 0.9848 -0.0403
vn -0.0200 0.0257 -0.9995
vn 0.2665 0.2908 -0.9189
vn -0.0909 0.1752 -0.9803
vn 0.1383 -0.1446 -0.9798
vn 0.4880 -0.2709 -0.8297
vn 0.1935 -0.0657 -0.9789
vn 0.1179 0.9908 -0.0664
vn 0.2020 0.9789 -0.0315
vn 0.2008 0.9792 -0.0294
vn 0.0995 0.9896 -0.1041
vn 0.0995 0.9894 -0.1062
vn 0.1785 0.9817 -0.0660
vn -0.0615 0.9951 -0.0769
vn 0.0104 0.9947 -0.1026
vn 0.0100 0.9947 -0.1019
vn -0.0688 0.9953 -0.0687
vn -0.0632 0.9952 -0.0753
vn 0.0047 0.9945 -0.1042
vn -0.0633 0.9959 0.0643
vn 0.0104 0.9947 0.1024
vn 0.0104 0.9945 0.1041
vn -0.0590 0.9961 0.0649
vn -0.0636 0.9963 0.0572
vn 0.0085 0.9949 0.1006
vn -0.8506 0.0083 -0.5258
vn -0.8647 0.1508 -0.4791
vn -0.9827 -0.0906 -0.1615
vn -0.8114 0.2847 -0.5105
vn -0.9569 0.2084 -0.2024
vn -0.9724 0.0503 -0.2278
vn -0.0839 0.9964 0.0112
vn -0.0887 0.9955 0.0326
vn -0.0831 0.9959 0.0368
vn -0.0893 0.9958 0.0201
vn -0.0871 0.9961 0.0164
vn -0.0862 0.9954 0.0425
vn 0.8634 0.1079 -0.4928
vn 0.9727 -0.0157 -0.2316
vn 0.9864 0.0575 -0.1539
vn -0.0913 0.9951 -0.0381
vn -0.0884 0.9959 -0.0163
vn -0.0914 0.9956 -0.0206
vn 0.9579 -0.2871 0.0091
vn 0.9003 -0.3110 0.3044
vn 0.9494 -0.1749 0.2609
vn -0.0913 0.9950 -0.0404
vn -0.0976 0.9945 -0.0370
vn -0.1011 0.9947 -0.0197
vn -0.2003 -0.9356 0.2907
vn -0.0961 -0.9383 0.3322
vn -0.3143 -0.9334 0.1729
vn -0.2506 -0.9339 0.2550
vn -0.2485 -0.9352 0.2521
vn -0.2947 -0.9405 0.1692
vn -0.2948 -0.9410 0.1664
vn -0.2354 -0.9397 0.2482
vn 0.5097 -0.1503 0.8471
vn 0.0829 -0.2428 0.9665
vn 0.0702 -0.1006 0.9924
vn -0.3447 -0.9352 -0.0807
vn -0.3245 -0.9418 0.0880
vn -0.3174 -0.9444 0.0858
vn -0.3436 -0.9350 -0.0874
vn -0.3500 -0.9326 -0.0888
vn -0.3376 -0.9381 0.0772
vn 0.7818 0.0019 0.6235
vn 0.6215 0.3737 0.6885
vn 0.6937 0.4035 0.5967
vn -0.2050 -0.9020 -0.3800
vn -0.2654 -0.9188 -0.2921
vn -0.2610 -0.9194 -0.2942
vn -0.0936 -0.9845 -0.1486
vn -0.0978 -0.9837 -0.1509
vn -0.1359 -0.9894 -0.0511
vn -0.0129 -0.9404 0.3398
vn -0.0130 -0.9394 0.3427
vn 0.1127 -0.9442 0.3096
vn -0.0473 -0.9885 -0.1435
vn -0.0486 -0.9888 -0.1408
vn -0.1447 -0.9806 -0.1323
vn -0.0145 -0.9356 0.3527
vn 0.1121 -0.9417 0.3172
vn 0.1103 -0.9429 0.3142
vn 0.1609 -0.9433 0.2902
vn 0.1669 -0.9420 0.2913
vn 0.2540 -0.9532 0.1641
vn 0.2356 -0.8837 0.4045
vn 0.3099 -0.9142 0.2611
vn 0.3012 -0.9149 0.2688
vn 0.2478 -0.9675 0.0513
vn 0.3185 -0.9476 -0.0233
vn 0.3246 -0.9457 -0.0185
vn 0.2772 -0.9607 0.0106
vn 0.2773 -0.9607 0.0106
vn 0.2717 -0.9583 -0.0889
vn 0.1509 -0.9780 -0.1438
vn 0.1594 -0.9773 -0.1396
vn 0.0291 -0.9672 -0.2524
vn 0.2704 -0.9496 -0.1583
vn 0.1549 -0.9472 -0.2807
vn 0.1503 -0.9484 -0.2791
vn 0.1087 -0.9450 -0.3086
vn 0.1099 -0.9441 -0.3109
vn -0.0155 -0.9421 -0.3350
vn -0.0367 -0.9880 -0.1499
vn -0.1633 -0.9690 -0.1854
vn -0.1622 -0.9686 -0.1885
vn -0.0674 0.0026 0.9977
vn -0.1078 0.0924 0.9899
vn -0.1306 0.0389 0.9907
vn -0.0892 0.0198 0.9958
vn -0.6554 0.7549 -0.0242
vt 0.831967 0.844492
vt 0.839526 0.982968
vt 0.831972 0.975536
vt 0.839524 0.836457
vt 0.728647 0.605951
vt 0.733438 0.600648
vt 0.740372 0.615381
vt 0.305132 0.075169
vt 0.305606 0.172451
vt 0.165950 0.127887
vt 0.723933 0.587978
vt 0.717887 0.592020
vt 0.717232 0.572655
vt 0.167026 0.183593
vt 0.714553 0.555143
vt 0.710784 0.575482
vt 0.079122 0.182748
vt 0.104607 0.204049
vt 0.132366 0.218663
vt 0.171600 0.225580
vt 0.332427 0.220859
vt 0.332910 0.204154
vt 0.341580 0.149159
vt 0.341335 0.103645
vt 0.736235 0.467156
vt 0.729287 0.479993
vt 0.730324 0.463379
vt 0.740678 0.450307
vt 0.745683 0.455043
vt 0.761455 0.442347
vt 0.058041 0.156574
vt 0.044021 0.127708
vt 0.057687 0.098600
vt 0.179858 0.070219
vt 0.782162 0.426840
vt 0.783120 0.433908
vt 0.078467 0.071958
vt 0.754454 0.438156
vt 0.332139 0.048658
vt 0.331322 0.031399
vt 0.174078 0.028405
vt 0.721386 0.481228
vt 0.720419 0.508111
vt 0.711884 0.512790
vt 0.131388 0.035774
vt 0.103879 0.050760
vt 0.715161 0.534892
vt 0.360090 0.232437
vt 0.369378 0.247600
vt 0.340084 0.228165
vt 0.186420 0.252674
vt 0.167500 0.234113
vt 0.341248 0.209894
vt 0.149759 0.252427
vt 0.743374 0.608602
vt 0.125371 0.226033
vt 0.109442 0.241223
vt 0.068863 0.188295
vt 0.074858 0.221975
vt 0.095557 0.209920
vt 0.780084 0.626954
vt 0.783109 0.636078
vt 0.043670 0.195548
vt 0.045773 0.158791
vt 0.018932 0.163030
vt 0.031309 0.127829
vt 0.001157 0.127951
vt 0.018457 0.986133
vt 0.010907 0.845091
vt 0.018456 0.842901
vt 0.011392 0.982601
vt 0.343668 0.977969
vt 0.336360 0.993806
vt 0.336478 0.972123
vt 0.343666 0.996850
vt 0.018454 0.092630
vt 0.127348 0.983825
vt 0.134411 0.974074
vt 0.134412 0.994659
vt 0.368035 0.004279
vt 0.340201 0.023212
vt 0.185080 0.001152
vt 0.160743 0.020287
vt 0.148297 0.001891
vt 0.124270 0.028404
vt 0.108224 0.013461
vt 0.067974 0.067318
vt 0.073877 0.033072
vt 0.042941 0.059867
vt 0.045573 0.096517
vt 0.713948 0.969332
vt 0.708465 0.975658
vt 0.707734 0.908670
vt 0.094583 0.044886
vt 0.713946 0.897221
vt 0.358869 0.019570
vt 0.355822 0.033833
vt 0.340316 0.040792
vt 0.347644 0.080558
vt 0.352989 0.101174
vt 0.486298 0.901849
vt 0.492508 0.970659
vt 0.485323 0.965793
vt 0.492506 0.906840
vt 0.365587 0.084715
vt 0.030758 0.849477
vt 0.038069 0.842902
vt 0.038065 0.988690
vt 0.369178 0.119509
vt 0.351219 0.115320
vt 0.350758 0.150657
vt 0.030880 0.986009
vt 0.262427 0.980895
vt 0.269734 0.976389
vt 0.269732 0.993926
vt 0.262426 0.987594
vt 0.367527 0.153626
vt 0.104570 0.815983
vt 0.111637 0.818416
vt 0.118821 0.955562
vt 0.118815 0.799554
vt 0.112122 0.958485
vt 0.356920 0.218181
vt 0.492506 0.990521
vt 0.485323 0.975780
vt 0.492511 0.972978
vt 0.485811 0.997582
vt 0.250199 0.375502
vt 0.317550 0.445864
vt 0.182592 0.406931
vt 0.070897 0.469079
vt 0.079709 0.365616
vt 0.179143 0.349675
vt 0.395209 0.496728
vt 0.423204 0.493220
vt 0.413945 0.500164
vt 0.405553 0.513368
vt 0.070824 0.290182
vt 0.141480 0.259494
vt 0.371774 0.255465
vt 0.403579 0.490066
vt 0.419893 0.482261
vt 0.365339 0.352823
vt 0.429782 0.492733
vt 0.444623 0.482485
vt 0.456091 0.636088
vt 0.428286 0.650095
vt 0.433679 0.639255
vt 0.452804 0.492849
vt 0.469246 0.480553
vt 0.366720 0.386084
vt 0.357188 0.287382
vt 0.361085 0.273011
vt 0.174972 0.256447
vt 0.103231 0.271184
vt 0.041599 0.315640
vt 0.017969 0.346455
vt 0.001160 0.379584
vt 0.017969 0.412713
vt 0.041599 0.443527
vt 0.103231 0.488105
vt 0.141476 0.499797
vt 0.174972 0.502842
vt 0.371955 0.503655
vt 0.361085 0.486278
vt 0.357175 0.472003
vt 0.363872 0.420543
vt 0.469248 0.649489
vt 0.415774 0.647172
vt 0.427100 0.639254
vt 0.418698 0.634383
vt 0.398841 0.587932
vt 0.402246 0.603421
vt 0.381909 0.611720
vt 0.376554 0.592241
vt 0.374389 0.567354
vt 0.746801 0.083408
vt 0.706929 0.091602
vt 0.704002 0.061601
vt 0.379846 0.521594
vt 0.375945 0.535603
vt 0.386647 0.507749
vt 0.400219 0.529686
vt 0.397510 0.558647
vt 0.390196 0.627441
vt 0.410877 0.623684
vt 0.732966 0.127522
vt 0.402011 0.639377
vt 0.634409 0.948863
vt 0.627592 0.888079
vt 0.634409 0.875176
vt 0.627586 0.954224
vt 0.739890 0.966399
vt 0.733069 0.897222
vt 0.739891 0.901119
vt 0.732581 0.961895
vt 0.991045 0.526715
vt 0.998234 0.505402
vt 0.998232 0.521843
vt 0.991045 0.499919
vt 0.708512 0.085644
vt 0.752151 0.097618
vt 0.696940 0.129116
vt 0.732726 0.127822
vt 0.991411 0.291052
vt 0.991410 0.496379
vt 0.984468 0.497633
vt 0.721503 0.102550
vt 0.698664 0.096749
vt 0.735341 0.071515
vt 0.686037 0.071616
vt 0.983979 0.295561
vt 0.501401 0.972131
vt 0.494824 0.965427
vt 0.501404 0.901847
vt 0.494824 0.907934
vt 0.873023 0.990032
vt 0.873019 0.983210
vt 0.880450 0.977484
vt 0.880449 0.993928
vt 0.148781 0.983578
vt 0.141598 0.990151
vt 0.141108 0.964332
vt 0.148784 0.961163
vt 0.985443 0.025032
vt 0.990923 0.019795
vt 0.990923 0.080085
vt 0.985442 0.073142
vt 0.607247 0.991005
vt 0.608709 0.967985
vt 0.615410 0.973960
vt 0.615409 0.995390
vt 0.278869 0.976389
vt 0.278869 0.996242
vt 0.272047 0.987236
vt 0.701225 0.922232
vt 0.704082 0.983579
vt 0.697746 0.915856
vt 0.697746 0.972370
vt 0.166813 0.923893
vt 0.173997 0.919518
vt 0.174001 0.973954
vt 0.167298 0.979057
vt 0.998232 0.741560
vt 0.991045 0.764946
vt 0.991045 0.747654
vt 0.998234 0.769336
vt 0.568027 0.908074
vt 0.561567 0.967903
vt 0.560957 0.915374
vt 0.568026 0.974805
vt 0.695760 0.125092
vt 0.675035 0.095196
vt 0.741376 0.119390
vt 0.721457 0.085999
vt 0.902252 0.992463
vt 0.893974 0.986501
vt 0.902251 0.975537
vt 0.183496 0.719645
vt 0.172292 0.737911
vt 0.172053 0.689807
vt 0.184229 0.708679
vt 0.200429 0.720128
vt 0.236116 0.799547
vt 0.236113 0.948972
vt 0.228442 0.942085
vt 0.228441 0.807215
vt 0.704715 0.089073
vt 0.741768 0.078378
vt 0.726244 0.100328
vt 0.938913 0.288477
vt 0.945334 0.232816
vt 0.946588 0.284582
vt 0.937097 0.208651
vt 0.943802 0.147056
vt 0.936169 0.079873
vt 0.718697 0.127827
vt 0.946574 0.019853
vt 0.943908 0.064193
vt 0.938792 0.031366
vt 0.055708 0.889268
vt 0.050973 0.842862
vt 0.058282 0.854865
vt 0.047081 0.890200
vt 0.058286 0.931209
vt 0.713379 0.086083
vt 0.714859 0.109883
vt 0.678741 0.111534
vt 0.050127 0.935220
vt 0.041355 0.983819
vt 0.041599 0.937536
vt 0.048906 0.942285
vt 0.048907 0.988816
vt 0.542819 0.840348
vt 0.536237 0.813177
vt 0.544032 0.808796
vt 0.540650 0.885107
vt 0.532656 0.872052
vt 0.533043 0.903088
vt 0.746605 0.083469
vt 0.536483 0.964144
vt 0.544033 0.968622
vt 0.910650 0.563515
vt 0.912387 0.480273
vt 0.917958 0.559548
vt 0.905004 0.480132
vt 0.699777 0.063651
vt 0.719375 0.085382
vt 0.680211 0.108669
vt 0.717656 0.110484
vt 0.909774 0.412851
vt 0.902659 0.415857
vt 0.913224 0.331107
vt 0.904541 0.344831
vt 0.909950 0.301684
vt 0.917953 0.291052
vt 0.660593 0.848397
vt 0.647310 0.871372
vt 0.654127 0.836432
vt 0.647327 0.890524
vt 0.656826 0.878271
vt 0.652430 0.928233
vt 0.660586 0.924423
vt 0.724263 0.095593
vt 0.677989 0.110700
vt 0.685295 0.073826
vt 0.742159 0.118916
vt 0.705583 0.130590
vt 0.200916 0.898437
vt 0.200916 0.959156
vt 0.192274 0.956519
vt 0.192976 0.887690
vt 0.134403 0.799665
vt 0.121075 0.868886
vt 0.126491 0.804108
vt 0.128731 0.868160
vt 0.131439 0.839553
vt 0.134412 0.964775
vt 0.127102 0.960112
vt 0.126560 0.931122
vt 0.703664 0.061660
vt 0.722303 0.091435
vt 0.700204 0.095103
vt 0.134169 0.934006
vt 0.758053 0.964465
vt 0.759054 0.906205
vt 0.765467 0.895535
vt 0.765468 0.969934
vt 0.950986 0.017000
vt 0.931346 0.010655
vt 0.950968 0.008225
vt 0.494921 0.646434
vt 0.474605 0.640960
vt 0.494946 0.637673
vt 0.713522 0.129392
vt 0.344886 0.885407
vt 0.340534 0.935138
vt 0.336359 0.885397
vt 0.344886 0.927670
vt 0.344886 0.969812
vt 0.258413 0.921263
vt 0.258404 0.969812
vt 0.250368 0.968346
vt 0.256338 0.886662
vt 0.505910 0.990763
vt 0.514310 0.977855
vt 0.514312 0.991981
vt 0.919303 0.286653
vt 0.927333 0.273149
vt 0.927344 0.288360
vt 0.699880 0.094890
vt 0.718970 0.107684
vt 0.684148 0.112754
vt 0.740179 0.073910
vt 0.926612 0.677790
vt 0.926612 0.644026
vt 0.931240 0.649182
vt 0.702156 0.095148
vt 0.737358 0.122822
vt 0.686078 0.118365
vt 0.726255 0.097029
vt 0.737332 0.122180
vt 0.701258 0.094499
vt 0.686234 0.118813
vt 0.724123 0.095652
vt 0.735503 0.071993
vt 0.685587 0.117312
vt 0.713086 0.108918
vt 0.712026 0.082704
vt 0.931239 0.761570
vt 0.926613 0.758215
vt 0.926612 0.727710
vt 0.926612 0.773354
vt 0.743119 0.080260
vt 0.693636 0.065038
vt 0.709011 0.125051
vt 0.724491 0.102382
vt 0.735418 0.068339
vt 0.719006 0.100048
vt 0.739323 0.073084
vt 0.694150 0.065091
vt 0.683198 0.112188
vt 0.847075 0.396513
vt 0.899572 0.402969
vt 0.847075 0.404674
vt 0.736006 0.068846
vt 0.689479 0.070209
vt 0.714649 0.089336
vt 0.749465 0.103199
vt 0.711604 0.109929
vt 0.722012 0.131287
vt 0.983981 0.499919
vt 0.988731 0.635966
vt 0.983981 0.635966
vt 0.688929 0.066545
vt 0.701217 0.107452
vt 0.723298 0.089054
vt 0.731607 0.250479
vt 0.714311 0.242440
vt 0.731607 0.242440
vt 0.714311 0.250479
vt 0.733605 0.121937
vt 0.688969 0.067141
vt 0.702618 0.109919
vt 0.724759 0.099886
vt 0.467906 0.206267
vt 0.522351 0.207972
vt 0.467906 0.214305
vt 0.729463 0.066534
vt 0.713686 0.086599
vt 0.680112 0.109201
vt 0.714134 0.110109
vt 0.748563 0.095149
vt 0.985442 0.082399
vt 0.990071 0.082399
vt 0.985442 0.148657
vt 0.686347 0.077841
vt 0.723973 0.098036
vt 0.741900 0.075086
vt 0.408223 0.931568
vt 0.412851 0.931568
vt 0.408223 0.991857
vt 0.702795 0.092256
vt 0.690262 0.123387
vt 0.710464 0.062733
vt 0.699419 0.099585
vt 0.722909 0.094172
vt 0.736522 0.123340
vt 0.901886 0.568613
vt 0.925029 0.568613
vt 0.925029 0.573363
vt 0.901886 0.573241
vt 0.736756 0.068788
vt 0.689900 0.069840
vt 0.729028 0.096778
vt 0.702216 0.107375
vt 0.587239 0.688948
vt 0.600528 0.662261
vt 0.608389 0.688948
vt 0.624969 0.646035
vt 0.600538 0.715628
vt 0.624996 0.732479
vt 0.634278 0.755708
vt 0.619800 0.747049
vt 0.594148 0.772979
vt 0.603061 0.788161
vt 0.620280 0.737667
vt 0.618088 0.688948
vt 0.619823 0.630956
vt 0.620280 0.640351
vt 0.634164 0.622150
vt 0.594166 0.605038
vt 0.603065 0.589887
vt 0.448448 0.455814
vt 0.460786 0.446345
vt 0.472543 0.467525
vt 0.311999 0.910010
vt 0.316749 0.910010
vt 0.311999 0.976998
vt 0.452637 0.428951
vt 0.431482 0.393398
vt 0.421095 0.371279
vt 0.434912 0.367022
vt 0.990071 0.215036
vt 0.985442 0.150971
vt 0.990071 0.150971
vt 0.437852 0.436554
vt 0.406602 0.464340
vt 0.413095 0.367160
vt 0.637454 0.974806
vt 0.645008 0.836422
vt 0.645011 0.982971
vt 0.401284 0.339406
vt 0.393380 0.367500
vt 0.381005 0.367986
vt 0.637454 0.843838
vt 0.691367 0.255101
vt 0.732219 0.255591
vt 0.719062 0.269108
vt 0.676929 0.405047
vt 0.686175 0.411982
vt 0.682807 0.422814
vt 0.670939 0.396613
vt 0.658169 0.408460
vt 0.649756 0.397366
vt 0.666549 0.415136
vt 0.424910 0.319416
vt 0.419422 0.315318
vt 0.715775 0.412349
vt 0.707131 0.421228
vt 0.696772 0.265947
vt 0.692752 0.412348
vt 0.732216 0.424527
vt 0.373518 0.272990
vt 0.397647 0.282721
vt 0.687672 0.021851
vt 0.730974 -0.003660
vt 0.727808 0.007927
vt 0.690697 0.028616
vt 0.699826 0.197990
vt 0.706199 0.193416
vt 0.710092 0.203604
vt 0.729396 0.210402
vt 0.730524 0.203468
vt 0.460749 0.287103
vt 0.452627 0.304923
vt 0.447967 0.277422
vt 0.437414 0.297368
vt 0.472438 0.265189
vt 0.688071 0.186973
vt 0.693014 0.182296
vt 0.677690 0.174064
vt 0.683495 0.170093
vt 0.431148 0.340522
vt 0.675988 0.155700
vt 0.670021 0.159875
vt 0.660533 0.129222
vt 0.421007 0.362950
vt 0.666045 0.123211
vt 0.662545 0.102374
vt 0.661816 0.082188
vt 0.655963 0.103037
vt 0.655001 0.081747
vt 0.664612 0.064760
vt 0.404285 0.269547
vt 0.403096 0.254778
vt 0.665225 0.045129
vt 0.671187 0.049285
vt 0.658044 0.061925
vt 0.675939 0.031372
vt 0.423813 0.308820
vt 0.680833 0.036589
vt 0.585806 0.795657
vt 0.632073 0.789133
vt 0.611143 0.806561
vt 0.593076 0.818066
vt 0.630561 0.873539
vt 0.028444 0.986131
vt 0.020773 0.984063
vt 0.028445 0.842899
vt 0.021258 0.846553
vt 0.610529 0.869361
vt 0.251098 0.975293
vt 0.258406 0.991008
vt 0.251217 0.996854
vt 0.258404 0.972127
vt 0.123450 0.974074
vt 0.123449 0.994659
vt 0.116264 0.984909
vt 0.116020 0.991614
vt 0.405660 0.478439
vt 0.401485 0.395820
vt 0.389356 0.371360
vt 0.405178 0.393956
vt 0.425397 0.415757
vt 0.420084 0.419725
vt 0.424666 0.425867
vt 0.399852 0.451721
vt 0.716260 0.964209
vt 0.722474 0.903547
vt 0.722472 0.975659
vt 0.716991 0.897222
vt 0.483007 0.901855
vt 0.476797 0.970665
vt 0.475945 0.906721
vt 0.376855 0.461722
vt 0.483005 0.965674
vt 0.067911 0.988693
vt 0.060600 0.982109
vt 0.060720 0.845580
vt 0.067908 0.842901
vt 0.368757 0.976878
vt 0.368759 0.994415
vt 0.361330 0.989909
vt 0.088119 0.942033
vt 0.095557 0.799540
vt 0.095192 0.939729
vt 0.099333 0.944235
vt 0.102254 0.958476
vt 0.102256 0.802463
vt 0.857307 0.995146
vt 0.857794 0.973344
vt 0.864489 0.980283
vt 0.864494 0.997826
vt 0.639637 0.312978
vt 0.644874 0.293370
vt 0.661507 0.322637
vt 0.637454 0.339395
vt 0.642831 0.383654
vt 0.638916 0.369599
vt 0.665043 0.382751
vt 0.661417 0.361780
vt 0.807966 0.078823
vt 0.833450 0.067328
vt 0.854231 0.084894
vt 0.852701 0.000500
vt 0.832686 0.004650
vt 0.665230 0.301621
vt 0.673931 0.281486
vt 0.653280 0.277770
vt 0.344764 0.512951
vt 0.352559 0.506496
vt 0.347725 0.600645
vt 0.665103 0.265825
vt 0.367297 0.506496
vt 0.367297 0.600645
vt 0.690192 0.265948
vt 0.681790 0.270697
vt 0.615043 0.965671
vt 0.607247 0.959581
vt 0.615043 0.877490
vt 0.507735 0.896368
vt 0.510799 0.808796
vt 0.515530 0.902824
vt 0.530268 0.808796
vt 0.530268 0.902824
vt 0.678890 0.258025
vt 0.625274 0.875176
vt 0.625274 0.963235
vt 0.617479 0.881144
vt 0.372283 0.104054
vt 0.395800 0.102620
vt 0.384593 0.130874
vt 0.577372 0.102617
vt 0.537868 0.114823
vt 0.494337 0.105582
vt 0.479925 0.132445
vt 0.958889 0.351698
vt 0.959499 0.291037
vt 0.964249 0.291039
vt 0.430783 0.102865
vt 0.426742 0.152421
vt 0.406293 0.158933
vt 0.491824 0.099024
vt 0.538232 0.090234
vt 0.479774 0.072549
vt 0.961249 0.441713
vt 0.527101 0.102617
vt 0.479449 0.102617
vt 0.396870 0.102322
vt 0.384593 0.074239
vt 0.406454 0.046195
vt 0.372223 0.101346
vt 0.424910 0.102617
vt 0.559140 0.298518
vt 0.557342 0.584667
vt 0.546102 0.287136
vt 0.541370 0.315852
vt 0.535628 0.584690
vt 0.559623 0.254985
vt 0.541505 0.315490
vt 0.535792 0.310868
vt 0.530390 0.585421
vt 0.576854 0.316468
vt 0.578502 0.585055
vt 0.572110 0.288948
vt 0.557156 0.584684
vt 0.559368 0.298040
vt 0.559609 0.254948
vt 0.582265 0.310266
vt 0.576858 0.316324
vt 0.583861 0.585908
vt 0.578190 0.585617
vt 0.537655 0.587998
vt 0.556848 0.585067
vt 0.503356 0.591899
vt 0.503837 0.635357
vt 0.490309 0.603344
vt 0.501559 0.305799
vt 0.485585 0.574493
vt 0.479842 0.305775
vt 0.516326 0.601394
vt 0.503585 0.592388
vt 0.521080 0.573896
vt 0.522838 0.305409
vt 0.501370 0.305781
vt 0.522506 0.304828
vt 0.501066 0.305371
vt 0.481870 0.302466
vt 0.966802 0.271948
vt 0.962243 0.269128
vt 0.966805 0.265824
vt 0.969774 0.260845
vt 0.964612 0.253530
vt 0.971300 0.256197
vt 0.969782 0.277118
vt 0.966807 0.634639
vt 0.971435 0.598820
vt 0.971518 0.642932
vt 0.964612 0.284332
vt 0.971298 0.281788
vt 0.456797 0.985658
vt 0.449999 0.988319
vt 0.455278 0.981049
vt 0.447772 0.972839
vt 0.452313 0.976025
vt 0.452310 0.970015
vt 0.455313 0.964939
vt 0.449877 0.957517
vt 0.456797 0.960177
vt 0.204692 0.966523
vt 0.199693 0.961913
vt 0.207372 0.966523
vt 0.971557 0.685201
vt 0.204210 0.962995
vt 0.204692 0.972857
vt 0.204210 0.976383
vt 0.207372 0.972857
vt 0.199820 0.977851
vt 0.199698 0.977851
vt 0.195326 0.976333
vt 0.192267 0.972857
vt 0.194826 0.972857
vt 0.194826 0.966523
vt 0.195291 0.963069
vt 0.192267 0.966523
vt 0.971557 0.730341
vt 0.966928 0.722792
vt 0.966807 0.694689
vt 0.966929 0.764116
vt 0.971558 0.767259
vt 0.505421 0.656063
vt 0.501697 0.655712
vt 0.505421 0.649851
vt 0.501767 0.649851
vt 0.688855 0.249139
vt 0.694715 0.249069
vt 0.688855 0.252671
vt 0.695066 0.252671
vt 0.773994 0.984915
vt 0.778379 0.982722
vt 0.778379 0.987473
vt 0.971679 0.819149
vt 0.966928 0.819149
vt 0.849755 0.411860
vt 0.854262 0.409302
vt 0.854140 0.414174
vt 0.504081 0.645223
vt 0.499940 0.642543
vt 0.503959 0.639986
vt 0.858715 0.423914
vt 0.858762 0.410764
vt 0.878704 0.423876
vt 0.878584 0.410639
vt 0.896621 0.273800
vt 0.916645 0.273790
vt 0.896701 0.286896
vt 0.916484 0.287019
vt 0.022476 0.990152
vt 0.028444 0.988447
vt 0.028444 0.997216
vt 0.323570 0.987229
vt 0.323570 0.992710
vt 0.313704 0.988812
vt 0.421012 0.988812
vt 0.421012 0.997825
vt 0.415287 0.990396
vt 0.809195 0.994537
vt 0.814798 0.986376
vt 0.814798 0.996120
vt 0.997501 0.173747
vt 0.997501 0.182882
vt 0.992385 0.175330
vt 0.365324 0.627335
vt 0.335609 0.680126
vt 0.316874 0.658989
vt 0.331682 0.718928
vt 0.349378 0.730722
vt 0.365301 0.807669
vt 0.353671 0.776917
vt 0.364442 0.767874
vt 0.853043 0.725000
vt 0.839243 0.700894
vt 0.851073 0.647527
vt 0.843292 0.617863
vt 0.850125 0.568945
vt 0.835989 0.603686
vt 0.825379 0.696484
vt 0.824088 0.654376
vt 0.829775 0.618046
vt 0.822107 0.607650
vt 0.835991 0.598087
vt 0.828104 0.578295
vt 0.820983 0.559577
vt 0.835381 0.558994
vt 0.842848 0.578072
vt 0.835634 0.552795
vt 0.843298 0.539380
vt 0.853047 0.459855
vt 0.838048 0.453662
vt 0.823417 0.426809
vt 0.822599 0.499881
vt 0.828925 0.539642
vt 0.833820 0.491449
vt 0.498603 0.652403
vt 0.477177 0.690025
vt 0.459135 0.676768
vt 0.472903 0.739201
vt 0.488008 0.739668
vt 0.213587 0.953986
vt 0.213583 0.887721
vt 0.217483 0.893265
vt 0.492968 0.824124
vt 0.484874 0.789494
vt 0.498609 0.780110
vt 0.220404 0.966889
vt 0.386055 0.981505
vt 0.392754 0.978951
vt 0.392754 0.991857
vt 0.742691 0.966401
vt 0.742204 0.901727
vt 0.749512 0.897223
vt 0.749514 0.962503
vt 0.695432 0.979799
vt 0.688365 0.958487
vt 0.695432 0.953004
vt 0.688367 0.988934
vt 0.694580 0.982113
vt 0.694579 0.991616
vt 0.688367 0.974928
vt 0.975575 0.221842
vt 0.976064 0.019783
vt 0.983127 0.020879
vt 0.547198 0.987838
vt 0.553654 0.984426
vt 0.553648 0.993557
vt 0.382730 0.805368
vt 0.374439 0.809343
vt 0.401889 0.667634
vt 0.414800 0.850207
vt 0.408831 0.857149
vt 0.395068 0.663858
vt 0.406883 0.652409
vt 0.414802 0.654600
vt 0.983128 0.226231
vt 0.651702 0.990032
vt 0.659866 0.983083
vt 0.659866 0.990883
vt 0.514315 0.975539
vt 0.507735 0.911837
vt 0.514313 0.905133
vt 0.507735 0.969329
vt 0.152070 0.627319
vt 0.140988 0.639350
vt 0.116507 0.637798
vt 0.560966 0.981015
vt 0.568392 0.977120
vt 0.568394 0.993563
vt 0.140624 0.786142
vt 0.116507 0.715622
vt 0.119389 0.797120
vt 0.152076 0.797228
vt 0.116142 0.786020
vt 0.089345 0.785900
vt 0.070709 0.796982
vt 0.070953 0.723295
vt 0.560962 0.987838
vt 0.116263 0.704538
vt 0.596285 0.988691
vt 0.596891 0.962867
vt 0.603959 0.969450
vt 0.088620 0.638035
vt 0.603955 0.991856
vt 0.100062 0.715990
vt 0.829414 0.926818
vt 0.823811 0.981992
vt 0.823811 0.933760
vt 0.829414 0.987229
vt 0.070588 0.628415
vt 0.070222 0.689922
vt 0.933679 0.986983
vt 0.925516 0.969934
vt 0.933678 0.965546
vt 0.926977 0.992953
vt 0.762179 0.980408
vt 0.762179 0.990152
vt 0.754995 0.984914
vt 0.523447 0.974197
vt 0.523447 0.994050
vt 0.516626 0.983203
vt 0.516870 0.977363
vt 0.325276 0.910010
vt 0.319061 0.977611
vt 0.319063 0.916100
vt 0.325276 0.966523
vt 0.994091 0.288601
vt 0.985327 0.286649
vt 0.994090 0.282270
vt 0.962790 0.923285
vt 0.955603 0.973345
vt 0.956088 0.918303
vt 0.962787 0.977721
vt 0.297505 0.982354
vt 0.297504 0.990274
vt 0.289100 0.988203
vt 0.617722 0.989543
vt 0.624911 0.967981
vt 0.624909 0.995755
vt 0.617722 0.972251
vt 0.973995 0.988931
vt 0.980327 0.980781
vt 0.980328 0.990518
vt 0.516621 0.964569
vt 0.517353 0.912040
vt 0.523691 0.971870
vt 0.523690 0.905139
vt 0.507735 0.733891
vt 0.525762 0.795278
vt 0.508344 0.805995
vt 0.583865 0.806363
vt 0.543301 0.795277
vt 0.904566 0.988328
vt 0.904570 0.981501
vt 0.912726 0.992466
vt 0.912727 0.975540
vt 0.542814 0.649608
vt 0.567174 0.792476
vt 0.088005 0.734866
vt 0.088134 0.686645
vt 0.099333 0.704903
vt 0.567905 0.649729
vt 0.530025 0.637672
vt 0.583861 0.637915
vt 0.697746 0.990274
vt 0.704442 0.985891
vt 0.704445 0.994296
vt 0.785687 0.978577
vt 0.785692 0.843319
vt 0.793357 0.986129
vt 0.793360 0.836561
vt 0.643180 0.994903
vt 0.637455 0.992465
vt 0.643179 0.985280
vt 0.906703 0.659363
vt 0.901143 0.685951
vt 0.895797 0.675452
vt 0.900937 0.715467
vt 0.893388 0.711145
vt 0.895071 0.736183
vt 0.904517 0.745302
vt 0.898158 0.751423
vt 0.903709 0.765545
vt 0.913054 0.767141
vt 0.909193 0.774204
vt 0.917842 0.782001
vt 0.919305 0.773477
vt 0.904275 0.648342
vt 0.911510 0.648510
vt 0.919300 0.639628
vt 0.910292 0.637912
vt 0.917852 0.631701
vt 0.555483 0.883579
vt 0.550759 0.883668
vt 0.551464 0.841905
vt 0.355886 0.885127
vt 0.355847 0.967238
vt 0.347194 0.953419
vt 0.347200 0.968106
vt 0.969975 0.017482
vt 0.961933 0.014316
vt 0.969974 0.001423
vt 0.546584 0.853156
vt 0.598112 0.918292
vt 0.604841 0.893618
vt 0.599878 0.959912
vt 0.596282 0.876146
vt 0.604933 0.875176
vt 0.882764 0.989056
vt 0.890813 0.977469
vt 0.890802 0.992229
vt 0.846588 0.992101
vt 0.854997 0.973293
vt 0.854989 0.994536
vt 0.086422 0.994540
vt 0.077895 0.992101
vt 0.086394 0.974135
vt 0.558609 0.808912
vt 0.547395 0.831643
vt 0.553291 0.808796
vt 0.726702 0.766121
vt 0.755663 0.819596
vt 0.707733 0.787361
vt 0.742271 0.676002
vt 0.755726 0.638106
vt 0.755441 0.678048
vt 0.739956 0.719660
vt 0.723782 0.726311
vt 0.818399 0.426899
vt 0.818427 0.470349
vt 0.804203 0.456587
vt 0.809135 0.530298
vt 0.816852 0.512018
vt 0.790067 0.457356
vt 0.815794 0.558581
vt 0.558648 0.953125
vt 0.801886 0.534266
vt 0.801089 0.551191
vt 0.810181 0.619185
vt 0.801081 0.598535
vt 0.801428 0.574480
vt 0.818407 0.693482
vt 0.800774 0.659942
vt 0.787769 0.727294
vt 0.787171 0.648971
vt 0.800198 0.614183
vt 0.789733 0.581204
vt 0.795849 0.531631
vt 0.676800 0.834136
vt 0.637453 0.809775
vt 0.655367 0.796543
vt 0.651095 0.748565
vt 0.885579 0.630197
vt 0.890937 0.630190
vt 0.874124 0.671129
vt 0.667269 0.742834
vt 0.663246 0.696797
vt 0.671050 0.662626
vt 0.676804 0.706658
vt 0.579125 0.978316
vt 0.579111 0.991492
vt 0.572536 0.988691
vt 0.325885 0.990639
vt 0.333924 0.987229
vt 0.333924 0.994050
vt 0.985442 0.222831
vt 0.991776 0.217343
vt 0.991771 0.226239
vt 0.417102 0.701024
vt 0.425519 0.704904
vt 0.444404 0.842461
vt 0.456821 0.659352
vt 0.450974 0.652408
vt 0.436740 0.846296
vt 0.456822 0.855810
vt 0.448178 0.858001
vt 0.752675 0.991244
vt 0.746466 0.984915
vt 0.752679 0.980405
vt 0.236122 0.797226
vt 0.200672 0.786871
vt 0.225154 0.785205
vt 0.200672 0.708923
vt 0.224667 0.638524
vt 0.209471 0.627458
vt 0.236114 0.627322
vt 0.200307 0.638524
vt 0.172905 0.786632
vt 0.154753 0.796129
vt 0.154387 0.734622
vt 0.174972 0.981383
vt 0.174972 0.989785
vt 0.170831 0.986603
vt 0.829414 0.996121
vt 0.821861 0.994536
vt 0.829417 0.989541
vt 0.299819 0.984549
vt 0.308222 0.982357
vt 0.308223 0.990277
vt 0.155118 0.701371
vt 0.154753 0.627684
vt 0.173511 0.638645
vt 0.238431 0.699788
vt 0.239162 0.627684
vt 0.256458 0.638523
vt 0.314560 0.627316
vt 0.273997 0.638402
vt 0.297992 0.641325
vt 0.298723 0.784072
vt 0.273632 0.784193
vt 0.260842 0.796129
vt 0.314557 0.795764
vt 0.806881 0.986376
vt 0.806883 0.994051
vt 0.799698 0.989785
vt 0.922232 0.164252
vt 0.920894 0.172164
vt 0.913329 0.166060
vt 0.906788 0.154529
vt 0.898737 0.128580
vt 0.909529 0.144079
vt 0.896347 0.091389
vt 0.900618 0.055385
vt 0.907179 0.059843
vt 0.909694 0.033593
vt 0.916009 0.036732
vt 0.920882 0.021870
vt 0.922228 0.030391
vt 0.903776 0.093575
vt 0.904087 0.118008
vt 0.914421 0.155332
vt 0.067786 0.627319
vt 0.067463 0.643584
vt 0.001650 0.629225
vt 0.003277 0.654270
vt 0.008762 0.725653
vt 0.058632 0.731782
vt 0.058745 0.755058
vt 0.064449 0.822253
vt 0.001258 0.824224
vt 0.003353 0.840585
vt 0.067908 0.838880
vt 0.637819 0.658499
vt 0.638926 0.638308
vt 0.705298 0.660204
vt 0.705420 0.645710
vt 0.703844 0.625209
vt 0.645698 0.550573
vt 0.695510 0.544753
vt 0.642813 0.498214
vt 0.695645 0.521276
vt 0.637911 0.455062
vt 0.701671 0.449362
vt 0.637454 0.441213
vt 0.639647 0.426841
vt 0.705420 0.428546
vt 0.899572 0.426841
vt 0.898963 0.434758
vt 0.885078 0.428424
vt 0.888244 0.434880
vt 0.877040 0.444512
vt 0.881426 0.446987
vt 0.875333 0.493220
vt 0.881423 0.614652
vt 0.887635 0.618549
vt 0.885321 0.625248
vt 0.899450 0.627928
vt 0.899572 0.620376
vt 0.873628 0.087027
vt 0.873750 0.094579
vt 0.859621 0.089950
vt 0.861813 0.096771
vt 0.851826 0.096284
vt 0.852082 0.110851
vt 0.853390 0.193655
vt 0.849159 0.192787
vt 0.851164 0.194278
vt 0.855285 0.194983
vt 0.850523 0.224165
vt 0.855553 0.267248
vt 0.862422 0.280685
vt 0.859377 0.287140
vt 0.873750 0.288723
vt 0.873141 0.280806
vt 0.031246 0.127829
vt 0.044276 0.127708
vt 0.045862 0.158766
vt 0.068081 0.187348
vt 0.045657 0.096536
vt 0.067421 0.068027
vt 0.094902 0.043993
vt 0.124302 0.028443
vt 0.131406 0.035789
vt 0.159381 0.020404
vt 0.168252 0.028593
vt 0.190563 0.018943
vt 0.339283 0.023693
vt 0.330617 0.031942
vt 0.340502 0.042171
vt 0.350310 0.101965
vt 0.346447 0.125184
vt 0.350602 0.150915
vt 0.331822 0.220369
vt 0.341318 0.210960
vt 0.340379 0.228434
vt 0.172736 0.229951
vt 0.167210 0.233930
vt 0.125803 0.226831
vt 0.078966 0.183014
vt 0.332830 0.204115
vt 0.332053 0.047405
vt 0.057652 0.098594
vt 0.058001 0.156581
vt 0.104570 0.204074
vt 0.132341 0.218690
vt 0.341651 0.148288
vt 0.341318 0.103505
vt 0.103840 0.050732
vt 0.078383 0.071925
vt 0.891904 0.248324
vt 0.883381 0.243298
vt 0.877061 0.202355
vt 0.886162 0.208372
vt 0.945857 0.291037
vt 0.953287 0.291037
vt 0.945857 0.347961
vt 0.953287 0.354657
vt 0.945857 0.425335
vt 0.953287 0.431604
vt 0.945857 0.489018
vt 0.953287 0.492269
vt 0.945857 0.711843
vt 0.953287 0.711723
vt 0.893847 0.288723
vt 0.885319 0.284578
vt 0.936113 0.711846
vt 0.936113 0.652611
vt 0.943543 0.711846
vt 0.943543 0.649884
vt 0.936113 0.567173
vt 0.943543 0.596382
vt 0.943543 0.537001
vt 0.936113 0.484816
vt 0.943543 0.484816
vt 0.936113 0.291040
vt 0.943543 0.291039
vt 0.884118 0.162807
vt 0.876818 0.128737
vt 0.963153 0.663250
vt 0.963152 0.688737
vt 0.955723 0.663251
vt 0.955721 0.689816
vt 0.963031 0.775550
vt 0.955706 0.783413
vt 0.963031 0.852534
vt 0.955601 0.857039
vt 0.955723 0.891300
vt 0.963153 0.893342
vt 0.955723 0.915854
vt 0.963153 0.915855
vt 0.893865 0.032102
vt 0.886904 0.082609
vt 0.885461 0.020371
vt 0.880254 0.065653
vt 0.388125 0.871400
vt 0.396029 0.859484
vt 0.394810 0.901923
vt 0.387212 0.903769
vt 0.396043 0.952299
vt 0.865467 0.426841
vt 0.870705 0.426841
vt 0.861813 0.452573
vt 0.870583 0.453337
vt 0.865711 0.501381
vt 0.870583 0.501381
vt 0.859986 0.534266
vt 0.870583 0.534266
vt 0.857141 0.593561
vt 0.870583 0.595287
vt 0.857063 0.622447
vt 0.870583 0.622447
vt 0.855480 0.656672
vt 0.870583 0.656672
vt 0.870583 0.690897
vt 0.857063 0.690897
vt 0.870583 0.718242
vt 0.857150 0.719566
vt 0.870583 0.779078
vt 0.859986 0.779078
vt 0.870583 0.811963
vt 0.865711 0.811963
vt 0.870583 0.859632
vt 0.861813 0.860873
vt 0.870705 0.886381
vt 0.865467 0.886381
vt 0.388003 0.948129
vt 0.972531 0.251210
vt 0.967781 0.251210
vt 0.973262 0.232818
vt 0.968512 0.232818
vt 0.967270 0.161992
vt 0.962286 0.159926
vt 0.971924 0.097344
vt 0.966896 0.093926
vt 0.967659 0.019795
vt 0.972410 0.019795
vt 0.680207 0.788578
vt 0.694092 0.788324
vt 0.683129 0.826808
vt 0.694092 0.868236
vt 0.683814 0.845249
vt 0.688855 0.868233
vt 0.679342 0.760526
vt 0.694092 0.742173
vt 0.683133 0.703881
vt 0.694092 0.662547
vt 0.683813 0.685525
vt 0.688855 0.662518
vt 0.947684 0.945574
vt 0.946588 0.875541
vt 0.952434 0.945574
vt 0.951338 0.875541
vt 0.948536 0.851547
vt 0.953287 0.851547
vt 0.942092 0.807679
vt 0.946975 0.806315
vt 0.948536 0.732551
vt 0.953287 0.732551
vt 0.947806 0.714160
vt 0.952556 0.714160
vt 0.985442 0.279954
vt 0.985321 0.233671
vt 0.992750 0.228551
vt 0.992750 0.275204
vt 0.851338 0.971030
vt 0.842569 0.965671
vt 0.851338 0.920850
vt 0.842569 0.925843
vt 0.901886 0.575677
vt 0.910656 0.580914
vt 0.901886 0.627928
vt 0.910656 0.622691
vt 0.842647 0.789622
vt 0.845370 0.727436
vt 0.853038 0.731920
vt 0.866076 0.971030
vt 0.857307 0.966036
vt 0.866076 0.920850
vt 0.857307 0.926087
vt 0.438064 0.865676
vt 0.445494 0.954222
vt 0.437577 0.948132
vt 0.849859 0.794746
vt 0.845224 0.851150
vt 0.560962 0.815130
vt 0.568758 0.808796
vt 0.568758 0.905747
vt 0.579111 0.808796
vt 0.579111 0.905747
vt 0.852888 0.850712
vt 0.806028 0.001160
vt 0.806028 0.083739
vt 0.796528 0.016750
vt 0.796528 0.066931
vt 0.732825 0.038918
vt 0.751826 0.039526
vt 0.427346 0.866285
vt 0.435263 0.860316
vt 0.427346 0.948863
vt 0.435263 0.955196
vt 0.853044 0.882889
vt 0.845011 0.887399
vt 0.660596 0.980774
vt 0.651705 0.975536
vt 0.660596 0.930593
vt 0.651705 0.935587
vt 0.924054 0.575677
vt 0.932946 0.580914
vt 0.924054 0.627928
vt 0.932946 0.622691
vt 0.189954 0.969690
vt 0.181062 0.964697
vt 0.189954 0.919510
vt 0.181062 0.924747
vt 0.922021 0.484642
vt 0.933801 0.564150
vt 0.926252 0.560144
vt 0.912970 0.622691
vt 0.912970 0.580914
vt 0.921740 0.627928
vt 0.921740 0.575677
vt 0.812727 0.972004
vt 0.812727 0.932055
vt 0.821497 0.976998
vt 0.821497 0.926818
vt 0.154387 0.842656
vt 0.224789 0.799540
vt 0.172658 0.842656
vt 0.215410 0.816470
vt 0.224789 0.885407
vt 0.215410 0.868842
vt 0.929730 0.487407
vt 0.448905 0.866285
vt 0.456822 0.860316
vt 0.448905 0.948863
vt 0.456822 0.955196
vt 0.810291 0.932055
vt 0.810291 0.972004
vt 0.801521 0.926818
vt 0.801521 0.976998
vt 0.929587 0.430860
vt 0.922172 0.430622
vt 0.238431 0.841194
vt 0.256701 0.841194
vt 0.308954 0.884310
vt 0.299575 0.867381
vt 0.308954 0.798444
vt 0.299575 0.815008
vt 0.425031 0.860316
vt 0.425031 0.955196
vt 0.417114 0.866650
vt 0.417114 0.949228
vt 0.920318 0.380308
vt 0.795675 0.836444
vt 0.810291 0.836444
vt 0.795675 0.924504
vt 0.810291 0.924504
vt 0.928317 0.344629
vt 0.920544 0.333277
vt 0.925998 0.291065
vt 0.465591 0.206267
vt 0.465591 0.216619
vt 0.371804 0.206267
vt 0.371804 0.216619
vt 0.384715 0.954344
vt 0.374362 0.954344
vt 0.384715 0.859464
vt 0.374362 0.859464
vt 0.827343 0.924504
vt 0.812727 0.924504
vt 0.827343 0.836444
vt 0.812727 0.836444
vt 0.896162 0.175939
vt 0.910900 0.175939
vt 0.896162 0.270819
vt 0.910900 0.270819
vt 0.933805 0.302252
vt 0.927952 0.270819
vt 0.913214 0.270819
vt 0.927952 0.175939
vt 0.913214 0.175939
vt 0.587151 0.887356
vt 0.593222 0.875212
vt 0.593915 0.892391
vt 0.586636 0.923323
vt 0.581017 0.104497
vt 0.495638 0.170535
vt 0.523422 0.119293
vt 0.557036 0.135135
vt 0.589418 0.114987
vt 0.592903 0.928007
vt 0.459106 0.196668
vt 0.430634 0.178862
vt 0.406103 0.158729
vt 0.586541 0.964087
vt 0.593972 0.967852
vt 0.473518 0.136502
vt 0.211271 0.948434
vt 0.203259 0.958571
vt 0.203237 0.889934
vt 0.211269 0.887721
vt 0.070231 0.867093
vt 0.078051 0.799394
vt 0.085831 0.803927
vt 0.077952 0.868839
vt 0.577304 0.102482
vt 0.555731 0.069543
vt 0.589422 0.090121
vt 0.084369 0.929929
vt 0.531708 0.083849
vt 0.499647 0.035542
vt 0.085813 0.959946
vt 0.077655 0.964461
vt 0.077544 0.933863
vt 0.471681 0.066389
vt 0.768358 0.958615
vt 0.767777 0.901610
vt 0.774847 0.969073
vt 0.774847 0.896125
vt 0.459123 0.008455
vt 0.430549 0.026213
vt 0.998841 0.108342
vt 0.992385 0.101887
vt 0.992751 0.082399
vt 0.579111 0.908061
vt 0.579111 0.976024
vt 0.572655 0.968350
vt 0.572655 0.914516
vt 0.406139 0.046331
vt 0.991045 0.584203
vt 0.991045 0.560939
vt 0.998232 0.557773
vt 0.998232 0.577382
vt 0.544032 0.978703
vt 0.544032 0.989056
vt 0.536480 0.996851
vt 0.536480 0.970908
vt 0.398479 0.958728
vt 0.405908 0.931568
vt 0.405908 0.987351
vt 0.589280 0.115216
vt 0.570929 0.152452
vt 0.479078 0.185841
vt 0.398844 0.979069
vt 0.984468 0.838515
vt 0.991289 0.830111
vt 0.991289 0.886259
vt 0.983981 0.858977
vt 0.634774 0.987960
vt 0.627588 0.983088
vt 0.627588 0.960434
vt 0.605896 0.125385
vt 0.634774 0.956658
vt 0.941959 0.953126
vt 0.949024 0.947888
vt 0.949024 0.993319
vt 0.942081 0.989543
vt 0.510290 0.203978
vt 0.487882 0.202215
vt 0.362060 0.974560
vt 0.361329 0.814885
vt 0.368759 0.810134
vt 0.458654 0.196768
vt 0.015046 0.574581
vt 0.047323 0.569465
vt 0.101769 0.582985
vt 0.001160 0.587369
vt 0.001161 0.554728
vt 0.101769 0.557042
vt 0.157221 0.520739
vt 0.170587 0.506496
vt 0.170587 0.560452
vt 0.157676 0.545593
vt 0.113096 0.554484
vt 0.113218 0.585908
vt 0.157801 0.610024
vt 0.158407 0.596017
vt 0.169247 0.584203
vt 0.169491 0.625005
vt 0.058286 0.937536
vt 0.058286 0.992344
vt 0.051343 0.984306
vt 0.051221 0.943504
vt 0.104570 0.976024
vt 0.104570 0.996486
vt 0.098237 0.990030
vt 0.097749 0.974075
vt 0.997257 0.638281
vt 0.997257 0.684685
vt 0.991045 0.679326
vt 0.991289 0.642300
vt 0.991045 0.589440
vt 0.997988 0.586517
vt 0.997988 0.605395
vt 0.623376 0.136135
vt 0.596290 0.160487
vt 0.565116 0.158766
vt 0.552137 0.202636
vt 0.584253 0.173504
vt 0.622844 0.135995
vt 0.652693 0.144154
vt 0.631903 0.161894
vt 0.589738 0.201290
vt 0.991776 0.613312
vt 0.676796 0.836444
vt 0.676796 0.983575
vt 0.669366 0.982234
vt 0.669853 0.838637
vt 0.475945 0.991857
vt 0.476554 0.972979
vt 0.482644 0.976876
vt 0.482644 0.997460
vt 0.229296 0.990396
vt 0.229296 0.957754
vt 0.236116 0.951542
vt 0.236116 0.995755
vt 0.552311 0.202636
vt 0.510374 0.203947
vt 0.534381 0.184781
vt 0.648051 0.211017
vt 0.603715 0.206267
vt 0.648051 0.206267
vt 0.605908 0.125394
vt 0.934895 0.714160
vt 0.939645 0.714160
vt 0.939645 0.782001
vt 0.934895 0.782001
vt 0.459136 0.945818
vt 0.463886 0.966402
vt 0.459136 0.966402
vt 0.463886 0.826579
vt 0.459136 0.849720
vt 0.459136 0.826579
vt 0.778379 0.802236
vt 0.783129 0.802261
vt 0.778379 0.825361
vt 0.783129 0.638402
vt 0.980703 0.358455
vt 0.980112 0.414856
vt 0.975330 0.418113
vt 0.979570 0.418792
vt 0.976271 0.433370
vt 0.979891 0.455727
vt 0.974138 0.468752
vt 0.979252 0.513187
vt 0.978865 0.547542
vt 0.974724 0.547420
vt 0.976978 0.581637
vt 0.724786 0.978094
vt 0.724786 0.973344
vt 0.779719 0.973344
vt 0.605904 0.079722
vt 0.548543 0.032235
vt 0.580451 0.059623
vt 0.589284 0.089938
vt 0.523654 0.046358
vt 0.477219 0.018374
vt 0.487732 0.002877
vt 0.166811 0.996729
vt 0.166811 0.992101
vt 0.172658 0.996729
vt 0.992385 0.117111
vt 0.998841 0.110656
vt 0.992751 0.136599
vt 0.327590 0.917683
vt 0.334045 0.977972
vt 0.327712 0.971517
vt 0.334045 0.910010
vt 0.510530 0.001342
vt 0.998232 0.555459
vt 0.991045 0.529029
vt 0.998232 0.535728
vt 0.991045 0.552170
vt 0.534166 0.996851
vt 0.526492 0.978703
vt 0.534166 0.970908
vt 0.526492 0.989056
vt 0.983006 0.228555
vt 0.975576 0.257300
vt 0.975942 0.236838
vt 0.983006 0.284460
vt 0.991289 0.771648
vt 0.984468 0.819393
vt 0.983981 0.798809
vt 0.991289 0.827797
vt 0.444763 0.960312
vt 0.437577 0.987960
vt 0.437577 0.956536
vt 0.444763 0.982966
vt 0.991045 0.945818
vt 0.983981 0.985889
vt 0.984103 0.949594
vt 0.991045 0.991126
vt 0.458636 0.008347
vt 0.466931 0.826581
vt 0.473630 0.991006
vt 0.466200 0.986256
vt 0.622973 0.069237
vt 0.605502 0.079787
vt 0.593494 0.041456
vt 0.329084 0.610883
vt 0.342328 0.571170
vt 0.342328 0.625005
vt 0.329417 0.585908
vt 0.284959 0.577017
vt 0.186787 0.557042
vt 0.273510 0.548516
vt 0.219064 0.562157
vt 0.172902 0.576895
vt 0.172901 0.544131
vt 0.551022 0.028821
vt 0.273510 0.574459
vt 0.284959 0.545593
vt 0.552231 0.002531
vt 0.329542 0.521476
vt 0.330269 0.535606
vt 0.340988 0.547298
vt 0.341232 0.506496
vt 0.984103 0.896612
vt 0.991045 0.943382
vt 0.983981 0.937414
vt 0.991045 0.888573
vt 0.107372 0.980530
vt 0.113705 0.994659
vt 0.106885 0.996486
vt 0.113705 0.974075
vt 0.991045 0.692358
vt 0.997257 0.733404
vt 0.991289 0.729385
vt 0.997257 0.686999
vt 0.189954 0.979799
vt 0.183011 0.995877
vt 0.183742 0.972004
vt 0.189954 0.998800
vt 0.008590 0.990030
vt 0.001160 0.844363
vt 0.008590 0.842900
vt 0.001769 0.987838
vt 0.088736 0.979678
vt 0.095435 0.974075
vt 0.095435 0.994659
vt 0.510640 0.001359
vt 0.089345 0.998556
vt 0.685931 0.991857
vt 0.679110 0.997216
vt 0.679110 0.953004
vt 0.685931 0.959094
vt 0.552332 0.002621
vt 0.589661 0.003755
vt 0.579996 0.028470
vt 0.751059 0.877630
vt 0.755724 0.886746
vt 0.743074 0.894945
vt 0.733705 0.861960
vt 0.747739 0.864482
vt 0.631664 0.043010
vt 0.738100 0.834920
vt 0.748823 0.847075
vt 0.622800 0.069032
vt 0.652679 0.060963
vt 0.752064 0.835463
vt 0.743174 0.821948
vt 0.755724 0.828406
vt 0.980708 0.910557
vt 0.975320 0.851419
vt 0.979571 0.851434
vt 0.976268 0.835754
vt 0.979894 0.813931
vt 0.974136 0.800759
vt 0.979254 0.756103
vt 0.974718 0.722155
vt 0.978856 0.722078
vt 0.977166 0.686183
vt 0.540865 0.623056
vt 0.532948 0.588587
vt 0.537455 0.587978
vt 0.557917 0.627928
vt 0.569245 0.627562
vt 0.558039 0.634870
vt 0.568758 0.634505
vt 0.574604 0.622325
vt 0.576675 0.588344
vt 0.546590 0.628050
vt 0.547321 0.635114
vt 0.512972 0.255838
vt 0.513460 0.262780
vt 0.491535 0.255351
vt 0.490804 0.262293
vt 0.520890 0.301999
vt 0.481669 0.302486
vt 0.518819 0.268139
vt 0.485202 0.267287
vt 0.725681 0.839227
vt 0.717617 0.821912
vt 0.730267 0.830111
vt 0.722283 0.852375
vt 0.708321 0.854856
vt 0.282036 0.977944
vt 0.282036 0.960157
vt 0.286786 0.977062
vt 0.286786 0.960198
vt 0.712719 0.881894
vt 0.723461 0.869722
vt 0.282036 0.992824
vt 0.286786 0.992827
vt 0.971313 0.992583
vt 0.966563 0.992580
vt 0.971313 0.976772
vt 0.966563 0.975392
vt 0.971313 0.959954
vt 0.966563 0.959951
vt 0.349271 0.984428
vt 0.349145 0.986614
vt 0.348905 0.979193
vt 0.352670 0.988318
vt 0.593971 0.990519
vt 0.589951 0.990396
vt 0.588968 0.988136
vt 0.585445 0.986377
vt 0.585262 0.982477
vt 0.351033 0.840454
vt 0.336963 0.843101
vt 0.354318 0.827384
vt 0.369613 0.522449
vt 0.371560 0.512888
vt 0.371560 0.523338
vt 0.346242 0.810099
vt 0.359015 0.818175
vt 0.369613 0.532883
vt 0.369612 0.568062
vt 0.369613 0.557524
vt 0.371560 0.558425
vt 0.371559 0.548076
vt 0.355308 0.869580
vt 0.359015 0.876516
vt 0.346465 0.882972
vt 0.160477 0.980774
vt 0.156256 0.976728
vt 0.164505 0.974644
vt 0.161384 0.969680
vt 0.153657 0.971639
vt 0.161408 0.964610
vt 0.153231 0.965788
vt 0.155859 0.958409
vt 0.341369 0.870038
vt 0.164494 0.960220
vt 0.352104 0.857748
vt 0.159868 0.954100
vt 0.554751 0.982113
vt 0.550431 0.978100
vt 0.558655 0.975862
vt 0.555588 0.970891
vt 0.547502 0.970960
vt 0.555749 0.965844
vt 0.547564 0.965184
vt 0.549992 0.959715
vt 0.558645 0.961438
vt 0.554020 0.955440
vt 0.980145 0.014883
vt 0.975939 0.015774
vt 0.975690 0.012354
vt 0.972897 0.012366
vt 0.975375 0.007277
vt 0.972592 0.007802
vt 0.975939 0.002867
vt 0.980145 0.003759
vt 0.980327 0.001404
vt 0.990386 0.003759
vt 0.986046 0.006284
vt 0.984106 0.004992
vt 0.982944 0.010834
vt 0.985689 0.011362
vt 0.986233 0.015775
vt 0.990386 0.014883
vt 0.990558 0.017238
vt 0.369612 0.628857
vt 0.369612 0.615854
vt 0.371195 0.618378
vt 0.371195 0.603858
vt 0.371195 0.576697
vt 0.371195 0.589613
vt 0.369612 0.587130
vt 0.369612 0.601696
vt 0.496298 0.979209
vt 0.498765 0.976096
vt 0.503358 0.974842
vt 0.551787 0.215889
vt 0.537681 0.215889
vt 0.551818 0.212844
vt 0.533626 0.212844
vt 0.524638 0.215889
vt 0.524665 0.212844
vt 0.118935 0.960799
vt 0.119054 0.963844
vt 0.100716 0.960799
vt 0.099649 0.963844
vt 0.091781 0.960799
vt 0.091781 0.963844
vt 0.601157 0.216376
vt 0.601157 0.251575
vt 0.597381 0.216376
vt 0.597381 0.251575
vt 0.493903 0.882245
vt 0.498600 0.891375
vt 0.485827 0.899451
vt 0.607247 0.216376
vt 0.616504 0.216376
vt 0.607247 0.251575
vt 0.616504 0.251575
vt 0.574848 0.251575
vt 0.574848 0.216376
vt 0.578624 0.216376
vt 0.625883 0.251575
vt 0.625883 0.216376
vt 0.629659 0.251575
vt 0.588005 0.216376
vt 0.588004 0.251575
vt 0.588001 0.216376
vt 0.578624 0.251575
vt 0.588001 0.251575
vt 0.603471 0.251575
vt 0.721010 0.988934
vt 0.714798 0.986742
vt 0.721010 0.982235
vt 0.714677 0.980043
vt 0.907202 0.962264
vt 0.912727 0.963748
vt 0.906408 0.965989
vt 0.911021 0.957998
vt 0.903899 0.952518
vt 0.903223 0.957813
vt 0.375823 0.981017
vt 0.382157 0.983210
vt 0.375945 0.987594
vt 0.382279 0.989787
vt 0.896892 0.950568
vt 0.899206 0.957328
vt 0.892934 0.959589
vt 0.893969 0.952395
vt 0.898428 0.963028
vt 0.894944 0.968350
vt 0.899486 0.972333
vt 0.902158 0.967432
vt 0.905822 0.972777
vt 0.911387 0.969081
vt 0.358893 0.609293
vt 0.361938 0.605274
vt 0.360842 0.611729
vt 0.348281 0.605107
vt 0.353403 0.603089
vt 0.354255 0.608734
vt 0.350694 0.611806
vt 0.344764 0.610389
vt 0.345177 0.615026
vt 0.350824 0.614931
vt 0.350245 0.622325
vt 0.358020 0.623922
vt 0.352925 0.618062
vt 0.356897 0.618860
vt 0.364861 0.622325
vt 0.360964 0.616457
vt 0.367054 0.618061
vt 0.365714 0.610267
vt 0.360842 0.611851
vt 0.633112 0.234952
vt 0.632192 0.234938
vt 0.633277 0.228749
vt 0.634946 0.241771
vt 0.402741 0.859524
vt 0.409152 0.868968
vt 0.401642 0.876225
vt 0.409852 0.860073
vt 0.407902 0.882955
vt 0.407536 0.900783
vt 0.400837 0.890409
vt 0.400105 0.904881
vt 0.402985 0.929254
vt 0.407008 0.916990
vt 0.409906 0.927433
vt 0.398793 0.918453
vt 0.871604 0.353684
vt 0.872052 0.330683
vt 0.869157 0.342420
vt 0.847184 0.341700
vt 0.849169 0.358148
vt 0.856523 0.371415
vt 0.882198 0.365509
vt 0.897623 0.422700
vt 0.892637 0.424326
vt 0.893162 0.420310
vt 0.849269 0.326480
vt 0.899085 0.417873
vt 0.895187 0.417175
vt 0.896004 0.410788
vt 0.892437 0.412486
vt 0.891898 0.407962
vt 0.886486 0.408448
vt 0.866996 0.304046
vt 0.882165 0.319752
vt 0.856523 0.313822
vt 0.888035 0.411881
vt 0.881913 0.413377
vt 0.885504 0.414600
vt 0.882554 0.420028
vt 0.880342 0.295804
vt 0.893473 0.291054
vt 0.886547 0.419070
vt 0.900289 0.309577
vt 0.886539 0.423674
vt 0.430393 0.967229
vt 0.428320 0.962991
vt 0.430756 0.958728
vt 0.434631 0.963883
vt 0.434985 0.969707
vt 0.427379 0.972196
vt 0.431974 0.975293
vt 0.427339 0.977267
vt 0.423083 0.972126
vt 0.880342 0.389432
vt 0.866996 0.381191
vt 0.420647 0.976511
vt 0.420803 0.969051
vt 0.416073 0.970445
vt 0.422834 0.957955
vt 0.430391 0.958485
vt 0.428076 0.962870
vt 0.424219 0.962657
vt 0.416264 0.962438
vt 0.420825 0.964948
vt 0.893473 0.394183
vt 0.900287 0.375658
vt 0.274454 0.933650
vt 0.284931 0.947459
vt 0.275389 0.941546
vt 0.277895 0.949350
vt 0.333921 0.811381
vt 0.318325 0.830494
vt 0.320846 0.810446
vt 0.276423 0.915136
vt 0.283565 0.926817
vt 0.332690 0.831070
vt 0.277109 0.898397
vt 0.284565 0.898394
vt 0.284073 0.913005
vt 0.332684 0.886625
vt 0.318324 0.887311
vt 0.331791 0.868246
vt 0.317205 0.872252
vt 0.316848 0.859148
vt 0.331831 0.847194
vt 0.333922 0.906450
vt 0.320846 0.907374
vt 0.277660 0.887112
vt 0.284959 0.886625
vt 0.416835 0.238907
vt 0.415960 0.233358
vt 0.423448 0.231966
vt 0.422563 0.239925
vt 0.414313 0.242806
vt 0.417601 0.247312
vt 0.410126 0.243658
vt 0.407806 0.249622
vt 0.406767 0.242538
vt 0.402863 0.248043
vt 0.398815 0.242353
vt 0.404893 0.237537
vt 0.398699 0.236359
vt 0.407370 0.232697
vt 0.404447 0.227946
vt 0.411940 0.231833
vt 0.420768 0.228068
vt 0.415653 0.232940
vt 0.413039 0.226037
vt 0.935383 0.787876
vt 0.918458 0.809856
vt 0.921744 0.785862
vt 0.933918 0.801883
vt 0.932024 0.817598
vt 0.929474 0.846317
vt 0.928321 0.862452
vt 0.915313 0.873295
vt 0.855845 0.915003
vt 0.860039 0.912642
vt 0.862174 0.915378
vt 0.929430 0.878527
vt 0.930533 0.892981
vt 0.932004 0.907302
vt 0.933915 0.923019
vt 0.918457 0.915118
vt 0.935383 0.937020
vt 0.855038 0.918399
vt 0.921745 0.939033
vt 0.850272 0.913847
vt 0.916334 0.894023
vt 0.915675 0.841823
vt 0.930483 0.831917
vt 0.849663 0.897745
vt 0.847689 0.894970
vt 0.854992 0.893932
vt 0.317152 0.846742
vt 0.842569 0.903798
vt 0.845857 0.904407
vt 0.843512 0.911152
vt 0.846564 0.909709
vt 0.847441 0.916465
vt 0.820818 0.758400
vt 0.818785 0.734711
vt 0.832554 0.729629
vt 0.688479 0.887181
vt 0.680483 0.901431
vt 0.680339 0.882388
vt 0.839458 0.748303
vt 0.688496 0.872375
vt 0.679719 0.870547
vt 0.795085 0.752838
vt 0.805686 0.742782
vt 0.687722 0.908647
vt 0.812361 0.765802
vt 0.688173 0.928294
vt 0.680329 0.917076
vt 0.680017 0.934631
vt 0.787646 0.766165
vt 0.688724 0.949050
vt 0.679921 0.950479
vt 0.808885 0.772794
vt 0.785484 0.781879
vt 0.807526 0.782157
vt 0.484227 0.248774
vt 0.488986 0.244189
vt 0.488247 0.250114
vt 0.484786 0.240623
vt 0.479683 0.243076
vt 0.484349 0.236229
vt 0.478990 0.234645
vt 0.487070 0.232883
vt 0.484153 0.228353
vt 0.490289 0.231803
vt 0.489586 0.226120
vt 0.496364 0.228058
vt 0.494810 0.234448
vt 0.839459 0.815352
vt 0.832557 0.834133
vt 0.820818 0.805335
vt 0.818811 0.829060
vt 0.500401 0.233290
vt 0.495920 0.239761
vt 0.501158 0.241466
vt 0.493042 0.243230
vt 0.495823 0.248036
vt 0.489465 0.244267
vt 0.488856 0.250235
vt 0.805739 0.821022
vt 0.795085 0.810920
vt 0.389907 0.246040
vt 0.392754 0.241101
vt 0.395921 0.241953
vt 0.810648 0.794531
vt 0.385080 0.251331
vt 0.384593 0.248043
vt 0.392121 0.248426
vt 0.379215 0.246642
vt 0.372798 0.243475
vt 0.375580 0.243171
vt 0.377918 0.249310
vt 0.374639 0.237408
vt 0.393124 0.230174
vt 0.395921 0.235620
vt 0.392754 0.236350
vt 0.787646 0.797596
vt 0.390615 0.232220
vt 0.388004 0.225998
vt 0.384736 0.229093
vt 0.381304 0.225876
vt 0.375110 0.229871
vt 0.377056 0.232130
vt 0.371804 0.235620
vt 0.308440 0.886626
vt 0.300453 0.896737
vt 0.300184 0.886625
vt 0.308880 0.894842
vt 0.308709 0.906236
vt 0.299563 0.912618
vt 0.164419 0.951539
vt 0.157799 0.951729
vt 0.164183 0.943348
vt 0.157620 0.937440
vt 0.157426 0.924476
vt 0.163749 0.928977
vt 0.308392 0.925793
vt 0.299472 0.927130
vt 0.163616 0.912941
vt 0.156980 0.912860
vt 0.162346 0.898980
vt 0.154632 0.898394
vt 0.300488 0.941778
vt 0.308913 0.942679
vt 0.157798 0.887721
vt 0.164473 0.889054
vt 0.308334 0.957940
vt 0.300063 0.957689
vt 0.726491 0.228312
vt 0.725673 0.224614
vt 0.732094 0.223927
vt 0.728947 0.218881
vt 0.723040 0.223020
vt 0.722878 0.216546
vt 0.716625 0.218446
vt 0.720322 0.224424
vt 0.714770 0.221969
vt 0.714311 0.228921
vt 0.720824 0.229532
vt 0.717948 0.235726
vt 0.724664 0.240004
vt 0.724635 0.231546
vt 0.728437 0.238448
vt 0.732094 0.230504
vt 0.732094 0.230382
vt 0.437082 0.243387
vt 0.441109 0.243049
vt 0.444033 0.247799
vt 0.265227 0.964088
vt 0.267763 0.967586
vt 0.264250 0.972285
vt 0.268150 0.974075
vt 0.274312 0.971414
vt 0.272249 0.967039
vt 0.278869 0.965793
vt 0.274606 0.964209
vt 0.277681 0.955979
vt 0.273841 0.959680
vt 0.270823 0.951974
vt 0.270254 0.957474
vt 0.265882 0.953345
vt 0.266392 0.959759
vt 0.260720 0.959825
vt 0.434259 0.249120
vt 0.433989 0.241900
vt 0.260720 0.965671
vt 0.429660 0.247069
vt 0.426123 0.240960
vt 0.432642 0.236872
vt 0.261502 0.908144
vt 0.270486 0.918212
vt 0.263122 0.922094
vt 0.426469 0.235168
vt 0.435263 0.232453
vt 0.432705 0.227459
vt 0.439660 0.231944
vt 0.441125 0.226279
vt 0.449685 0.240758
vt 0.444520 0.247556
vt 0.441353 0.242806
vt 0.443926 0.239337
vt 0.449513 0.231113
vt 0.443667 0.234524
vt 0.264394 0.948884
vt 0.263663 0.932995
vt 0.271926 0.949457
vt 0.271098 0.933489
vt 0.673059 0.221978
vt 0.668148 0.224049
vt 0.664129 0.219908
vt 0.672545 0.216376
vt 0.679337 0.223545
vt 0.270245 0.909204
vt 0.683760 0.219198
vt 0.680937 0.229861
vt 0.261522 0.898246
vt 0.271929 0.888696
vt 0.270545 0.897114
vt 0.686540 0.230486
vt 0.678867 0.234767
vt 0.682886 0.238786
vt 0.673759 0.237335
vt 0.676450 0.243053
vt 0.264375 0.886625
vt 0.668942 0.243197
vt 0.667924 0.235370
vt 0.662423 0.238908
vt 0.666087 0.231571
vt 0.660249 0.233040
vt 0.176489 0.911828
vt 0.174986 0.913269
vt 0.169674 0.902845
vt 0.169804 0.896302
vt 0.170712 0.891297
vt 0.174463 0.891294
vt 0.176658 0.888145
vt 0.181108 0.890204
vt 0.184712 0.889377
vt 0.187648 0.895514
vt 0.666565 0.227216
vt 0.661205 0.225389
vt 0.189547 0.917172
vt 0.861051 0.066535
vt 0.869073 0.077595
vt 0.862179 0.078014
vt 0.379811 0.967902
vt 0.375017 0.969052
vt 0.380081 0.963853
vt 0.375583 0.961158
vt 0.383530 0.961696
vt 0.382341 0.956991
vt 0.388422 0.963510
vt 0.389831 0.957876
vt 0.393704 0.963028
vt 0.389544 0.967855
vt 0.394058 0.968736
vt 0.387208 0.971119
vt 0.389611 0.975269
vt 0.384228 0.976633
vt 0.384471 0.971761
vt 0.379356 0.975293
vt 0.383822 0.971648
vt 0.383741 0.976633
vt 0.858657 0.049425
vt 0.866390 0.055087
vt 0.553051 0.241477
vt 0.548827 0.248091
vt 0.541918 0.231043
vt 0.558447 0.230224
vt 0.568876 0.226349
vt 0.563824 0.236646
vt 0.566167 0.247200
vt 0.560028 0.243303
vt 0.856820 0.033558
vt 0.864775 0.036683
vt 0.550779 0.235626
vt 0.549080 0.222202
vt 0.863845 0.021654
vt 0.854796 0.020510
vt 0.862524 0.001214
vt 0.869020 0.003863
vt 0.915787 0.949274
vt 0.919791 0.943017
vt 0.921131 0.944965
vt 0.925937 0.943843
vt 0.925871 0.941531
vt 0.932337 0.943893
vt 0.930893 0.945615
vt 0.933798 0.949594
vt 0.936113 0.948863
vt 0.935336 0.956216
vt 0.933103 0.955427
vt 0.927648 0.960263
vt 0.520524 0.238261
vt 0.519672 0.234402
vt 0.524300 0.231235
vt 0.525883 0.238686
vt 0.294491 0.971546
vt 0.289834 0.972867
vt 0.294695 0.967513
vt 0.290134 0.964882
vt 0.298138 0.965285
vt 0.296821 0.960581
vt 0.301890 0.965671
vt 0.304326 0.961286
vt 0.303978 0.969749
vt 0.308327 0.966451
vt 0.308652 0.972319
vt 0.301040 0.974748
vt 0.305544 0.977851
vt 0.300965 0.979824
vt 0.296774 0.974684
vt 0.294338 0.978947
vt 0.519297 0.241418
vt 0.524300 0.244389
vt 0.297009 0.955197
vt 0.289344 0.956536
vt 0.296824 0.942073
vt 0.518541 0.248444
vt 0.288674 0.943103
vt 0.514413 0.243353
vt 0.511744 0.248420
vt 0.288001 0.926134
vt 0.287855 0.913105
vt 0.296064 0.925421
vt 0.295401 0.909459
vt 0.510049 0.241101
vt 0.505421 0.244267
vt 0.509184 0.236838
vt 0.503692 0.235969
vt 0.516613 0.226655
vt 0.524056 0.230870
vt 0.519550 0.234158
vt 0.515767 0.232055
vt 0.507736 0.227946
vt 0.511206 0.232697
vt 0.287993 0.901416
vt 0.296517 0.895662
vt 0.460354 0.229895
vt 0.457065 0.233306
vt 0.454386 0.231600
vt 0.458892 0.227094
vt 0.465261 0.229164
vt 0.465536 0.226192
vt 0.289246 0.886708
vt 0.297017 0.886625
vt 0.470508 0.231350
vt 0.472531 0.228990
vt 0.473509 0.237533
vt 0.476554 0.234402
vt 0.452924 0.235132
vt 0.455969 0.235863
vt 0.453812 0.241878
vt 0.476554 0.240735
vt 0.456573 0.240901
vt 0.459031 0.247450
vt 0.459623 0.244754
vt 0.465423 0.246120
vt 0.466809 0.249139
vt 0.472751 0.246333
vt 0.470716 0.244163
vt 0.848993 0.111478
vt 0.851370 0.194499
vt 0.853015 0.193232
s 0
usemtl Material.002
f 297/1/1 1063/2/2 1064/3/2
f 1035/4/3 1063/2/4 297/1/5
f 1054/5/6 1053/6/7 1051/7/8
f 471/8/9 1/9/10 163/10/11
f 1026/11/12 1053/6/13 1054/5/14
f 1055/12/15 1026/11/16 1054/5/17
f 1025/13/18 1026/11/19 1055/12/20
f 163/10/21 1/9/22 2/14/23
f 1057/15/24 1025/13/25 1056/16/26
f 456/17/27 2/14/28 4/18/29
f 4/18/30 2/14/31 432/19/32
f 432/19/33 2/14/34 5/20/35
f 5/20/36 2/14/37 6/21/38
f 2/14/39 1/9/40 6/21/41
f 6/21/42 1/9/43 7/22/44
f 7/22/45 1/9/46 8/23/47
f 8/23/48 1/9/49 333/24/50
f 1/9/51 471/8/52 333/24/53
f 2/14/54 456/17/55 163/10/56
f 1030/25/57 1034/26/58 924/27/59
f 1062/28/60 1033/29/61 1030/25/62
f 1037/30/63 1033/29/64 1062/28/65
f 3/31/66 474/32/67 456/17/68
f 474/32/69 9/33/70 456/17/71
f 10/34/72 471/8/73 163/10/74
f 1020/35/75 1021/36/76 1037/30/77
f 456/17/78 472/37/79 163/10/80
f 472/37/81 10/34/82 163/10/83
f 925/38/84 1020/35/85 1037/30/86
f 11/39/87 333/24/88 471/8/89
f 1062/28/90 925/38/91 1037/30/92
f 12/40/93 10/34/94 13/41/95
f 1030/25/96 924/27/97 1062/28/98
f 11/39/99 471/8/100 12/40/101
f 471/8/102 10/34/103 12/40/104
f 1034/26/105 1061/42/106 924/27/107
f 456/17/108 9/33/109 472/37/110
f 1060/43/111 1061/42/112 1034/26/113
f 1059/44/114 1061/42/115 1060/43/116
f 13/41/117 10/34/118 433/45/119
f 433/45/120 10/34/121 334/46/122
f 10/34/123 472/37/124 334/46/125
f 1058/47/126 1059/44/127 1060/43/128
f 365/48/129 366/49/130 14/50/131
f 366/49/132 355/51/133 14/50/134
f 355/51/135 332/52/136 14/50/137
f 1055/12/138 1056/16/139 1025/13/140
f 14/50/141 27/53/142 365/48/143
f 332/52/144 355/51/145 356/54/146
f 1052/55/147 1051/7/148 1053/6/149
f 332/52/150 356/54/151 15/56/152
f 356/54/153 357/57/154 15/56/155
f 15/56/156 357/57/157 325/58/158
f 357/57/159 358/59/160 325/58/161
f 15/56/162 325/58/163 326/60/164
f 1050/61/165 1051/7/166 1052/55/167
f 291/62/168 1051/7/169 1050/61/170
f 358/59/171 359/63/172 325/58/173
f 359/63/174 324/64/175 325/58/176
f 324/64/177 360/65/178 323/66/179
f 323/66/180 360/65/181 361/67/182
f 1047/68/183 961/69/184 1049/70/185
f 1048/71/186 961/69/187 1047/68/188
f 1050/72/189 961/73/189 291/74/190
f 324/64/191 359/63/192 360/65/193
f 1050/72/194 1049/75/195 961/73/196
f 363/76/197 323/66/198 361/67/199
f 1048/77/200 1047/78/201 1046/79/202
f 337/80/203 20/81/204 335/82/205
f 20/81/206 329/83/207 335/82/208
f 335/82/209 329/83/210 17/84/211
f 329/83/212 328/85/213 17/84/214
f 17/84/215 328/85/216 16/86/217
f 328/85/218 327/87/219 16/86/220
f 16/86/221 327/87/222 362/88/223
f 362/88/224 327/87/225 336/89/226
f 327/87/227 21/90/228 336/89/229
f 336/89/230 21/90/231 363/76/232
f 363/76/233 21/90/234 323/66/235
f 287/91/236 290/92/237 1048/93/238
f 327/87/239 328/85/240 22/94/241
f 1046/95/242 287/91/243 1048/93/244
f 337/80/245 18/96/246 20/81/247
f 18/96/248 19/97/249 20/81/250
f 23/98/251 20/81/252 24/99/253
f 20/81/254 133/100/255 24/99/256
f 1045/101/257 1043/102/258 1042/103/259
f 287/104/260 1043/102/261 1045/101/262
f 19/97/263 350/105/264 20/81/265
f 939/106/266 1044/107/267 1039/108/268
f 20/81/269 350/105/270 133/100/271
f 350/105/272 349/109/273 133/100/274
f 24/99/275 133/100/276 25/110/277
f 25/110/278 133/100/279 26/111/280
f 1039/108/281 959/112/282 939/106/283
f 26/111/284 133/100/285 349/109/286
f 1042/113/287 1043/114/288 1044/115/289
f 939/116/290 1042/113/291 1044/115/292
f 349/109/293 91/117/294 26/111/295
f 1040/118/296 1041/119/297 1009/120/298
f 288/121/299 1041/119/300 1040/118/301
f 27/53/302 26/111/303 91/117/304
f 1009/120/305 289/122/305 1040/118/306
f 91/117/307 348/123/308 27/53/309
f 365/48/310 27/53/311 348/123/312
f 1005/124/313 959/125/314 1039/126/315
f 960/127/316 959/125/317 1005/124/318
f 28/128/319 35/129/320 29/130/321
f 35/129/322 30/131/323 29/130/324
f 30/131/325 31/132/326 29/130/327
f 31/132/328 32/133/329 29/130/330
f 32/133/331 28/128/332 29/130/333
f 1032/134/334 1035/135/335 1038/136/336
f 1031/137/337 1032/134/338 1038/136/339
f 33/138/340 34/139/341 32/133/342
f 32/133/343 34/139/344 28/128/345
f 34/139/346 343/140/347 28/128/348
f 1035/135/349 1032/134/350 1037/141/351
f 1021/142/352 1035/135/353 1037/141/354
f 31/132/355 33/138/356 32/133/357
f 28/128/358 36/143/359 35/129/360
f 1035/144/361 1021/142/362 1036/145/363
f 1049/146/364 1052/147/364 1063/148/364
f 1047/149/365 1036/145/366 1046/150/367
f 35/129/368 36/143/369 37/151/370
f 36/143/371 28/128/372 38/152/373
f 38/152/374 28/128/375 354/153/376
f 28/128/377 343/140/378 354/153/379
f 343/140/380 34/139/381 39/154/382
f 34/139/383 33/138/384 40/155/385
f 33/138/386 31/132/387 41/156/388
f 41/156/389 31/132/390 42/157/391
f 42/157/392 31/132/393 43/158/394
f 43/158/395 31/132/396 44/159/397
f 44/159/398 31/132/399 45/160/400
f 31/132/401 30/131/402 45/160/403
f 46/161/404 30/131/405 47/162/406
f 47/162/407 30/131/408 48/163/409
f 48/163/410 30/131/411 351/164/412
f 30/131/413 35/129/414 351/164/415
f 351/164/416 35/129/417 49/165/418
f 49/165/419 35/129/420 50/166/421
f 1049/146/422 1036/145/423 1047/149/422
f 35/129/424 51/167/425 50/166/426
f 1050/168/427 1052/147/428 1049/146/428
f 1049/146/429 1035/144/430 1036/145/431
f 35/129/432 37/151/433 51/167/434
f 1063/148/435 1035/144/436 1049/146/435
f 1053/169/437 1063/170/437 1052/147/438
f 292/171/439 1063/170/439 1053/169/440
f 1028/172/441 1027/173/442 1057/174/443
f 1058/175/444 1028/172/444 1057/174/445
f 1060/176/446 1028/172/447 1058/175/448
f 52/177/449 54/178/450 53/179/451
f 1030/180/452 1060/176/453 1034/181/454
f 1032/134/455 1030/180/456 1033/182/457
f 1030/180/458 1032/134/459 1031/137/460
f 295/183/461 1030/180/462 1031/137/463
f 1060/176/464 1030/180/465 295/183/466
f 1029/184/467 1060/176/468 295/183/469
f 1028/172/470 1060/176/471 1029/184/472
f 1025/185/473 1027/173/474 1024/186/475
f 55/187/476 54/178/477 52/177/478
f 1057/174/479 1027/173/480 1025/185/481
f 1026/188/482 1025/185/483 1024/186/482
f 292/171/484 1026/188/485 1024/186/484
f 1053/169/486 1026/188/486 292/171/486
f 286/189/487 1041/190/488 288/191/489
f 285/192/490 1041/190/491 286/189/492
f 1022/193/493 1023/194/494 286/195/495
f 962/196/496 1023/194/497 1022/193/498
f 1022/197/499 1017/198/500 962/199/500
f 1018/200/501 1017/198/502 1022/197/502
f 56/201/503 57/202/504 365/203/505
f 365/203/506 57/202/507 58/204/508
f 1019/205/509 1021/206/510 1020/207/511
f 62/208/512 61/209/513 59/210/514
f 61/209/515 60/211/516 59/210/517
f 1019/205/518 1020/207/519 926/212/520
f 279/213/521 967/214/522 1018/215/523
f 967/214/524 1017/216/525 1018/215/526
f 1016/217/527 967/218/528 279/219/529
f 1014/220/530 1016/217/530 279/219/531
f 1013/221/532 1015/222/533 1016/223/534
f 1014/224/535 1013/221/536 1016/223/537
f 284/225/538 908/226/539 1015/227/540
f 1013/228/541 284/225/542 1015/227/542
f 966/229/543 1012/230/544 284/231/545
f 1011/232/546 966/229/547 284/231/548
f 1010/233/549 289/234/550 1009/235/551
f 282/236/552 1010/237/552 283/238/552
f 1010/237/553 1009/239/554 283/238/553
f 282/240/555 1008/241/556 1006/242/557
f 282/240/558 1006/242/559 1007/243/560
f 278/244/561 1006/245/562 964/246/561
f 1007/247/563 1006/245/564 278/244/563
f 281/248/565 964/249/566 966/250/567
f 278/251/568 964/249/569 281/248/570
f 65/252/571 64/253/572 66/254/573
f 64/253/574 63/255/575 66/254/576
f 281/256/577 966/257/578 1011/258/579
f 1011/259/580 284/260/581 1013/261/582
f 1014/262/583 1011/259/584 1013/261/585
f 281/263/586 1011/259/587 1014/262/588
f 928/264/589 960/265/590 1005/266/591
f 1005/266/592 277/267/593 928/264/594
f 67/268/595 355/269/596 69/270/597
f 1004/271/598 1003/272/599 986/273/600
f 878/274/601 1003/272/602 1004/271/603
f 878/274/604 1002/275/605 1003/272/606
f 1001/276/607 1002/275/608 878/274/609
f 68/277/610 67/268/611 69/270/612
f 263/278/613 413/279/614 1001/276/615
f 1001/276/616 413/279/617 1002/275/618
f 68/277/619 69/270/620 355/269/621
f 889/280/622 263/278/623 1001/276/624
f 1000/281/625 263/282/626 889/283/627
f 999/284/628 263/282/629 1000/281/630
f 927/285/631 999/284/632 1000/281/633
f 71/286/634 73/287/635 72/288/636
f 270/289/637 999/284/638 927/285/639
f 998/290/640 1019/291/641 926/292/642
f 915/293/643 998/290/644 926/292/644
f 916/294/645 998/295/646 915/296/647
f 996/297/648 271/298/649 916/294/650
f 916/294/651 271/298/652 998/295/653
f 996/297/654 997/299/655 271/298/656
f 73/287/657 71/286/658 70/300/659
f 264/301/660 997/299/661 996/297/662
f 995/302/663 264/301/664 996/297/665
f 874/303/666 265/304/667 264/305/668
f 994/306/669 265/304/670 874/303/671
f 75/307/672 74/308/673 76/309/674
f 77/310/675 76/309/676 74/308/677
f 267/311/678 265/304/679 994/306/680
f 993/312/681 267/311/682 994/306/683
f 991/313/684 267/311/685 993/312/686
f 992/314/687 991/313/688 993/312/689
f 136/315/690 991/313/691 992/314/692
f 255/316/693 991/313/694 136/315/695
f 136/317/696 990/318/697 255/319/698
f 988/320/699 990/318/700 989/321/701
f 989/321/702 990/318/703 136/317/704
f 987/322/705 988/320/706 989/321/707
f 148/323/708 987/322/709 989/321/710
f 78/324/711 80/325/712 79/326/713
f 78/324/714 81/327/715 80/328/716
f 983/329/717 987/330/718 148/331/719
f 224/332/720 983/329/721 148/331/722
f 882/333/723 253/334/724 252/335/725
f 884/336/726 253/334/727 883/337/728
f 883/337/729 253/334/730 882/333/731
f 984/338/732 986/339/733 985/340/734
f 985/340/735 253/334/736 884/336/737
f 83/341/738 82/342/739 84/343/740
f 886/344/741 985/340/742 884/336/743
f 984/338/744 985/340/745 886/344/746
f 252/345/747 983/346/748 982/347/749
f 882/348/750 252/345/751 982/347/752
f 981/349/753 215/350/754 262/351/755
f 979/352/756 980/353/757 262/354/758
f 84/343/759 82/342/760 85/355/761
f 978/356/762 218/357/763 973/358/764
f 977/359/765 218/357/766 978/356/767
f 249/360/768 218/357/769 977/359/770
f 976/361/771 972/362/772 975/363/773
f 975/363/774 974/364/775 976/361/776
f 973/365/777 215/366/778 978/367/779
f 972/368/780 980/369/781 975/370/782
f 86/371/783 89/372/784 88/373/785
f 86/371/786 87/374/787 89/372/788
f 971/375/789 298/376/790 1024/377/791
f 91/378/792 26/379/793 92/380/794
f 26/379/795 91/378/796 90/381/797
f 95/382/798 94/383/799 96/384/800
f 94/383/801 95/385/802 93/386/803
f 18/387/804 99/388/805 97/389/806
f 296/390/807 969/391/808 970/392/809
f 297/393/810 969/391/811 296/390/812
f 98/394/813 97/389/814 99/388/815
f 100/395/816 103/396/817 102/397/818
f 100/395/819 102/397/820 101/398/821
f 106/399/822 105/400/823 104/401/824
f 106/399/825 104/401/826 313/402/827
f 901/403/828 966/404/829 964/405/830
f 108/406/831 107/407/832 109/408/833
f 108/409/834 109/410/835 330/411/836
f 1041/412/837 965/413/837 1009/414/838
f 110/415/839 113/416/840 111/417/841
f 903/418/842 964/419/843 1006/420/844
f 901/421/845 964/419/846 903/418/847
f 112/422/848 111/417/849 113/416/850
f 114/423/851 115/424/852 117/425/853
f 1006/426/854 1008/427/855 903/428/856
f 114/423/857 117/425/858 116/429/859
f 118/430/860 121/431/861 120/432/862
f 120/432/863 119/433/864 118/430/865
f 936/434/866 1041/435/866 285/436/866
f 122/437/867 124/438/868 123/439/869
f 963/440/870 1015/441/871 908/442/870
f 122/443/872 125/444/873 124/438/874
f 126/445/875 129/446/876 127/447/877
f 129/446/878 128/448/879 127/447/880
f 1012/449/881 966/450/882 968/451/883
f 908/452/884 1012/449/884 968/451/884
f 132/453/885 130/454/886 133/455/887
f 133/455/888 130/454/889 131/456/890
f 157/457/891 143/458/892 135/459/893
f 135/459/894 143/458/895 136/460/896
f 157/457/897 135/459/898 156/461/899
f 156/461/900 135/459/901 134/462/902
f 134/462/903 146/463/904 450/464/905
f 450/464/906 146/463/907 137/465/908
f 146/463/909 138/466/910 137/465/911
f 134/462/912 450/464/913 1/467/914
f 134/462/915 135/459/916 147/468/917
f 147/468/918 135/459/919 136/460/920
f 141/469/921 136/460/922 142/470/923
f 142/470/924 136/460/925 143/458/926
f 151/471/927 136/460/928 141/469/929
f 141/469/930 140/472/931 151/471/932
f 151/471/933 140/472/934 139/473/935
f 144/474/936 394/475/937 145/476/938
f 942/477/866 1048/478/939 290/479/939
f 394/475/940 144/474/941 252/480/942
f 148/481/943 574/482/944 896/483/945
f 1045/484/946 1042/485/947 939/486/948
f 146/487/949 148/481/950 252/480/951
f 252/480/952 144/474/953 146/487/954
f 144/474/955 138/488/956 146/487/957
f 574/482/958 148/481/959 147/489/960
f 574/482/961 147/489/962 896/483/963
f 297/490/964 237/491/965 245/492/966
f 143/493/967 545/494/968 375/495/969
f 237/491/970 297/490/971 1064/496/972
f 945/497/973 943/498/973 944/499/973
f 958/500/974 245/501/975 910/502/976
f 244/503/977 958/500/978 910/502/979
f 954/504/980 953/505/981 244/503/982
f 957/506/983 954/504/984 244/503/985
f 910/502/986 957/506/987 244/503/988
f 142/507/989 143/493/990 379/508/991
f 944/499/992 941/509/992 956/510/993
f 956/510/994 237/511/995 944/499/996
f 245/512/997 237/511/998 956/510/999
f 910/502/1000 245/512/1001 956/510/1002
f 955/513/1003 956/510/1004 941/509/1003
f 379/508/1005 149/514/1006 140/515/1007
f 1051/516/1008 236/517/1009 943/518/1010
f 945/519/1011 1051/516/1012 943/518/1013
f 925/520/1014 954/521/1015 838/522/1016
f 954/521/1017 1020/523/1018 838/522/1019
f 910/524/1020 1020/523/1021 954/521/1022
f 398/525/1023 254/526/1024 384/527/1025
f 384/527/1026 254/526/1027 151/528/1028
f 399/529/1029 398/525/1030 384/527/1031
f 1062/530/1032 954/521/1033 925/520/1034
f 953/531/1035 954/521/1036 1062/530/1037
f 952/532/1038 953/531/1039 1062/530/1040
f 933/533/1041 953/531/1042 952/532/1043
f 254/526/1044 150/534/1045 151/528/1046
f 934/535/1047 933/533/1048 952/532/1049
f 1061/536/1050 934/535/1051 952/532/1052
f 951/537/1053 934/535/1054 1061/536/1055
f 150/534/1056 896/483/1057 574/538/1058
f 934/535/1059 951/537/1060 950/539/1061
f 949/540/1062 950/539/1063 951/537/1064
f 931/541/1065 949/542/1066 919/543/1067
f 574/538/1068 147/489/1069 150/534/1070
f 948/544/1071 931/541/1072 919/543/1073
f 151/528/1074 139/545/1075 384/527/1076
f 139/545/1077 382/546/1078 384/527/1079
f 1055/547/1080 947/548/1081 1056/549/1082
f 1056/549/1083 948/544/1084 919/543/1085
f 947/548/1086 948/544/1087 1056/549/1088
f 139/545/1089 140/515/1090 382/546/1091
f 382/546/1092 140/515/1093 149/514/1094
f 1054/550/1095 947/548/1096 1055/547/1097
f 140/515/1098 471/551/1099 379/508/1100
f 471/551/1101 142/507/1102 379/508/1103
f 946/552/1104 947/548/1105 1054/550/1106
f 1051/516/1107 946/552/1108 1054/550/1109
f 945/519/1110 946/552/1111 1051/516/1112
f 152/553/1113 154/554/1114 153/555/1115
f 152/553/1116 153/555/1117 155/556/1118
f 155/556/1119 153/555/1120 385/557/1121
f 944/558/1122 961/559/1123 941/560/1124
f 961/559/1125 1048/561/1126 941/560/1127
f 155/556/1128 385/557/1129 450/562/1130
f 961/563/1131 943/564/1132 291/565/1133
f 944/566/1134 943/564/1135 961/563/1136
f 955/567/1137 941/568/1138 942/569/1139
f 941/568/1140 1048/570/1141 942/569/1142
f 144/474/1143 368/571/1144 138/488/1145
f 156/572/1146 375/495/1147 157/573/1148
f 375/495/1149 545/494/1150 157/573/1151
f 545/494/1152 156/574/1153 157/573/1154
f 156/572/1155 1/575/1156 372/576/1157
f 1/575/1158 450/577/1159 372/576/1160
f 450/577/1161 137/578/1162 372/576/1163
f 942/579/1164 940/580/1165 955/581/1166
f 290/582/1167 940/580/1168 942/579/1169
f 938/583/1170 1045/584/1171 939/585/1172
f 368/571/1173 370/586/1174 137/578/1175
f 938/583/1176 940/587/1177 1045/584/1178
f 937/588/1179 939/589/1180 959/590/1181
f 937/588/1182 959/590/1183 234/591/1184
f 937/592/1185 938/593/1186 939/594/1187
f 233/595/1188 935/596/1189 1041/597/1190
f 233/595/1191 1041/597/1192 936/598/1193
f 231/599/1194 233/595/1195 936/598/1196
f 137/578/1197 370/586/1198 372/576/1199
f 1041/597/1200 935/596/1201 965/600/1202
f 959/601/1203 960/602/1204 899/603/1205
f 959/601/1206 899/603/1207 234/604/1208
f 949/605/1209 931/606/1210 932/607/1211
f 950/608/1212 949/605/1213 932/607/1214
f 933/609/1215 934/610/1216 950/608/1217
f 244/503/1218 953/505/1219 933/609/1220
f 933/609/1221 242/611/1222 244/503/1223
f 241/612/1224 242/611/1225 933/609/1226
f 404/613/1227 159/614/1228 158/615/1229
f 950/608/1230 241/612/1231 933/609/1232
f 404/613/1233 160/616/1234 159/614/1235
f 932/607/1236 241/612/1237 950/608/1238
f 160/616/1239 404/613/1240 471/617/1241
f 239/618/1242 932/607/1243 931/606/1244
f 930/619/1245 239/618/1246 931/606/1246
f 948/620/1247 930/619/1248 931/606/1249
f 422/621/1250 445/622/1251 161/623/1252
f 947/624/1253 930/619/1253 948/620/1254
f 445/622/1255 432/625/1256 161/623/1257
f 161/623/1258 432/625/1259 162/626/1260
f 237/627/1261 238/628/1261 947/624/1261
f 424/629/1262 423/630/1263 161/631/1264
f 947/624/1265 238/628/1265 930/619/1265
f 229/632/1266 161/633/1267 1019/634/1268
f 161/633/1269 162/635/1270 1019/634/1271
f 1019/634/1272 162/635/1273 433/636/1273
f 946/637/1274 237/627/1274 947/624/1274
f 945/497/1265 237/627/1265 946/637/1265
f 429/638/1275 161/639/1276 426/640/1277
f 237/511/1278 945/497/1278 944/499/1278
f 474/641/1279 170/642/1280 3/643/1281
f 458/644/1282 165/645/1283 163/646/1284
f 165/645/1285 437/647/1286 163/646/1287
f 929/648/1288 898/649/1288 960/650/1289
f 163/646/1290 437/647/1291 171/651/1292
f 171/651/1293 437/647/1294 170/642/1295
f 437/647/1296 164/652/1297 170/642/1298
f 170/642/1299 164/652/1300 3/643/1301
f 3/643/1302 164/652/1303 456/653/1304
f 458/644/1305 163/654/1306 166/655/1307
f 163/654/1308 167/656/1309 166/655/1310
f 928/657/1311 929/648/1312 960/650/1313
f 458/644/1314 168/658/1315 163/654/1316
f 168/658/1317 169/659/1318 163/654/1319
f 170/660/1320 167/656/1321 163/654/1322
f 9/661/1323 472/662/1324 474/663/1325
f 474/663/1326 472/662/1327 170/660/1328
f 472/662/1329 167/656/1330 170/660/1331
f 171/664/1332 170/660/1333 169/659/1334
f 170/660/1335 163/654/1336 169/659/1337
f 182/665/1338 175/666/1339 177/667/1340
f 177/667/1341 175/666/1342 172/668/1343
f 172/668/1344 175/666/1345 176/669/1346
f 180/670/1347 172/671/1348 179/672/1349
f 172/671/1350 176/669/1351 179/672/1352
f 179/672/1353 176/669/1354 178/673/1355
f 173/674/1356 174/675/1357 181/676/1358
f 174/675/1359 175/677/1360 181/676/1361
f 181/676/1362 175/677/1363 182/678/1364
f 180/679/1365 184/680/1366 173/681/1367
f 184/680/1368 484/682/1369 173/681/1370
f 173/681/1371 484/682/1372 174/675/1373
f 174/683/1374 176/684/1375 175/685/1376
f 182/686/1377 180/687/1378 177/688/1379
f 182/686/1380 177/688/1381 183/689/1382
f 177/688/1383 179/690/1384 183/689/1385
f 179/690/1386 178/691/1387 183/689/1388
f 181/692/1389 180/687/1390 182/693/1391
f 184/694/1392 181/692/1393 484/695/1394
f 484/695/1395 181/692/1396 183/696/1397
f 181/692/1398 182/693/1399 183/696/1400
f 484/697/1401 183/698/1402 178/699/1403
f 193/700/1404 491/701/1405 185/702/1406
f 185/702/1407 491/701/1408 192/703/1409
f 192/703/1410 494/704/1411 190/705/1412
f 491/701/1413 494/704/1414 192/703/1415
f 193/700/1416 186/706/1417 491/701/1418
f 918/707/1419 924/708/1420 923/709/1421
f 491/701/1422 186/706/1423 489/710/1424
f 186/706/1425 189/711/1426 489/710/1427
f 190/712/1428 494/713/1429 191/714/1430
f 494/713/1431 187/715/1432 191/714/1433
f 191/714/1434 187/715/1435 199/716/1436
f 187/715/1437 196/717/1438 199/716/1439
f 188/718/1440 489/719/1441 189/720/1442
f 196/717/1443 187/715/1444 188/718/1445
f 187/715/1446 489/719/1447 188/718/1448
f 198/721/1449 190/722/1450 199/723/1451
f 923/709/1452 922/724/1453 918/707/1454
f 199/723/1455 190/722/1456 191/725/1457
f 198/721/1458 197/726/1459 190/722/1460
f 190/722/1461 197/726/1462 188/727/1463
f 197/726/1464 196/728/1465 188/727/1466
f 189/729/1467 190/722/1468 188/727/1469
f 190/722/1470 189/730/1471 186/731/1472
f 193/732/1473 194/733/1474 186/731/1475
f 186/731/1476 194/733/1477 190/722/1478
f 194/733/1479 195/734/1480 190/722/1481
f 190/722/1482 195/734/1483 192/735/1484
f 195/734/1485 185/736/1486 192/735/1487
f 921/737/1488 1056/738/1489 919/739/1490
f 921/737/1491 919/739/1492 922/724/1493
f 920/740/1494 921/737/1495 1051/741/1496
f 194/742/1497 193/743/1498 195/744/1499
f 193/743/1500 185/745/1501 195/744/1502
f 199/746/1503 196/747/1504 198/748/1505
f 198/748/1506 196/747/1507 197/749/1508
f 202/750/1509 547/751/1510 546/752/1510
f 1051/741/1511 291/753/1512 236/754/1513
f 200/755/1514 547/756/1514 548/757/1514
f 920/740/1515 1051/741/1516 236/754/1517
f 201/758/1518 157/759/1518 202/760/1518
f 559/761/1519 560/762/1520 558/763/1521
f 1056/738/1522 921/737/1523 920/740/1524
f 571/764/1525 558/763/1526 560/762/1527
f 918/707/1528 922/724/1529 919/739/1530
f 566/765/1531 203/766/1532 575/767/1533
f 576/768/1534 575/767/1535 203/766/1536
f 839/769/1537 840/770/1538 204/771/1539
f 838/772/1540 205/773/1541 822/774/1542
f 824/775/1543 206/776/1543 849/777/1544
f 837/778/1545 207/779/1545 824/780/1545
f 863/781/1546 831/782/1547 208/783/1548
f 137/784/1549 865/785/1550 211/786/1551
f 211/786/1552 865/785/1553 781/787/1554
f 865/785/1555 213/788/1556 781/787/1557
f 212/789/1558 864/790/1559 869/791/1560
f 869/791/1561 864/790/1562 213/788/1563
f 864/790/1564 781/787/1565 213/788/1566
f 212/792/1567 974/793/1568 879/794/1569
f 879/794/1570 248/795/1571 216/796/1572
f 216/796/1573 248/795/1574 980/797/1575
f 248/795/1576 879/794/1577 974/793/1578
f 212/792/1579 869/798/1580 974/793/1581
f 869/798/1582 870/799/1583 974/793/1584
f 974/793/1585 870/799/1586 972/800/1587
f 870/799/1588 214/801/1589 972/800/1590
f 972/800/1591 214/801/1592 980/797/1593
f 980/802/1594 214/801/1595 981/803/1596
f 214/801/1597 872/804/1598 981/803/1599
f 981/803/1600 872/804/1601 215/805/1602
f 215/805/1603 216/796/1604 979/806/1605
f 979/806/1606 216/796/1607 980/802/1608
f 215/807/1609 973/808/1610 216/796/1611
f 216/796/1612 973/808/1613 876/809/1614
f 876/809/1615 249/810/1616 875/811/1617
f 875/811/1618 249/810/1619 217/812/1620
f 215/807/1621 872/804/1622 251/813/1623
f 872/804/1624 217/812/1625 251/813/1626
f 251/813/1627 217/812/1628 218/814/1629
f 218/814/1630 217/812/1631 249/810/1632
f 249/810/1633 876/809/1634 973/808/1635
f 229/815/1636 219/816/1637 221/817/1638
f 220/818/1639 221/817/1640 219/816/1641
f 220/818/1642 219/816/1643 222/819/1644
f 936/820/1645 285/821/1646 912/822/1647
f 875/823/1648 223/824/1649 876/825/1650
f 936/820/1651 912/822/1652 231/826/1653
f 220/818/1654 222/819/1655 223/824/1656
f 222/819/1657 876/825/1658 223/824/1659
f 982/827/1660 224/828/1661 137/829/1662
f 1023/830/1663 962/831/1664 911/832/1665
f 912/833/1666 1023/830/1667 911/832/1668
f 911/834/1669 1017/835/1669 230/836/1669
f 984/837/1670 212/838/1671 1004/839/1672
f 962/840/1673 1017/835/1674 911/834/1675
f 926/841/1676 1020/842/1677 910/843/1678
f 874/844/1679 995/845/1680 875/846/1681
f 275/847/1682 225/848/1683 274/849/1684
f 225/848/1685 927/850/1686 219/851/1687
f 225/848/1688 275/847/1689 927/850/1690
f 225/848/1691 226/852/1692 274/849/1693
f 226/852/1694 897/853/1695 274/849/1696
f 274/849/1697 897/853/1698 888/854/1699
f 229/855/1700 926/841/1701 910/843/1702
f 897/856/1703 928/857/1704 888/858/1705
f 230/859/1706 967/860/1707 227/861/1708
f 1017/862/1709 967/860/1710 230/859/1711
f 897/863/1712 226/864/1712 904/865/1713
f 1016/866/1714 909/867/1715 227/868/1716
f 226/864/1717 225/869/1718 227/870/1719
f 227/870/1720 225/869/1721 228/871/1722
f 225/869/1723 229/872/1724 228/871/1723
f 230/873/1725 228/871/1725 911/874/1725
f 228/871/1726 231/875/1726 911/874/1726
f 231/875/1727 912/876/1727 911/874/1727
f 967/877/1728 1016/866/1728 227/868/1729
f 230/873/1730 227/870/1731 228/871/1732
f 227/870/1733 902/878/1734 226/864/1735
f 1016/879/1736 1015/880/1737 232/881/1738
f 902/878/1739 904/865/1740 226/864/1741
f 904/865/1742 906/882/1743 897/863/1744
f 1016/879/1745 232/881/1746 909/883/1747
f 227/870/1748 909/884/1748 902/878/1749
f 963/885/1750 907/886/1751 232/887/1752
f 908/888/1753 907/886/1754 963/885/1755
f 235/889/1756 906/882/1757 905/890/1757
f 906/882/1758 235/889/1759 897/863/1760
f 907/891/1761 968/892/1762 900/893/1763
f 908/894/1764 968/892/1765 907/891/1766
f 1008/895/1767 283/896/1768 905/897/1769
f 935/898/1770 235/899/1771 1009/900/1772
f 965/901/1773 935/898/1774 1009/900/1775
f 283/902/1776 235/903/1776 905/904/1776
f 1009/905/1777 235/903/1776 283/902/1776
f 963/906/1778 232/907/1779 1015/908/1780
f 903/909/1781 905/910/1782 906/911/1783
f 1008/912/1784 905/910/1785 903/909/1786
f 1023/913/1787 912/914/1788 285/915/1788
f 901/916/1789 906/917/1790 904/918/1791
f 903/919/1792 906/917/1793 901/916/1794
f 898/920/1795 899/921/1796 960/922/1797
f 966/923/1798 901/924/1799 902/925/1800
f 901/924/1801 904/926/1802 902/925/1803
f 940/927/1261 938/928/1261 955/929/1261
f 955/929/1261 938/928/1261 231/930/1261
f 938/928/973 937/931/973 231/930/973
f 968/932/1804 966/933/1805 900/934/1806
f 900/934/1807 966/933/1808 902/935/1809
f 937/931/1810 234/936/1810 233/937/1810
f 909/884/1811 232/938/1812 907/939/1813
f 900/940/1814 909/884/1814 907/939/1815
f 231/930/1816 937/931/1816 233/937/1816
f 902/878/1817 909/884/1817 900/940/1817
f 233/937/1818 234/936/1818 935/941/1818
f 234/936/1261 899/942/1261 935/941/1261
f 935/941/1261 899/942/1261 235/943/1261
f 1045/944/1819 940/945/1820 290/946/1821
f 897/947/1822 899/948/1823 928/949/1824
f 928/949/1825 899/948/1826 898/950/1827
f 236/951/1828 291/952/1829 943/953/1830
f 293/954/1831 971/955/1832 239/956/1833
f 239/956/1834 246/957/1835 240/958/1836
f 240/958/1837 246/957/1838 241/959/1839
f 241/959/1840 243/960/1841 242/961/1842
f 242/961/1843 243/960/1844 244/962/1845
f 243/960/1846 296/963/1847 244/962/1848
f 296/963/1849 958/964/1850 244/962/1851
f 245/965/1852 958/964/1853 297/966/1854
f 297/966/1855 958/964/1856 296/963/1857
f 243/960/1858 241/959/1859 246/957/1860
f 246/957/1861 239/956/1862 971/955/1863
f 239/956/1864 930/967/1865 293/954/1866
f 293/954/1867 930/967/1868 298/968/1869
f 298/968/1870 930/967/1871 1064/969/1872
f 930/967/1873 238/970/1874 1064/969/1875
f 238/970/1876 237/971/1877 1064/969/1878
f 866/972/1879 148/973/1880 989/974/1881
f 974/975/1882 975/976/1883 247/977/1884
f 975/976/1885 248/978/1886 247/977/1887
f 248/979/1888 975/980/1889 980/981/1890
f 989/974/1891 148/973/1892 896/982/1893
f 977/983/1894 250/984/1895 249/985/1896
f 978/986/1897 251/987/1898 250/984/1899
f 978/986/1900 250/984/1901 977/983/1902
f 978/988/1903 215/989/1904 251/990/1905
f 262/991/1906 980/992/1907 981/993/1907
f 979/994/1908 262/995/1909 215/996/1910
f 868/997/1911 989/998/1912 136/999/1913
f 987/1000/1914 983/1001/1915 252/1002/1916
f 254/1003/1917 986/1004/1918 255/1005/1919
f 255/1005/1920 256/1006/1921 254/1003/1922
f 254/1003/1923 256/1006/1924 253/1007/1925
f 253/1007/1926 256/1006/1927 987/1000/1928
f 253/1007/1929 987/1000/1930 252/1002/1931
f 986/1008/1932 257/1009/1933 258/1010/1934
f 258/1010/1935 257/1009/1936 259/1011/1937
f 257/1009/1938 557/1012/1939 259/1011/1940
f 986/1008/1941 258/1010/1942 255/1013/1943
f 557/1012/1944 1002/1014/1945 259/1011/1946
f 866/972/1947 224/1015/1948 148/973/1949
f 975/1016/1950 259/1011/1951 260/1017/1952
f 259/1011/1953 1002/1014/1954 260/1017/1955
f 261/1018/1956 268/1019/1957 262/1020/1958
f 261/1018/1959 262/1020/1960 1002/1014/1961
f 261/1018/1962 263/1021/1963 266/1022/1964
f 264/1023/1965 265/1024/1966 266/1022/1967
f 264/1023/1968 266/1022/1969 263/1021/1970
f 978/1025/1971 261/1018/1972 266/1022/1973
f 267/1026/1974 978/1025/1975 265/1024/1976
f 265/1024/1977 978/1025/1978 266/1022/1979
f 978/1025/1980 267/1026/1981 268/1019/1982
f 267/1026/1983 262/1020/1984 268/1019/1985
f 262/1020/1986 260/1017/1987 1002/1014/1988
f 262/1020/1989 267/1026/1990 260/1017/1991
f 267/1026/1992 269/1027/1993 260/1017/1994
f 258/1010/1995 269/1027/1996 255/1013/1997
f 260/1017/1998 269/1027/1999 975/1016/2000
f 269/1027/2001 258/1010/2002 975/1016/2003
f 258/1010/2004 259/1011/2005 975/1016/2006
f 1019/1028/2007 998/1029/2008 270/1030/2009
f 998/1029/2010 271/1031/2011 270/1030/2012
f 868/1032/2013 136/1033/2014 992/1034/2015
f 270/1030/2016 271/1031/2017 171/1035/2018
f 271/1031/2019 272/1036/2020 171/1035/2021
f 264/1037/2022 263/1038/2023 272/1036/2024
f 263/1038/2025 171/1035/2026 272/1036/2027
f 983/1039/2028 224/1040/2029 982/1041/2030
f 986/1042/2031 984/1043/2032 1004/1044/2033
f 874/1045/2034 264/1046/2035 995/1047/2036
f 273/1048/2037 275/1049/2038 274/1050/2039
f 275/1049/2040 273/1048/2041 927/1051/2042
f 273/1048/2043 270/1052/2044 927/1051/2045
f 273/1048/2046 274/1050/2047 276/1053/2048
f 276/1053/2049 888/1054/2050 277/1055/2051
f 274/1050/2052 888/1054/2053 276/1053/2054
f 277/1056/2055 888/1057/2056 928/1058/2057
f 277/1059/2058 278/1060/2059 276/1061/2060
f 276/1061/2061 279/1062/2062 273/1063/2063
f 279/1062/2064 280/1064/2064 273/1063/2064
f 273/1063/2065 280/1064/435 1019/1065/2066
f 1018/1066/2067 280/1064/2068 279/1062/2069
f 279/1062/2070 276/1061/2071 281/263/2072
f 281/263/2073 276/1061/2074 278/1060/2075
f 278/1060/2076 277/1059/2077 1007/1067/2078
f 1007/1067/2079 277/1059/2080 1010/1068/2081
f 1010/1068/2082 282/1069/2083 1007/1067/2083
f 279/1062/2084 281/263/2085 1014/262/2086
f 1008/1070/2087 282/1071/2087 283/1072/2087
f 908/1073/2088 284/1074/2089 1012/1075/2090
f 285/1076/2091 286/1077/2092 1023/1078/2093
f 286/1079/1518 288/1080/1518 1022/1081/1518
f 288/1080/2094 280/1064/2094 1022/1081/2094
f 280/1064/2095 1018/1066/2095 1022/1081/2095
f 287/1082/2096 1046/1083/2096 1043/1084/2096
f 1043/1084/2097 288/1085/2097 1044/1086/2097
f 288/1085/485 1040/1087/485 1044/1086/485
f 1046/1083/1518 288/1085/1518 1043/1084/1518
f 1040/1087/2098 289/1088/2098 1039/1089/2098
f 1039/1089/1518 289/1088/1518 1005/1090/1518
f 289/1088/1518 1010/1091/1518 1005/1090/1518
f 1040/1087/2099 1039/1089/2099 1044/1086/2099
f 1045/1092/2100 290/1093/2100 287/1094/2101
f 1064/1095/2102 1063/1096/2103 292/1097/2104
f 1024/1098/2105 1027/1099/2106 293/1100/2107
f 1029/1101/2108 295/1102/2109 243/1103/2110
f 295/1102/2111 1038/1104/2112 296/1105/2113
f 296/1105/2114 1038/1104/2115 1035/1106/2116
f 297/1107/2117 296/1105/2118 1035/1106/2119
f 296/1105/2120 243/1103/2121 295/1102/2122
f 243/1103/2123 294/1108/2124 1029/1101/2125
f 294/1108/2126 971/1109/2127 1029/1101/2128
f 1029/1101/2129 971/1109/2130 1027/1099/2131
f 971/1109/2132 293/1100/2133 1027/1099/2134
f 293/1100/2135 298/1110/2136 1024/1098/2137
f 298/1110/2138 1064/1095/2139 1024/1098/2140
f 1024/1098/2141 1064/1095/2142 292/1097/2143
f 978/1025/2144 268/1019/2145 261/1018/2146
f 322/1111/2147 299/1112/2148 313/1113/2149
f 313/1113/2150 299/1112/2151 300/1114/2152
f 300/1114/2153 299/1112/2154 307/1115/2155
f 299/1112/2156 308/1116/2157 307/1115/2158
f 308/1117/2159 301/1118/2160 316/1119/2161
f 316/1119/2162 301/1118/2163 302/1120/2164
f 301/1118/2165 68/1121/2166 302/1120/2167
f 303/1122/2168 304/1123/2169 305/1124/2170
f 305/1124/2171 304/1123/2172 321/1125/2173
f 321/1125/2174 304/1123/2175 306/1126/2176
f 304/1123/2177 307/1127/2178 306/1126/2179
f 306/1126/2180 307/1127/2181 308/1128/2182
f 307/1127/2183 316/1129/2184 308/1130/2185
f 308/1130/2186 316/1131/2187 309/1132/2188
f 316/1131/2189 310/1133/2190 309/1132/2191
f 310/1133/2192 311/1134/2193 309/1132/2194
f 309/1132/2195 311/1134/2196 318/1135/2196
f 303/1136/2197 313/1137/2198 312/1138/2199
f 313/1137/2197 314/1139/2199 312/1138/2199
f 312/1138/2200 314/1139/2201 304/1140/2202
f 314/1139/2203 300/1141/2204 304/1140/2205
f 304/1140/2206 300/1141/2207 307/1142/2208
f 316/1143/2209 317/1144/2210 310/1145/2211
f 310/1145/2212 317/1144/2210 311/1146/2213
f 317/1144/2214 302/1147/2213 311/1146/2213
f 318/1148/2215 68/1149/2215 319/1150/2216
f 68/1149/2217 301/1151/2218 319/1150/2219
f 319/1150/2220 301/1151/2221 309/1152/2222
f 309/1153/2223 320/1154/2224 308/1155/2225
f 308/1156/2226 320/1157/2227 299/1158/2228
f 306/1159/2229 299/1160/2230 321/1161/2231
f 321/1161/2232 299/1160/2233 305/1162/2234
f 299/1160/2233 322/1163/2234 305/1162/2234
f 323/1164/2235 474/1165/2236 324/1166/2237
f 474/1165/2238 325/1167/2239 324/1166/2240
f 323/1164/2241 21/1168/2242 474/1165/2243
f 21/1168/2244 327/1169/2245 22/1170/2246
f 22/1170/2247 328/1171/2248 433/1172/2249
f 328/1171/2250 329/1173/2251 433/1172/2252
f 433/1172/2253 329/1173/2254 13/1174/2255
f 329/1173/2256 330/1175/2257 13/1174/2258
f 330/1175/2259 20/1176/2260 13/1174/2261
f 13/1174/2262 20/1176/2263 12/1177/2264
f 20/1176/2265 23/1178/2266 12/1177/2267
f 23/1178/2268 133/1179/2269 12/1177/2270
f 12/1177/2271 133/1179/2272 331/1180/2273
f 133/1179/2274 26/1181/2275 331/1180/2276
f 331/1180/2277 26/1181/2278 6/1182/2279
f 26/1181/2280 27/1183/2281 6/1182/2282
f 27/1183/2283 14/1184/2284 6/1182/2285
f 6/1182/2286 14/1184/2287 5/1185/2288
f 14/1184/2289 332/1186/2290 5/1185/2291
f 5/1185/2292 332/1186/2293 15/1187/2294
f 15/1187/2295 325/1167/2296 456/1188/2297
f 6/1182/2298 7/1189/2299 331/1180/2300
f 331/1180/2301 11/1190/2302 12/1177/2303
f 22/1170/2304 9/1191/2305 21/1168/2306
f 9/1191/2307 474/1165/2308 21/1168/2309
f 474/1165/2310 3/1192/2311 325/1167/2312
f 325/1167/2313 3/1192/2314 456/1188/2315
f 456/1188/2316 4/1193/2317 15/1187/2318
f 4/1193/2319 432/1194/2320 15/1187/2321
f 15/1187/2322 432/1194/2323 5/1185/2324
f 7/1189/2325 8/1195/2326 331/1180/2327
f 8/1195/2328 333/1196/2329 331/1180/2330
f 333/1196/2331 11/1190/2332 331/1180/2333
f 433/1172/2334 334/1197/2335 22/1170/2336
f 334/1197/2337 472/1198/2338 22/1170/2339
f 472/1198/2340 9/1191/2341 22/1170/2342
f 888/1199/2343 880/1200/2344 879/1201/2345
f 878/1202/2346 888/1199/2347 879/1201/2348
f 43/1203/2349 361/1204/2350 338/1205/2351
f 361/1204/2352 339/1206/2353 338/1205/2354
f 338/1205/2355 339/1206/2356 340/1207/2357
f 339/1206/2358 341/1208/2359 340/1207/2360
f 340/1207/2361 341/1208/2362 34/1209/2363
f 341/1208/2364 342/1210/2365 34/1209/2366
f 34/1209/2367 342/1210/2368 343/1211/2369
f 342/1210/2370 366/1212/2371 343/1211/2372
f 880/1200/2373 1004/1213/2374 212/1214/2374
f 888/1199/2375 1004/1213/2376 880/1200/2377
f 43/1215/2378 344/1216/2379 361/1217/2380
f 361/1217/2381 344/1216/2382 345/1218/2383
f 344/1216/2384 346/1219/2385 345/1218/2386
f 345/1218/2387 346/1219/2388 362/1220/2389
f 362/1220/2390 346/1219/2391 347/1221/2392
f 346/1219/2393 48/1222/2394 347/1221/2395
f 347/1221/2396 48/1222/2397 335/1223/2398
f 48/1222/2399 351/1224/2400 335/1223/2401
f 335/1223/2402 351/1224/2403 337/1225/2404
f 890/1226/2405 878/1202/2406 216/1227/2407
f 216/1227/2408 878/1202/2409 879/1201/2410
f 351/1228/2411 50/1229/2412 337/1230/2413
f 337/1230/2414 50/1229/2415 19/1231/2416
f 50/1229/2417 352/1232/2418 19/1231/2419
f 19/1231/2420 352/1232/2421 349/1233/2422
f 352/1232/2423 353/1234/2424 349/1233/2425
f 349/1233/2426 353/1234/2427 88/1235/2428
f 88/1235/2429 353/1234/2430 348/1236/2431
f 353/1234/2432 354/1237/2433 348/1236/2434
f 348/1236/2435 354/1237/2436 366/1238/2437
f 354/1237/2438 343/1239/2439 366/1238/2440
f 889/1240/2441 1001/1241/2442 876/1242/2443
f 1001/1241/2444 890/1226/2445 216/1227/2446
f 877/1243/2447 1001/1241/2448 216/1227/2449
f 876/1242/2450 1001/1241/2451 877/1243/2452
f 889/1244/2453 876/1245/2454 222/1246/2455
f 1000/1247/2456 889/1244/2457 222/1246/2458
f 1/467/2459 156/461/2460 134/462/2461
f 368/571/2462 137/578/2463 138/488/2464
f 219/1248/2465 1000/1247/2466 222/1246/2467
f 145/1249/2468 393/1250/2469 144/1251/2470
f 393/1250/2471 367/1252/2472 144/1251/2473
f 144/1251/2474 367/1252/2475 368/1253/2476
f 367/1252/2477 369/1254/2478 368/1253/2479
f 368/1253/2480 369/1254/2481 370/1255/2482
f 369/1254/2481 371/1256/2483 370/1255/2484
f 370/1255/2485 371/1256/2486 372/1257/2487
f 371/1256/2488 373/1258/2489 372/1257/2490
f 372/1257/2491 373/1258/2492 156/1259/2493
f 373/1258/2494 374/1260/2495 156/1259/2496
f 156/1259/2497 374/1260/2498 375/1261/2499
f 374/1260/2500 376/1262/2501 375/1261/2502
f 376/1262/2503 377/1263/2504 375/1261/2505
f 375/1261/2506 377/1263/2507 143/1264/2508
f 377/1263/2509 378/1265/2510 143/1264/2511
f 143/1264/2512 378/1265/2513 379/1266/2514
f 378/1265/2515 380/1267/2516 379/1266/2517
f 379/1266/2518 380/1267/2519 149/1268/2520
f 380/1267/2521 381/1269/2522 149/1268/2523
f 149/1268/2524 381/1269/2522 382/1270/2525
f 381/1269/2526 383/1271/2527 382/1270/2528
f 382/1270/2529 383/1271/2530 384/1272/2531
f 383/1271/2532 397/1273/2533 384/1272/2534
f 384/1272/2535 397/1273/2536 399/1274/2537
f 927/1275/2538 1000/1247/2539 219/1248/2540
f 385/1276/2541 386/1277/2542 450/1278/2543
f 386/1277/2544 387/1279/2545 450/1278/2546
f 450/1278/2547 387/1279/2548 388/1280/2549
f 387/1279/2550 389/1281/2551 388/1280/2552
f 388/1280/2553 389/1281/2554 390/1282/2555
f 389/1281/2556 391/1283/2557 390/1282/2558
f 391/1283/2559 386/1284/2560 385/1285/2561
f 148/1286/2562 392/1287/2563 252/1288/2564
f 392/1287/2565 393/1289/2566 252/1288/2567
f 252/1288/2568 393/1289/2569 394/1290/2570
f 394/1290/2571 393/1289/2572 145/1291/2573
f 148/1286/2574 395/1292/2575 392/1287/2576
f 392/1287/2577 395/1292/2578 396/1293/2579
f 395/1292/2580 254/1294/2581 396/1293/2582
f 396/1293/2583 254/1294/2584 397/1295/2585
f 254/1294/2586 398/1296/2587 397/1295/2588
f 398/1296/2589 399/1297/2590 397/1295/2591
f 400/1298/2592 401/1299/2593 160/1300/2594
f 160/1300/2595 401/1299/2596 159/1301/2597
f 401/1299/2598 402/1302/2599 159/1301/2600
f 159/1301/2601 402/1302/2599 158/1303/2602
f 402/1302/2603 403/1304/2604 158/1303/2605
f 158/1303/2606 403/1304/2607 404/1305/2608
f 403/1304/2609 405/1306/2610 404/1305/2611
f 404/1305/2612 405/1306/2613 471/1307/2614
f 405/1306/2615 400/1308/2616 471/1307/2617
f 471/1307/2618 400/1308/2619 160/1309/2620
f 229/1310/2621 221/1311/2622 915/1312/2623
f 926/1313/2624 229/1310/2625 915/1312/2626
f 411/1314/2627 407/1315/2627 375/1316/2627
f 375/1316/2628 407/1315/2628 458/1317/2629
f 412/1318/2630 406/1319/2630 411/1320/2630
f 411/1320/2631 406/1319/2631 407/1321/2631
f 917/1322/2632 915/1323/2633 221/1324/2634
f 375/1325/2635 458/1326/2635 412/1327/2635
f 412/1327/2636 458/1326/2636 406/1328/2637
f 429/1329/2638 408/1330/2639 545/1331/2638
f 917/1322/2640 221/1324/2641 220/1332/2642
f 913/1333/2643 917/1322/2644 220/1332/2645
f 410/1334/2646 424/1335/2647 429/1336/2648
f 424/1335/2649 409/1337/2650 429/1336/2651
f 429/1336/2652 409/1337/2653 430/1338/2653
f 223/1339/2654 913/1333/2655 220/1332/2656
f 545/1340/2657 410/1341/2658 375/1342/2657
f 375/1342/2659 410/1341/2660 411/1343/2661
f 410/1341/2662 429/1344/2663 411/1343/2664
f 411/1343/2665 429/1344/2666 412/1345/2667
f 429/1344/2666 545/1340/2668 412/1345/2669
f 412/1345/2670 545/1340/2671 375/1342/2671
f 545/1346/2672 408/1347/2673 410/1348/2674
f 410/1348/2675 408/1347/2676 424/1349/2677
f 913/1333/2678 875/1350/2679 995/1351/2680
f 223/1339/2681 875/1350/2682 913/1333/2683
f 414/1352/2684 416/1353/2684 421/1354/2684
f 421/1354/2684 416/1353/2684 417/1355/2684
f 413/1356/2685 415/1357/2685 414/1358/2685
f 414/1358/2686 415/1357/2686 416/1359/2686
f 421/1360/2687 417/1361/2688 413/1362/2689
f 413/1362/2689 417/1361/2690 415/1363/2689
f 217/1364/2691 874/1365/2692 875/1366/2693
f 418/1367/2694 420/1368/2694 419/1369/2694
f 419/1369/2695 420/1368/2695 427/1370/2694
f 425/1371/2696 418/1372/2696 428/1373/2696
f 428/1373/2696 418/1372/2696 419/1374/2696
f 423/1375/2697 422/1376/2698 421/1377/2697
f 421/1377/2699 422/1376/2698 414/1378/2698
f 422/1376/2700 161/1379/2701 414/1378/2700
f 414/1378/2702 161/1379/2703 413/1380/2704
f 161/1379/2705 423/1375/2706 413/1380/2707
f 413/1380/2708 423/1375/2699 421/1377/2699
f 873/1381/2709 874/1365/2710 217/1364/2711
f 423/1382/2712 424/1383/2713 422/1384/2712
f 422/1384/2714 424/1383/2715 445/1385/2716
f 420/1386/2717 425/1387/2717 427/1388/2717
f 427/1388/2717 425/1387/2718 428/1389/2719
f 871/1390/2720 873/1381/2721 872/1391/2722
f 426/1392/2723 428/1393/2724 229/1394/2725
f 872/1391/2726 873/1381/2727 217/1364/2728
f 428/1393/2723 419/1395/2725 229/1394/2725
f 229/1394/2729 419/1395/2725 161/1396/2730
f 419/1395/2731 427/1397/2732 161/1396/2732
f 161/1396/2733 427/1397/2733 426/1392/2734
f 427/1397/2735 428/1393/2723 426/1392/2723
f 1019/1398/2736 429/1399/2737 229/1400/2738
f 429/1399/2739 426/1401/2738 229/1400/2738
f 871/1390/2740 872/1391/2741 214/1402/2742
f 429/1403/2743 430/1404/2744 161/1405/2745
f 430/1404/2746 162/1406/2746 161/1405/2747
f 992/1407/2748 871/1390/2749 870/1408/2750
f 869/1409/2751 992/1407/2752 870/1408/2753
f 429/1410/2754 430/1411/2755 408/1412/2756
f 430/1411/2755 431/1413/2755 408/1412/2756
f 871/1390/2757 214/1402/2758 870/1408/2759
f 408/1414/2760 431/1415/2761 424/1416/2762
f 431/1415/2763 409/1417/2763 424/1416/2764
f 161/1418/2765 162/1419/2766 424/1420/2767
f 162/1419/2768 409/1421/2769 424/1420/2770
f 424/1422/2771 409/1423/2772 445/1424/2773
f 409/1423/2774 432/1425/2774 445/1424/2775
f 992/1407/2776 869/1409/2777 868/1426/2778
f 1019/1427/2779 433/1428/2780 429/1429/2781
f 433/1428/2782 430/1430/2782 429/1429/2783
f 868/1431/2784 869/1432/2785 867/1433/2786
f 867/1433/2787 989/1434/2788 868/1431/2789
f 458/1435/2790 435/1436/2791 434/1437/2792
f 435/1436/2793 458/1435/2794 436/1438/2795
f 458/1435/2796 459/1439/2797 436/1438/2798
f 989/1434/2799 867/1433/2800 784/1440/2801
f 445/1441/2802 4/1442/2803 435/1436/2804
f 435/1436/2805 4/1442/2806 456/1443/2807
f 866/1444/2808 989/1434/2809 865/1445/2810
f 456/1443/2811 437/1446/2812 435/1436/2813
f 435/1436/2814 437/1446/2815 434/1437/2816
f 989/1434/2817 784/1440/2818 865/1445/2819
f 137/1447/2820 224/1448/2821 866/1449/2822
f 865/1450/2823 137/1447/2824 866/1449/2825
f 884/1451/2826 882/1452/2827 211/1453/2828
f 884/1451/2829 211/1453/2830 781/1454/2831
f 458/1455/2832 440/1456/2833 480/1457/2834
f 864/1458/2835 884/1451/2836 781/1454/2837
f 440/1456/2838 458/1455/2839 438/1459/2840
f 438/1459/2841 441/1460/2842 440/1456/2843
f 864/1458/2844 212/1461/2845 984/1462/2846
f 884/1451/2847 864/1458/2848 886/1463/2849
f 984/1462/2850 886/1463/2851 864/1458/2852
f 438/1459/2853 439/1464/2854 441/1460/2855
f 137/1465/2856 211/1466/2857 982/1467/2858
f 982/1467/2859 211/1466/2860 882/1468/2861
f 1019/1469/2862 441/1460/2863 334/1470/2864
f 334/1470/2865 441/1460/2866 439/1464/2867
f 863/1471/2868 210/1472/2868 855/1473/2868
f 863/1474/2869 832/1475/2870 856/1476/2869
f 210/1477/2871 863/1474/2872 856/1476/2871
f 472/1478/2873 334/1470/2874 439/1464/2875
f 832/1479/2876 862/1480/2876 858/1481/2876
f 856/1482/2877 832/1479/2877 858/1481/2878
f 842/1483/2879 860/1484/2880 853/1485/2881
f 852/1486/2882 842/1483/2882 853/1485/2882
f 841/1487/2883 861/1488/2883 853/1489/2883
f 459/1490/2884 442/1491/2885 444/1492/2886
f 860/1493/2883 841/1487/2883 853/1489/2883
f 842/1494/2887 852/1495/2887 861/1496/2887
f 841/1497/2887 842/1494/2887 861/1496/2887
f 854/1498/2888 857/1499/2888 859/1500/2888
f 459/1490/2889 460/1501/2890 442/1491/2891
f 851/1502/2892 854/1498/2888 859/1500/2892
f 857/1503/2893 854/1504/2893 858/1505/2893
f 862/1506/2894 857/1503/2894 858/1505/2894
f 442/1491/2895 452/1507/2896 443/1508/2897
f 855/1509/2898 843/1510/2899 835/1511/2900
f 443/1508/2901 445/1512/2902 444/1492/2903
f 845/1513/1518 861/1514/1518 852/1515/1518
f 845/1513/1518 844/1516/1518 843/1517/1518
f 861/1514/1518 845/1513/1518 843/1517/1518
f 853/1518/1518 861/1514/1518 843/1517/1518
f 855/1519/1518 853/1518/1518 843/1517/1518
f 855/1519/1518 210/1520/1518 856/1521/1518
f 443/1508/2904 444/1492/2905 442/1491/2906
f 858/1522/1518 855/1519/1518 856/1521/1518
f 854/1523/1518 855/1519/1518 858/1522/1518
f 853/1518/1518 855/1519/1518 854/1523/1518
f 851/1524/1518 853/1518/1518 854/1523/1518
f 852/1515/1518 853/1518/1518 851/1524/1518
f 846/1525/1518 845/1513/1518 852/1515/1518
f 851/1524/422 846/1525/2907 852/1515/2907
f 850/1526/1518 846/1525/1518 851/1524/1518
f 848/1527/1518 846/1525/1518 850/1526/1518
f 209/1528/2908 846/1525/2908 848/1527/2909
f 849/1529/2910 838/1530/2911 209/1531/2910
f 848/1532/2912 849/1529/2912 209/1531/2912
f 847/1533/2913 849/1534/2914 848/1535/2913
f 850/1536/2913 847/1533/2913 848/1535/2913
f 850/1537/2915 851/1538/2915 859/1539/2915
f 847/1540/2915 850/1537/2915 859/1539/2915
f 833/1541/2916 846/1542/2916 209/1543/2916
f 461/1544/2917 447/1545/2918 446/1546/2919
f 453/1547/2920 449/1548/2921 461/1549/2922 462/1550/2923 450/1551/2924 454/1552/2925
f 838/1553/2926 833/1541/2926 209/1543/2926
f 845/1554/2927 846/1555/2928 833/1556/2929
f 834/1557/2930 845/1554/2931 833/1556/2932
f 844/1558/2933 845/1559/2933 834/1560/2933
f 840/1561/2933 844/1558/2933 834/1560/2933
f 843/1562/2934 844/1563/2934 840/1564/2935
f 835/1565/2936 843/1562/2937 840/1564/2937
f 453/1566/2938 452/1567/2939 448/1568/2940
f 839/1569/2941 835/1570/2941 840/1571/2942
f 446/1546/2943 460/1572/2944 461/1544/2945
f 837/1573/2946 832/1574/2947 863/1575/2946
f 208/1576/2947 837/1573/2946 863/1575/2947
f 847/1577/2948 824/1578/2949 849/1579/2950
f 824/1580/2951 862/1581/2952 832/1582/2953
f 855/1583/2954 836/1584/2955 863/1585/2956
f 835/1586/2957 836/1584/2958 855/1583/2958
f 456/1587/2959 445/1588/2960 432/1589/2961
f 432/1589/2962 445/1590/2963 451/1591/2964
f 445/1590/2965 5/1592/2966 451/1591/2967
f 451/1591/2968 5/1592/2969 452/1593/2970
f 453/1594/2971 454/1595/2972 371/1596/2973
f 371/1596/2974 454/1595/2975 455/1597/2976
f 205/1598/2946 838/1599/2947 849/1600/2977
f 481/1601/2978 463/1602/2979 464/1603/2980
f 480/1604/2981 465/1605/2982 481/1601/2983
f 481/1601/2984 465/1605/2985 463/1602/2986
f 465/1605/2987 466/1606/2988 463/1602/2989
f 466/1606/2990 467/1607/2991 463/1602/2992
f 824/1608/2993 832/1609/2994 837/1610/2995
f 831/1611/2996 863/1612/2997 836/1613/2997
f 207/1614/2998 208/1615/2999 831/1616/2998
f 837/1617/3000 208/1615/3000 207/1614/3000
f 476/1618/3001 463/1602/3002 467/1607/3003
f 830/1619/3004 824/1620/3005 207/1621/3004
f 862/1622/3006 824/1620/3007 830/1619/3007
f 827/1623/3008 842/1624/3009 826/1625/3010
f 860/1626/3010 842/1624/3010 827/1623/3010
f 827/1627/3011 841/1628/3012 860/1629/3013
f 828/1630/3014 841/1628/3015 827/1627/3014
f 828/1631/3016 842/1632/3016 841/1633/3017
f 826/1634/3018 842/1632/3018 828/1631/3018
f 859/1635/3019 829/1636/3020 823/1637/3020
f 857/1638/3021 829/1636/3022 859/1635/3021
f 830/1639/3023 857/1640/3023 862/1641/3024
f 829/1642/3025 857/1640/3025 830/1639/3025
f 1019/1643/3026 467/1607/3027 466/1606/3028
f 836/1644/3029 835/1645/3030 819/1646/3031
f 482/1647/3032 481/1648/3033 468/1649/3034
f 836/1650/3035 207/1651/3036 831/1652/3036
f 830/1653/3037 207/1651/3037 836/1650/3037
f 829/1654/3038 830/1653/3038 836/1650/3038
f 820/1655/1261 826/1656/1261 828/1657/1261
f 820/1655/1261 819/1658/1261 204/1659/1261
f 828/1657/1261 819/1658/1261 820/1655/1261
f 481/1648/3039 463/1660/3040 468/1649/3041
f 827/1661/1261 819/1658/1261 828/1657/1261
f 836/1650/1261 819/1658/1261 827/1661/1261
f 827/1661/3042 829/1654/3042 836/1650/3042
f 823/1662/1261 829/1654/1261 827/1661/1261
f 463/1660/3043 469/1663/3044 468/1649/3045
f 826/1656/1261 823/1662/1261 827/1661/1261
f 821/1664/1261 826/1656/1261 820/1655/1261
f 823/1662/1261 826/1656/1261 821/1664/1261
f 825/1665/1261 823/1662/1261 821/1664/1261
f 206/1666/1261 825/1665/1261 821/1664/1261
f 822/1667/1261 206/1666/1261 821/1664/1261
f 822/1668/3046 849/1669/3047 206/1670/3047
f 205/1671/3048 849/1669/3048 822/1668/3048
f 206/1672/3049 847/1673/3050 825/1674/3049
f 824/1675/3051 847/1673/3051 206/1672/3051
f 859/1676/3052 825/1677/3052 847/1678/3052
f 823/1679/3053 825/1677/3053 859/1676/3053
f 822/1680/3054 833/1681/3054 838/1682/3055
f 821/1683/3056 833/1681/3056 822/1680/3056
f 820/1684/3057 833/1685/3058 821/1686/3059
f 834/1687/3060 833/1685/3061 820/1684/3062
f 204/1688/3063 840/1689/3063 834/1690/3064
f 463/1660/3065 476/1691/3066 469/1663/3067
f 820/1692/3068 204/1688/3068 834/1690/3069
f 819/1693/3070 835/1694/3070 839/1695/3070
f 204/1696/3071 819/1693/3071 839/1695/3071
f 469/1697/3072 477/1698/3073 470/1699/3074
f 539/1700/3075 135/1701/3076 812/1702/3077
f 814/1703/3078 539/1700/3079 812/1702/3080
f 143/1704/3081 539/1700/3082 814/1703/3083
f 470/1699/3084 477/1698/3085 471/1705/3086
f 815/1706/3087 143/1704/3088 814/1703/3089
f 818/1707/3090 143/1704/3091 815/1706/3092
f 482/1708/3093 470/1699/3094 471/1705/3095
f 471/1705/3096 479/1709/3097 482/1708/3098
f 817/1710/3099 818/1707/3100 815/1706/3101
f 813/1711/3102 817/1710/3103 815/1706/3104
f 816/1712/3105 817/1710/3106 813/1711/3107
f 472/1713/3108 433/1714/3109 1019/1715/3110
f 433/1714/3111 475/1716/3112 1019/1715/3113
f 1019/1715/3114 475/1716/3115 13/1717/3116
f 475/1716/3117 476/1718/3118 13/1717/3119
f 469/1719/3120 380/1720/3121 477/1721/3122
f 380/1720/3123 478/1722/3124 477/1721/3125
f 486/1723/3126 178/1724/3126 176/1725/3126
f 157/1726/3127 487/1727/3127 550/1728/3128
f 550/1728/3129 487/1727/3130 485/1729/3130
f 487/1730/1261 486/1723/1261 484/1731/1261
f 484/1731/3131 486/1723/3131 176/1725/3131
f 486/1732/3132 157/1726/3133 483/1733/3132
f 483/1733/3134 157/1726/3135 550/1728/3136
f 485/1734/3137 487/1735/3138 483/1736/3139
f 487/1735/3140 486/1737/3141 483/1736/3142
f 484/1738/1518 178/1739/1518 487/1740/1518
f 487/1740/1518 178/1739/1518 486/1741/1518
f 539/1742/3143 812/1743/3144 543/1744/3145
f 811/1745/3146 814/1746/3147 539/1742/3148
f 488/1747/3149 489/1748/3150 510/1749/3151
f 510/1749/3152 489/1748/3153 508/1750/3154
f 815/1751/3155 814/1746/3156 811/1745/3157
f 818/1752/3158 815/1751/3159 811/1745/3160
f 488/1747/3161 510/1749/3162 494/1753/3163
f 510/1749/3164 503/1754/3165 494/1753/3166
f 494/1755/3167 503/1756/3168 187/1757/3169
f 503/1756/3170 516/1758/3171 187/1757/3172
f 187/1757/3173 516/1758/3174 489/1759/3175
f 516/1758/3176 508/1760/3177 489/1759/3178
f 514/1761/3179 497/1762/3180 498/1763/3181
f 514/1761/3182 504/1764/3183 497/1762/3184
f 505/1765/3185 499/1766/3186 507/1767/3187
f 499/1766/3188 500/1768/3189 507/1767/3190
f 507/1767/3191 500/1768/3192 516/1769/3193
f 803/1770/3194 808/1771/3195 810/1772/3196
f 506/1773/3197 501/1774/3198 516/1775/3199
f 810/1772/3200 809/1776/3201 135/1777/3200
f 808/1771/3202 809/1776/3203 810/1772/3204
f 507/1778/3205 506/1773/3206 516/1775/3207
f 504/1779/3208 498/1780/3209 510/1781/3210
f 511/1782/3211 510/1781/3212 498/1780/3213
f 805/1783/3214 806/1784/3215 802/1785/3216
f 503/1786/3217 504/1787/3218 517/1788/3219
f 517/1788/3220 504/1787/3221 513/1789/3222
f 504/1787/3223 514/1790/3224 513/1789/3225
f 513/1789/3226 514/1790/3227 512/1791/3228
f 514/1790/3229 498/1792/3230 512/1791/3231
f 498/1792/3232 511/1793/3233 512/1791/3234
f 807/1794/3235 805/1783/3236 802/1785/3237
f 511/1793/3238 519/1795/3239 512/1791/3240
f 804/1796/3241 805/1783/3242 807/1794/3243
f 511/1793/3244 505/1797/3245 519/1795/3246
f 803/1770/3247 804/1796/3248 807/1794/3249
f 807/1794/3250 808/1771/3251 803/1770/3252
f 505/1798/3253 507/1799/3254 519/1800/3255
f 519/1800/3256 507/1799/3257 518/1801/3258
f 507/1799/3259 516/1802/3260 518/1801/3261
f 518/1801/3262 516/1802/3263 515/1803/3264
f 516/1802/3265 502/1804/3266 515/1803/3267
f 502/1804/3268 501/1805/3269 515/1803/3270
f 501/1805/3271 517/1806/3272 515/1803/3273
f 501/1805/3274 503/1807/3275 517/1806/3276
f 517/1808/3277 525/1809/3278 515/1810/3279
f 525/1809/3280 520/1811/3281 515/1810/3282
f 515/1810/3283 520/1811/3284 518/1812/3285
f 520/1811/3286 526/1813/3281 518/1812/3287
f 526/1813/3286 527/1814/3288 518/1812/3277
f 518/1812/3289 527/1814/3290 519/1815/3291
f 527/1814/3292 528/1816/3293 519/1815/1503
f 517/1817/3294 513/1818/3295 523/1819/3294
f 523/1819/3293 513/1818/1503 522/1820/3296
f 513/1818/1499 512/1821/3297 522/1820/1500
f 522/1820/3298 512/1821/3299 521/1822/3300
f 512/1821/3301 519/1823/3302 521/1822/3303
f 521/1822/3304 519/1823/3305 528/1824/1506
f 517/1825/3306 526/1826/3307 520/1827/3308
f 520/1827/3309 526/1826/3310 528/1828/3311
f 517/1829/3312 522/1830/3313 523/1831/3314
f 523/1831/3315 522/1830/3316 528/1832/3317
f 523/1833/3318 524/1834/3319 517/1835/3320
f 529/1836/3321 531/1837/3322 530/1838/3323
f 530/1838/3324 531/1837/3325 532/1839/3326
f 531/1837/3327 533/1840/3328 532/1839/3329
f 532/1839/3330 533/1840/3331 528/1841/3332
f 529/1842/3333 530/1843/3334 667/1844/3335
f 530/1843/3336 534/1845/3337 667/1844/3338
f 667/1844/3339 534/1845/3340 533/1846/3341
f 534/1845/3342 528/1847/3343 533/1846/3344
f 579/1848/3345 810/1849/3345 582/1850/3345
f 810/1849/3346 535/1851/3347 582/1850/3346
f 810/1852/3348 535/1853/3349 809/1854/3350
f 539/1855/3351 574/1856/3351 540/1857/3351
f 574/1856/3352 781/1858/3352 540/1857/3352
f 539/1859/3353 536/1860/3353 593/1861/3354
f 537/1862/3355 810/1863/3356 579/1864/3356
f 781/1858/3357 574/1856/3357 537/1862/3357
f 574/1856/3358 810/1863/3358 537/1862/3358
f 582/1850/3359 535/1851/3360 538/1865/3361
f 535/1851/3362 541/1866/3363 538/1865/3364
f 593/1861/3365 538/1867/3366 539/1868/3367
f 539/1868/3368 538/1867/3369 541/1869/3370
f 536/1870/3371 539/1855/3371 540/1857/3371
f 550/1871/1261 543/1872/1261 542/1873/1261
f 542/1873/1261 543/1872/1261 541/1874/1261
f 801/1875/3372 740/1876/3373 794/1877/3374
f 784/1878/3375 740/1876/3376 801/1875/3377
f 782/1879/3378 784/1878/3379 801/1875/3380
f 800/1880/3381 782/1879/3382 801/1875/3383
f 147/1881/3384 408/1882/3385 544/1883/3386
f 544/1883/3387 408/1882/3388 545/1884/3388
f 799/1885/3389 782/1879/3390 800/1880/3391
f 798/1886/3392 799/1885/3393 800/1880/3394
f 797/1887/3395 799/1888/3396 798/1886/3397
f 585/1889/3398 797/1887/3399 798/1886/3400
f 584/1890/3401 797/1887/3402 585/1889/3403
f 796/1891/3404 584/1890/3405 585/1889/3406
f 795/1892/3407 796/1891/3408 585/1889/3409
f 783/1893/3410 796/1891/3411 795/1892/3412
f 794/1877/3413 783/1893/3414 795/1892/3415
f 740/1894/3416 783/1893/3417 794/1877/3418
f 781/1895/3419 732/1896/3420 793/1897/3421
f 791/1898/3422 781/1899/3423 792/1900/3424
f 790/1901/3425 791/1898/3426 792/1900/3427
f 757/1902/3428 791/1898/3429 790/1901/3430
f 789/1903/3431 757/1902/3432 790/1901/3433
f 596/1904/3434 789/1903/3435 790/1901/3436
f 788/1905/3437 789/1903/3438 596/1904/3439
f 787/1906/3440 788/1905/3441 596/1907/3442
f 786/1908/3443 787/1906/3444 596/1907/3445
f 780/1909/3446 787/1906/3447 786/1908/3448
f 785/1910/3449 780/1909/3450 786/1908/3451
f 579/1911/3452 780/1909/3453 785/1910/3454
f 732/1912/3455 579/1911/3456 785/1910/3457
f 793/1913/3458 732/1912/3459 785/1910/3460
f 796/1914/3461 735/1915/3462 584/1916/3463
f 783/1917/3464 735/1915/3465 796/1914/3466
f 782/1918/3467 781/1919/3468 740/1920/3469
f 781/1919/3470 782/1918/3471 732/1921/3472
f 757/1922/3473 740/1920/3474 781/1919/3475
f 788/1923/3476 796/1924/3477 757/1922/3478
f 796/1924/3479 740/1920/3480 757/1922/3481
f 779/1925/3482 796/1924/3483 788/1923/3484
f 782/1926/3485 780/1927/3486 732/1928/3487
f 799/1929/3488 780/1927/3489 782/1926/3490
f 564/1930/3491 549/1931/3492 550/1932/3493
f 780/1927/3494 799/1929/3495 779/1925/3496
f 788/1923/3497 780/1927/3498 779/1925/3499
f 549/1931/3500 564/1930/3501 541/1933/3502
f 541/1933/3503 564/1930/3504 551/1934/3505
f 551/1934/3506 564/1930/3507 552/1935/3508
f 564/1930/3509 269/1936/3510 552/1935/3511
f 753/1937/3512 751/1938/3513 778/1939/3514
f 541/1933/3515 553/1940/3516 549/1931/3517
f 777/1941/3518 753/1937/3519 778/1939/3520
f 776/1942/3521 777/1941/3522 778/1939/3523
f 775/1943/3524 777/1941/3525 776/1942/3526
f 774/1944/3527 775/1943/3528 776/1942/3529
f 755/1945/3530 775/1943/3531 774/1944/3532
f 756/1946/3533 755/1945/3534 774/1944/3535
f 569/1947/3536 565/1948/3537 554/1949/3538
f 565/1948/3539 549/1931/3540 554/1949/3541
f 554/1949/3542 549/1931/3543 553/1940/3544
f 773/1950/3545 756/1946/3546 774/1944/3547
f 758/1951/3548 756/1946/3549 773/1950/3550
f 772/1952/3551 758/1951/3552 773/1950/3553
f 752/1953/3554 758/1951/3555 772/1952/3556
f 569/1947/3557 555/1954/3558 565/1948/3559
f 555/1954/3560 203/1955/3561 565/1948/3562
f 742/1956/3563 752/1953/3564 772/1952/3565
f 203/1955/3566 566/1957/3567 565/1948/3568
f 751/1938/3569 752/1958/3570 742/1956/3571
f 778/1939/3572 751/1938/3573 742/1956/3574
f 769/1959/3575 771/1960/3576 715/1961/3577
f 770/1962/3578 769/1959/3579 715/1961/3580
f 706/1963/3581 769/1959/3582 770/1962/3583
f 768/1964/3584 769/1959/3585 706/1963/3586
f 713/1965/3587 768/1964/3588 706/1963/3589
f 767/1966/3590 768/1964/3591 713/1965/3592
f 766/1967/3593 768/1964/3594 767/1966/3595
f 557/1968/3596 556/1969/3597 269/1936/3598
f 765/1970/3599 766/1967/3600 767/1966/3601
f 760/1971/3602 766/1967/3603 765/1970/3604
f 759/1972/3605 760/1971/3606 765/1970/3607
f 764/1973/3608 715/1974/3609 771/1975/3610
f 763/1976/3611 764/1973/3612 771/1975/3613
f 762/1977/3614 764/1973/3615 763/1976/3616
f 761/1978/3617 762/1977/3618 763/1976/3619
f 556/1969/3620 552/1935/3621 269/1936/3622
f 759/1972/3623 762/1977/3624 761/1978/3625
f 760/1971/3626 759/1972/3627 761/1978/3628
f 557/1968/3629 269/1936/3630 558/1979/3631
f 558/1979/3632 269/1936/3633 559/1980/3634
f 753/1981/3635 715/1982/3636 751/1983/3637
f 751/1983/3638 715/1982/3639 752/1984/3640
f 559/1985/3641 561/1986/3642 560/1987/3643
f 748/1988/3644 750/1989/3645 753/1981/3646
f 750/1989/3647 715/1982/3648 753/1981/3649
f 559/1985/3650 269/1990/3651 561/1986/3652
f 748/1988/3653 758/1991/3654 709/1992/3655
f 749/1993/3656 748/1988/3657 709/1992/3658
f 749/1993/3659 750/1989/3660 748/1988/3661
f 565/1994/3662 563/1995/3663 549/1996/3664
f 563/1995/3665 562/1997/3666 549/1996/3667
f 549/1996/3668 545/1998/3669 564/1999/3670
f 545/1998/3671 549/1996/3672 562/1997/3673
f 565/1994/3674 566/2000/3675 563/1995/3676
f 563/1995/3677 566/2000/3678 575/2001/3679
f 758/1991/3680 752/2002/3681 715/2003/3682
f 709/1992/3683 758/1991/3684 715/2003/3685
f 754/2004/3686 778/2005/3687 730/2006/3688
f 747/2007/3689 754/2004/3690 730/2006/3691
f 774/2008/3692 754/2004/3693 747/2007/3694
f 729/2009/3695 774/2008/3696 747/2007/3697
f 773/2010/3698 774/2008/3699 729/2009/3700
f 746/2011/3701 773/2010/3702 729/2009/3703
f 757/2012/3704 773/2010/3705 746/2011/3706
f 745/2013/3707 757/2012/3708 746/2011/3709
f 744/2014/3710 757/2012/3711 745/2013/3712
f 758/2015/3713 757/2012/3714 744/2014/3715
f 743/2016/3716 758/2015/3717 744/2014/3718
f 742/2017/3719 758/2015/3720 743/2016/3721
f 884/2018/3722 742/2017/3723 743/2016/3724
f 741/2019/3725 742/2017/3726 884/2018/3727
f 730/2020/3728 778/2021/3729 741/2022/3730
f 203/2023/3731 568/2024/3732 576/2025/3733
f 203/2023/3734 555/2026/3735 568/2024/3736
f 568/2024/3737 555/2026/3738 569/2027/3739
f 553/2028/3740 541/2029/3741 573/2030/3742
f 540/2031/3743 781/2032/3744 740/2033/3745
f 541/2029/3746 551/2034/3747 573/2030/3748
f 551/2034/3749 552/2035/3750 573/2030/3751
f 556/2036/3752 557/2037/3753 567/2038/3754
f 557/2037/3755 558/2039/3756 567/2038/3757
f 733/2040/3758 540/2031/3759 740/2033/3760
f 558/2039/3761 571/2041/3762 567/2038/3763
f 536/2042/3764 540/2031/3765 733/2040/3766
f 556/2036/3767 567/2038/3768 552/2035/3769
f 567/2038/3770 143/2043/3771 552/2035/3772
f 552/2035/3773 143/2043/3774 573/2030/3775
f 573/2030/3776 578/2044/3777 553/2028/3778
f 553/2028/3779 578/2044/3780 554/2045/3781
f 578/2044/3782 568/2024/3783 554/2045/3784
f 554/2045/3785 568/2024/3786 569/2027/3787
f 739/2046/3788 787/2047/3789 780/2048/3790
f 572/2049/3791 564/1999/3792 545/1998/3793
f 738/2050/3794 787/2047/3795 739/2046/3796
f 737/2051/3797 738/2050/3798 739/2046/3799
f 736/2052/3800 738/2050/3801 737/2051/3802
f 735/2053/3803 736/2052/3804 737/2051/3805
f 572/2049/3806 561/1986/3807 564/1999/3808
f 564/1999/3809 561/1986/3810 269/1990/3811
f 734/2054/3812 736/2052/3813 735/2053/3814
f 536/2042/3815 734/2054/3816 735/2053/3817
f 733/2040/3818 734/2054/3819 536/2042/3820
f 561/2055/3821 570/2056/3822 571/2057/3823
f 884/2058/3824 740/2059/3825 732/2060/3826
f 571/2057/3827 560/2061/3828 561/2055/3829
f 730/2062/3830 732/2060/3831 579/2063/3832
f 884/2058/3833 732/2060/3834 730/2062/3835
f 570/2056/3836 143/2064/3837 567/2065/3838
f 731/2066/3839 740/2059/3840 884/2058/3841
f 570/2056/3842 561/2055/3843 143/2064/3844
f 143/2064/3845 561/2055/3846 572/2067/3847
f 729/2068/3848 736/2069/3849 731/2066/3850
f 736/2069/3851 740/2059/3852 731/2066/3853
f 728/2070/3854 736/2069/3855 729/2068/3856
f 143/2064/3857 572/2067/3858 573/2071/3859
f 730/2072/3860 579/2073/3861 728/2070/3862
f 729/2068/3863 730/2072/3864 728/2070/3865
f 573/2071/3866 572/2074/3867 574/2075/3868
f 574/2075/3869 572/2074/3870 545/2076/3871
f 726/2077/3872 727/2078/3873 707/2079/3874
f 725/2080/3875 727/2078/3876 726/2077/3877
f 689/2081/3878 725/2080/3879 726/2077/3880
f 724/2082/3881 725/2080/3882 689/2081/3883
f 723/2083/3884 724/2082/3885 689/2081/3886
f 722/2084/3887 724/2082/3888 723/2083/3889
f 721/2085/3890 722/2084/3891 723/2083/3892
f 719/2086/3893 722/2084/3894 721/2085/3895
f 720/2087/3896 719/2086/3897 721/2085/3898
f 718/2088/3899 719/2086/3900 720/2087/3901
f 683/2089/3902 719/2086/3903 718/2088/3904
f 575/2090/3905 576/2091/3906 563/2092/3907
f 563/2092/3908 576/2091/3909 447/2093/3910
f 717/2094/3911 683/2089/3912 718/2088/3913
f 685/2095/3914 683/2089/3915 717/2094/3916
f 684/2096/3917 685/2095/3918 717/2094/3919
f 687/2097/3920 685/2095/3921 684/2096/3922
f 686/2098/3923 687/2097/3924 684/2096/3925
f 727/2099/3926 687/2097/3927 686/2098/3928
f 707/2100/3929 727/2099/3930 686/2098/3931
f 447/2093/3932 568/2101/3933 577/2102/3934
f 770/2103/3935 716/2104/3936 706/2105/3937
f 447/2093/3938 577/2102/3939 563/2092/3940
f 563/2092/3941 577/2102/3942 562/2106/3943
f 715/2107/3944 752/2108/3945 770/2109/3946
f 764/2110/3947 752/2108/3948 715/2107/3949
f 762/2111/3950 714/2112/3951 764/2113/3952
f 710/2114/3953 714/2112/3954 762/2111/3955
f 713/2115/3956 706/2116/3957 716/2117/3958
f 577/2102/3959 578/2118/3960 562/2106/3961
f 712/2119/3962 713/2115/3963 716/2117/3964
f 750/2120/3965 713/2115/3966 712/2119/3967
f 767/2121/3968 750/2120/3969 712/2119/3970
f 765/2122/3971 750/2120/3972 767/2121/3973
f 749/2123/3974 765/2122/3975 767/2121/3976
f 711/2124/3977 749/2123/3978 767/2121/3979
f 708/2125/3980 749/2123/3981 711/2124/3982
f 578/2118/3983 574/2075/3984 562/2106/3985
f 710/2114/3986 708/2125/3987 711/2124/3988
f 562/2106/3989 574/2075/3990 545/2076/3991
f 762/2111/3992 708/2125/3993 710/2114/3994
f 707/2126/3995 715/2127/3996 706/2128/3997
f 686/2129/3998 715/2127/3999 707/2126/4000
f 684/2130/4001 715/2127/4002 686/2129/4003
f 709/2131/4004 715/2127/4005 684/2130/4006
f 781/2132/4007 784/2133/4008 732/2134/4009
f 784/2133/4010 579/2135/4011 732/2134/4012
f 579/2135/4013 582/2136/4014 776/2137/4015
f 720/2138/4016 708/2139/4017 709/2131/4018
f 732/2134/4019 579/2135/4020 776/2137/4021
f 720/2138/4022 709/2131/4023 684/2130/4024
f 776/2137/4025 582/2136/4026 735/2140/4027
f 735/2140/4028 584/2141/4029 580/2142/4030
f 584/2141/4031 589/2143/4032 580/2142/4033
f 704/2144/4034 720/2138/4035 705/2145/4036
f 589/2143/4037 784/2146/4038 580/2142/4039
f 784/2146/4040 781/2147/4041 580/2142/4042
f 735/2140/4043 582/2136/4044 584/2141/4045
f 704/2144/4046 708/2139/4047 720/2138/4048
f 704/2144/4049 707/2148/4050 706/2149/4051
f 800/2150/4052 581/2151/4053 732/2152/4054
f 732/2152/4055 581/2151/4056 579/2153/4057
f 581/2151/4058 785/2154/4059 579/2155/4060
f 579/2155/4061 785/2154/4062 582/2156/4063
f 785/2154/4064 583/2157/4065 582/2156/4066
f 582/2156/4067 583/2157/4068 787/2158/4069
f 787/2158/4070 583/2157/4071 584/2159/4072
f 583/2157/4073 585/2160/4074 584/2159/4075
f 584/2159/4076 585/2160/4077 586/2161/4078
f 586/2161/4079 585/2160/4080 587/2162/4081
f 585/2160/4082 588/2163/4083 587/2162/4084
f 587/2162/4085 588/2163/4086 589/2164/4087
f 589/2164/4088 588/2163/4089 784/2165/4090
f 588/2163/4091 800/2150/4092 784/2165/4093
f 705/2145/4094 707/2148/4095 704/2144/4096
f 732/2152/4097 784/2166/4098 800/2150/4099
f 702/2167/4100 608/2168/4101 703/2169/4102
f 590/2170/4103 540/2171/4104 591/2172/4105
f 591/2172/4106 540/2171/4107 580/2173/4108
f 580/2173/4109 540/2171/4110 592/2174/4111
f 540/2171/4112 593/2175/4113 592/2174/4114
f 592/2174/4115 593/2175/4116 594/2176/4117
f 593/2175/4118 595/2177/4119 594/2176/4120
f 594/2176/4121 595/2177/4122 754/2178/4123
f 595/2177/4124 596/2179/4125 754/2178/4126
f 754/2178/4127 596/2179/4128 778/2180/4129
f 596/2179/4130 597/2181/4131 778/2180/4132
f 778/2180/4133 597/2181/4134 741/2182/4135
f 597/2181/4136 781/2183/4137 741/2182/4138
f 741/2182/4139 781/2183/4140 732/2184/4141
f 701/2185/4142 702/2167/4143 703/2169/4144
f 699/2186/4145 702/2167/4146 701/2185/4147
f 591/2172/4148 781/2187/4149 590/2170/4150
f 700/2188/4151 699/2186/4152 701/2185/4153
f 679/2189/4154 699/2186/4155 700/2188/4156
f 698/2190/4157 699/2186/4158 679/2189/4159
f 690/2191/4160 655/2192/4161 603/2193/4162
f 697/2194/4163 698/2190/4164 679/2189/4165
f 696/2195/4166 698/2190/4167 697/2194/4168
f 695/2196/4169 696/2195/4170 697/2194/4171
f 691/2197/4172 696/2195/4173 695/2196/4174
f 690/2198/4175 691/2197/4176 695/2196/4177
f 694/2199/4178 703/2200/4179 608/2201/4180
f 693/2202/4181 694/2199/4182 608/2201/4183
f 678/2203/4184 694/2199/4185 693/2202/4186
f 692/2204/4187 678/2203/4188 693/2202/4189
f 690/2198/4190 678/2203/4191 692/2204/4192
f 691/2197/4193 690/2198/4194 692/2204/4195
f 608/2205/4196 598/2206/4197 599/2207/4198
f 599/2207/4199 598/2206/4200 600/2208/4201
f 625/2209/4202 724/2210/4203 723/2211/4204
f 598/2206/4205 603/2193/4206 600/2208/4207
f 600/2208/4208 603/2193/4209 655/2192/4210
f 689/2212/4211 625/2209/4212 723/2211/4213
f 627/2213/4214 625/2209/4215 689/2212/4216
f 655/2192/4217 690/2191/4218 614/2214/4219
f 688/2215/4220 627/2213/4221 689/2212/4222
f 687/2216/4223 627/2213/4224 688/2215/4225
f 632/2217/4226 599/2218/4227 643/2219/4228
f 686/2220/4229 687/2216/4230 688/2215/4231
f 685/2221/4232 687/2216/4233 686/2220/4234
f 684/2222/4235 685/2221/4236 686/2220/4237
f 690/2191/4238 632/2217/4239 614/2214/4240
f 614/2214/4241 632/2217/4242 643/2219/4243
f 683/2223/4244 685/2221/4245 684/2222/4246
f 680/2224/4247 683/2223/4248 684/2222/4249
f 632/2217/4250 608/2225/4251 599/2218/4252
f 682/2226/4253 683/2223/4254 680/2224/4255
f 719/2227/4256 683/2223/4257 682/2226/4258
f 681/2228/4259 719/2227/4260 682/2226/4261
f 722/2229/4262 719/2227/4263 681/2228/4264
f 623/2230/4265 722/2229/4266 681/2228/4267
f 632/2231/4268 601/2232/4269 602/2233/4270
f 603/2234/4271 604/2235/4272 605/2236/4273
f 604/2235/4274 598/2237/4275 605/2236/4276
f 605/2236/4277 598/2237/4278 606/2238/4279
f 598/2237/4280 607/2239/4281 606/2238/4282
f 606/2238/4283 607/2239/4284 608/2240/4285
f 724/2241/4286 722/2229/4287 623/2230/4288
f 723/2242/4289 724/2241/4290 623/2230/4291
f 601/2232/4292 632/2231/4293 608/2243/4294
f 681/2244/4295 703/2245/4296 723/2246/4297
f 610/2247/4298 609/2248/4299 611/2249/4300
f 609/2248/4301 651/2250/4302 611/2249/4303
f 611/2249/4304 651/2250/4305 612/2251/4306
f 651/2250/4307 653/2252/4308 612/2251/4309
f 612/2251/4310 653/2252/4311 613/2253/4312
f 653/2252/4313 645/2254/4314 613/2253/4315
f 645/2254/4316 614/2255/4317 613/2253/4318
f 613/2253/4319 614/2255/4320 615/2256/4321
f 614/2255/4322 657/2257/4323 615/2256/4324
f 615/2256/4325 657/2257/4326 616/2258/4327
f 657/2257/4328 617/2259/4329 616/2258/4330
f 617/2259/4331 599/2260/4332 616/2261/4333
f 609/2248/4334 610/2247/4335 662/2262/4336
f 610/2247/4337 618/2263/4338 662/2262/4339
f 662/2262/4340 618/2263/4341 599/2264/4342
f 680/2265/4343 679/2266/4344 681/2244/4345
f 679/2266/4346 703/2245/4347 681/2244/4348
f 619/2267/4349 625/2268/4350 621/2269/4351
f 620/2270/4352 684/2271/4353 690/2272/4354
f 684/2271/4355 707/2273/4356 690/2272/4357
f 690/2272/4358 707/2273/4359 632/2274/4360
f 686/2275/4361 695/2276/4362 680/2265/4363
f 707/2273/4364 625/2268/4365 632/2274/4366
f 632/2274/4367 625/2268/4368 619/2267/4369
f 695/2276/4370 679/2266/4371 680/2265/4372
f 620/2270/4373 623/2277/4374 622/2278/4375
f 678/2279/4376 695/2276/4377 686/2275/4378
f 688/2280/4379 678/2279/4380 686/2275/4381
f 684/2271/4382 620/2270/4383 622/2278/4384
f 621/2269/4385 623/2277/4386 619/2267/4387
f 723/2281/4388 678/2279/4389 688/2280/4390
f 622/2278/4391 623/2277/4392 621/2269/4393
f 723/2281/4394 703/2282/4395 678/2279/4396
f 624/2283/4397 689/2284/4398 625/2285/4399
f 625/2285/4400 689/2284/4401 626/2286/4402
f 626/2287/4403 707/2288/4404 627/2289/4405
f 627/2289/4406 707/2288/4407 628/2290/4408
f 628/2291/4409 684/2292/4410 629/2293/4411
f 629/2293/4412 684/2292/4413 630/2294/4414
f 676/2295/4415 677/2296/4416 668/2297/4417
f 675/2298/4418 676/2295/4419 668/2297/4420
f 691/2299/4421 631/2300/4422 692/2301/4423
f 631/2300/4424 632/2302/4425 692/2301/4426
f 692/2301/4427 632/2302/4428 633/2303/4429
f 632/2302/4430 634/2304/4431 633/2303/4432
f 633/2303/4433 634/2304/4434 635/2305/4435
f 634/2304/4436 636/2306/4437 635/2305/4438
f 635/2305/4439 636/2306/4440 637/2307/4441
f 636/2306/4442 623/2308/4443 637/2307/4444
f 623/2308/4445 638/2309/4446 637/2307/4447
f 637/2307/4448 638/2309/4449 639/2310/4450
f 638/2309/4451 620/2311/4452 639/2310/4453
f 620/2311/4454 640/2312/4455 639/2310/4455
f 639/2310/4456 640/2312/4457 641/2313/4458
f 640/2312/4459 642/2314/4460 641/2313/4461
f 641/2313/4462 642/2314/4463 691/2299/4464
f 642/2314/4465 631/2300/4466 691/2299/4467
f 673/2315/4468 676/2295/4469 675/2298/4470
f 674/2316/4471 673/2315/4472 675/2298/4473
f 599/2317/4474 668/2318/4475 643/2319/4476
f 672/2320/4477 673/2315/4478 674/2316/4479
f 668/2318/4480 644/2321/4481 643/2319/4482
f 671/2322/4483 673/2315/4484 672/2320/4485
f 670/2323/4486 671/2322/4487 672/2320/4488
f 646/2324/4489 670/2325/4490 645/2326/4491
f 670/2325/4492 652/2327/4493 645/2326/4494
f 669/2328/4495 671/2322/4496 670/2323/4497
f 531/2329/4498 669/2328/4499 670/2323/4500
f 664/2330/4501 669/2328/4502 531/2329/4503
f 663/2331/4504 664/2330/4505 531/2329/4506
f 667/2332/4507 668/2333/4508 677/2334/4509
f 666/2335/4510 667/2332/4511 677/2334/4512
f 646/2324/4513 645/2326/4514 644/2321/4515
f 645/2326/4516 643/2319/4517 644/2321/4518
f 533/2336/4519 667/2332/4520 666/2335/4521
f 665/2337/4522 533/2336/4523 666/2335/4524
f 670/2325/4525 674/2338/4526 652/2327/4527
f 663/2331/4528 533/2336/4529 665/2337/4530
f 652/2327/4531 674/2338/4532 609/2339/4533
f 664/2330/4534 663/2331/4535 665/2337/4536
f 661/2340/4537 648/2341/4538 662/2342/4538
f 660/2343/4537 661/2340/4537 662/2342/4538
f 659/2344/4539 661/2340/4540 660/2343/4541
f 643/2345/4542 659/2344/4543 660/2343/4544
f 609/2339/4545 668/2346/4546 662/2347/4547
f 658/2348/4548 659/2344/4549 643/2345/4550
f 657/2349/4551 658/2348/4552 643/2345/4553
f 609/2339/4554 674/2338/4555 668/2346/4556
f 656/2350/4557 658/2348/4558 657/2349/4559
f 614/2351/4560 656/2350/4561 657/2349/4562
f 662/2352/4563 648/2353/4564 647/2354/4565
f 655/2355/4566 656/2350/4567 614/2351/4568
f 648/2353/4569 649/2356/4570 647/2354/4571
f 647/2354/4572 649/2356/4573 600/2357/4574
f 649/2356/4575 650/2358/4576 600/2357/4577
f 650/2358/4578 651/2359/4579 600/2357/4580
f 600/2357/4581 651/2359/4582 652/2360/4583
f 652/2360/4584 651/2359/4585 653/2361/4586
f 651/2359/4587 654/2362/4588 653/2361/4589
f 653/2361/4590 654/2362/4591 655/2355/4592
f 654/2362/4593 656/2350/4594 655/2355/4595
f 446/1546/4596 447/1545/4597 453/1566/4598 448/1568/4599
f 299/2363/4600 306/2364/4600 308/2365/4600
l 924 925
l 885 886
l 754 755
l 917 914
l 478 479
l 492 493
l 473 474
l 887 889
l 315 316
l 916 917
l 884 885
l 490 491
l 602 603
l 970 971
l 507 508
l 753 754
l 472 473
l 456 457
l 493 494
l 892 893
l 913 914
l 756 757
l 890 891
l 491 492
l 455 462
l 501 509
l 752 753
l 489 490
l 496 494
l 808 802
l 622 630
l 274 928
l 622 624
l 489 495
l 187 496
l 508 511
l 509 504
l 546 200
l 893 927
l 874 895
l 19 364
l 495 187
l 889 892
l 881 982
l 881 882
l 894 994
l 457 474
l 891 887
l 895 994
l 201 546
l 894 992
l 814 813
l 364 91
l 307 315
o The_Legend_Of
v 44.375580 -7.119654 0.295618
v 42.914196 -7.962019 0.295618
v 42.791348 -7.998381 0.295618
v 42.870686 -6.434855 0.295618
v 46.466564 -6.865129 0.295618
v 46.540787 -6.480307 0.295618
v 45.701321 -11.095137 0.295619
v 43.705032 -11.095137 0.295619
v 44.375580 -11.010290 0.295619
v 40.439240 -9.828554 0.295618
v 40.559528 -9.867949 0.295618
v 40.595360 -10.413363 0.295618
v 40.735485 -10.686071 0.295618
v 41.151379 -11.041349 0.295619
v 41.705479 -11.033018 0.295619
v 41.944138 -10.864847 0.295619
v 42.098976 -10.620928 0.295618
v 42.153999 -10.307310 0.295618
v 42.100254 -9.964911 0.295618
v 40.630550 -8.312754 0.295618
v 40.559528 -7.849905 0.295618
v 40.619671 -7.474936 0.295618
v 40.960705 -6.972696 0.295618
v 41.371479 -6.784071 0.295618
v 42.345951 -6.871187 0.295618
v 42.440647 -6.368193 0.295618
v 42.560940 -6.350012 0.295618
v 42.435532 -8.049891 0.295618
v 42.315239 -7.986261 0.295618
v 42.294765 -7.516596 0.295618
v 42.215427 -7.331003 0.295618
v 41.855198 -7.007540 0.295618
v 41.306858 -7.009054 0.295618
v 41.109791 -7.156015 0.295618
v 40.996536 -7.359785 0.295618
v 40.958786 -7.577196 0.295618
v 41.018929 -7.846876 0.295618
v 42.315239 -9.046793 0.295618
v 42.514233 -9.433886 0.295618
v 42.589092 -9.946730 0.295618
v 42.491837 -10.517900 0.295618
v 42.215424 -10.940599 0.295619
v 41.803371 -11.208006 0.295619
v 40.574886 -11.146646 0.295619
v 40.459713 -11.792055 0.295619
v 40.339424 -11.828417 0.295619
v 38.650192 -9.189207 0.295618
v 37.524078 -11.095137 0.295619
v 36.612953 -11.010290 0.295619
v 37.918221 -7.043901 0.295618
v 38.885014 -7.850664 0.295618
v 39.210690 -8.943769 0.295618
v 39.924747 -11.010290 0.295619
v 40.385429 -11.095137 0.295619
v 38.069218 -7.149958 0.295618
v 37.513844 -8.980131 0.295618
v 34.706173 -11.010290 0.295619
v 35.371605 -11.095137 0.295619
v 34.068897 -7.049963 0.295618
v 36.205952 -7.192373 0.295618
v 36.351837 -7.410543 0.295618
v 34.985146 -9.210421 0.295618
v 35.806690 -7.992319 0.295618
v 34.706173 -7.013601 0.295618
v 31.695229 -6.813616 0.295618
v 31.636364 -7.292368 0.295618
v 31.505836 -8.707422 0.295618
v 31.559582 -8.440775 0.295618
v 31.431618 -9.537664 0.295618
v 31.444412 -9.122545 0.295618
v 30.420673 -8.986189 0.295618
v 31.951164 -10.225496 0.295618
v 31.669636 -11.634489 0.295619
v 24.298649 -6.831793 0.295618
v 25.498985 -8.786207 0.295618
v 27.674431 -8.768026 0.295618
v 27.643715 -7.049963 0.295618
v 28.319382 -11.010290 0.295619
v 27.643715 -11.010290 0.295619
v 25.498985 -9.134668 0.295618
v 26.049244 -11.095137 0.295619
v 24.298649 -11.225428 0.295619
v 21.923513 -7.119654 0.295618
v 20.418615 -6.434855 0.295618
v 20.572178 -6.865129 0.295618
v 23.930042 -8.016562 0.295618
v 22.573586 -7.119654 0.295618
v 21.227371 -11.225428 0.295619
v 15.984674 -11.170889 0.295619
v 15.188719 -10.604258 0.295618
v 14.797136 -9.892187 0.295618
v 14.687086 -9.104364 0.295618
v 14.842566 -8.215788 0.295618
v 15.298769 -7.465086 0.295618
v 16.020506 -6.944666 0.295618
v 16.987938 -6.759073 0.295618
v 18.099976 -7.011328 0.295618
v 18.715500 -7.568865 0.295618
v 19.073805 -8.798323 0.295618
v 18.907450 -9.827799 0.295618
v 18.428850 -10.619410 0.295618
v 17.706474 -11.124678 0.295619
v 17.598982 -10.908781 0.295619
v 18.034712 -10.519419 0.295618
v 18.329037 -9.951277 0.295618
v 18.433969 -9.252836 0.295618
v 18.306643 -8.343054 0.295618
v 17.945133 -7.625681 0.295618
v 17.419188 -7.159044 0.295618
v 16.793428 -6.995420 0.295618
v 16.259163 -7.105261 0.295618
v 15.777369 -7.434786 0.295618
v 15.415861 -8.012777 0.295618
v 15.288532 -8.843779 0.295618
v 15.418419 -9.652052 0.295618
v 16.357698 -10.867876 0.295619
v 17.064718 -11.046652 0.295619
v 12.273558 -7.119654 0.295618
v 14.438765 -6.480307 0.295618
v 14.569292 -6.453032 0.295618
v 14.280087 -8.016562 0.295618
v 12.923632 -7.119654 0.295618
v 13.619774 -11.225428 0.295619
v 5.769104 -6.831793 0.295618
v 7.529934 -6.962091 0.295618
v 8.653488 -7.049963 0.295618
v 9.800076 -11.313299 0.295619
v 6.347516 -11.010290 0.295619
v 2.321599 -6.813616 0.295618
v 4.717147 -10.240648 0.295618
v 4.607096 -7.049963 0.295618
v 5.472156 -6.962091 0.295618
v 5.072896 -7.049963 0.295618
v 4.883506 -11.510256 0.295619
v 1.912103 -7.404482 0.295618
v 2.027274 -11.010290 0.295619
v 2.615924 -11.225428 0.295619
v 1.141740 -11.095137 0.295619
v 1.576829 -11.010290 0.295619
v 1.722712 -7.062082 0.295618
v -0.962108 -11.095137 0.295619
v -0.404170 -11.010290 0.295619
v 0.243344 -7.049963 0.295618
v -1.433092 -10.686071 0.295618
v -1.243701 -9.980059 0.295618
v -6.061543 -11.010290 0.295619
v -7.822374 -9.271017 0.295618
v -8.188360 -11.010290 0.295619
v -7.737916 -11.095137 0.295619
v -9.099488 -11.095137 0.295619
v -8.170445 -9.639174 0.295618
v -7.343776 -7.043901 0.295618
v -7.758390 -6.962091 0.295618
v -6.601565 -7.043901 0.295618
v -5.337248 -11.010290 0.295619
v -4.876565 -11.095137 0.295619
v -7.192775 -7.149958 0.295618
v -7.748153 -8.980131 0.295618
v -6.647634 -9.004370 0.295618
v 35.694077 30.859203 0.295615
v 38.373714 29.816853 0.295615
v 38.253426 29.865334 0.295615
v 36.937920 30.647099 0.295615
v 38.000050 28.935097 0.295615
v 38.074272 29.301737 0.295615
v 38.099865 27.935165 0.295616
v 37.964218 28.501793 0.295616
v 36.937920 26.680708 0.295616
v 37.534248 26.465572 0.295616
v 35.694077 26.465572 0.295616
v 32.223537 26.520113 0.295616
v 31.036003 27.798813 0.295616
v 31.081429 29.475210 0.295615
v 32.259369 30.746334 0.295615
v 33.992046 30.831934 0.295615
v 34.677956 30.428932 0.295615
v 35.153992 29.747162 0.295615
v 35.146317 27.863201 0.295616
v 33.945339 26.566322 0.295616
v 33.837849 26.782217 0.295616
v 34.567902 27.739725 0.295616
v 34.545506 29.347946 0.295615
v 34.183998 30.065321 0.295615
v 33.658054 30.531956 0.295615
v 33.032291 30.695580 0.295615
v 32.016232 30.256216 0.295615
v 31.654724 29.678226 0.295615
v 31.657284 28.038946 0.295616
v 32.596565 26.823122 0.295616
v 25.593678 30.641037 0.295615
v 25.038300 30.728910 0.295615
v 25.028061 30.859203 0.295615
v 28.582996 30.571346 0.295615
v 29.248425 29.907755 0.295615
v 29.442936 29.071451 0.295615
v 29.274658 28.116972 0.295616
v 27.861259 26.689798 0.295616
v 25.028061 26.465572 0.295616
v 25.048538 26.595865 0.295616
v 25.593678 26.680708 0.295616
v 26.266785 26.832212 0.295616
v 26.837521 26.720100 0.295616
v 27.570774 26.848879 0.295616
v 28.640583 27.867746 0.295616
v 28.797981 28.735111 0.295615
v 28.677692 29.510815 0.295615
v 28.224689 30.168343 0.295615
v 26.266785 30.592556 0.295615
v 21.580557 30.877384 0.295615
v 23.866055 30.641037 0.295615
v 23.336269 30.728910 0.295615
v 24.751591 30.859203 0.295615
v 24.331856 30.641037 0.295615
v 24.142464 26.180744 0.295616
v 20.385342 26.465572 0.295616
v 20.835787 26.680708 0.295616
v 20.405817 30.701639 0.295615
v 17.265432 30.728910 0.295615
v 19.719849 30.877384 0.295615
v 19.598917 30.469080 0.295615
v 18.483681 30.659218 0.295615
v 18.445292 28.883585 0.295615
v 19.530455 28.983578 0.295615
v 19.556049 28.101822 0.295616
v 19.469030 28.568455 0.295616
v 18.445292 28.704809 0.295615
v 19.694252 26.056509 0.295616
v 17.244957 26.465572 0.295616
v 16.474531 26.595865 0.295616
v 15.133434 26.389820 0.295616
v 13.743708 26.689798 0.295616
v 12.967587 27.479137 0.295616
v 12.702053 28.556335 0.295616
v 12.766037 29.170687 0.295615
v 13.528723 30.428932 0.295615
v 14.278610 30.815268 0.295615
v 16.244192 30.777391 0.295615
v 16.338888 31.356140 0.295615
v 16.459175 31.386440 0.295615
v 16.384954 29.468391 0.295615
v 16.264664 29.544146 0.295615
v 16.208361 30.113802 0.295615
v 15.624828 30.586496 0.295615
v 14.223585 30.578920 0.295615
v 13.743708 30.195614 0.295615
v 13.323975 28.922976 0.295615
v 13.453863 28.138182 0.295616
v 14.420656 26.821608 0.295616
v 15.184622 26.614046 0.295616
v 15.850050 26.774641 0.295616
v 15.844933 28.213934 0.295616
v 15.317707 28.283627 0.295616
v 15.284435 28.413921 0.295616
v 16.968485 28.413921 0.295616
v 16.940332 28.283627 0.295616
v 16.484770 28.213934 0.295616
v 10.042830 30.641037 0.295615
v 9.477213 30.859203 0.295615
v 11.893238 29.953207 0.295615
v 10.677547 28.883585 0.295615
v 11.816456 29.250225 0.295615
v 11.788305 28.101822 0.295616
v 12.087748 27.426111 0.295616
v 12.036562 26.029240 0.295616
v 10.042830 26.680708 0.295616
v 6.562053 30.728910 0.295615
v 7.772623 30.641037 0.295615
v 7.772623 26.689798 0.295616
v 9.026705 27.004929 0.295616
v 9.341505 27.738211 0.295616
v 8.967838 26.453451 0.295616
v 7.125109 26.680708 0.295616
v 2.842170 30.641037 0.295615
v 2.297029 30.728910 0.295615
v 3.515279 30.659218 0.295615
v 3.476888 28.883585 0.295615
v 4.562052 28.983578 0.295615
v 4.615797 29.250225 0.295615
v 3.476888 28.704809 0.295615
v 4.771918 26.880695 0.295616
v 4.725849 26.056509 0.295616
v -0.894541 30.728910 0.295615
v -1.444800 28.904797 0.295615
v 0.180385 30.728910 0.295615
v 1.900266 30.728910 0.295615
v 1.375600 26.680708 0.295616
v 1.930979 26.465572 0.295616
v -1.401292 26.680708 0.295616
v -2.645134 26.465572 0.295616
v -2.066722 26.680708 0.295616
v -5.020273 30.571346 0.295615
v -6.379286 30.310757 0.295615
v -6.481660 29.728981 0.295615
v -6.604509 29.692619 0.295615
v -6.404880 31.231907 0.295615
v -6.371608 30.825874 0.295615
v -2.724538 31.237965 0.295615
v -4.370199 26.680708 0.295616
v -5.716415 26.465572 0.295616
v 43.016571 -7.380243 -0.295613
v 42.914196 -7.962019 -0.295613
v 43.705032 -11.095137 -0.295613
v 40.439240 -9.828554 -0.295613
v 40.559528 -9.867949 -0.295613
v 40.595360 -10.413363 -0.295613
v 40.735485 -10.686071 -0.295613
v 41.151379 -11.041349 -0.295613
v 41.705479 -11.033018 -0.295613
v 41.944138 -10.864847 -0.295613
v 42.098976 -10.620928 -0.295613
v 42.153999 -10.307310 -0.295613
v 42.100254 -9.964911 -0.295613
v 40.630550 -8.312754 -0.295613
v 40.559528 -7.849905 -0.295613
v 40.619671 -7.474936 -0.295613
v 40.960705 -6.972696 -0.295613
v 41.371479 -6.784071 -0.295613
v 42.345951 -6.871187 -0.295613
v 42.440647 -6.368193 -0.295613
v 42.560940 -6.350012 -0.295613
v 42.435532 -8.049891 -0.295613
v 42.315239 -7.986261 -0.295613
v 42.294765 -7.516596 -0.295613
v 42.215427 -7.331003 -0.295613
v 41.855198 -7.007540 -0.295613
v 41.306858 -7.009054 -0.295613
v 41.109791 -7.156015 -0.295613
v 40.996536 -7.359785 -0.295613
v 40.958786 -7.577196 -0.295613
v 41.018929 -7.846876 -0.295613
v 42.315239 -9.046793 -0.295613
v 42.514233 -9.433886 -0.295613
v 42.589092 -9.946730 -0.295613
v 42.491837 -10.517900 -0.295613
v 42.215424 -10.940599 -0.295613
v 41.803371 -11.208006 -0.295613
v 40.574886 -11.146646 -0.295613
v 40.459713 -11.792055 -0.295613
v 40.339424 -11.828417 -0.295613
v 38.650192 -9.189207 -0.295613
v 37.439621 -9.271017 -0.295613
v 37.073635 -11.010290 -0.295613
v 36.612953 -11.010290 -0.295613
v 39.075043 -6.831793 -0.295613
v 38.660431 -7.043901 -0.295613
v 39.352093 -9.386919 -0.295613
v 39.924747 -11.010290 -0.295613
v 35.371605 -11.095137 -0.295613
v 33.510960 -11.095137 -0.295613
v 36.205952 -7.192373 -0.295613
v 36.351837 -7.410543 -0.295613
v 36.431175 -7.771124 -0.295613
v 36.331360 -8.322599 -0.295613
v 36.070305 -8.755903 -0.295613
v 34.969784 -9.364950 -0.295613
v 35.709438 -8.565008 -0.295613
v 34.706173 -7.013601 -0.295613
v 31.695229 -6.813616 -0.295613
v 30.459064 -7.031782 -0.295613
v 31.505836 -8.707422 -0.295613
v 31.431618 -9.537664 -0.295613
v 30.420673 -8.986189 -0.295613
v 30.459064 -11.022409 -0.295613
v 31.715702 -10.810308 -0.295613
v 31.830875 -10.264887 -0.295613
v 29.785954 -11.010290 -0.295613
v 24.298649 -6.831793 -0.295613
v 25.542492 -7.049963 -0.295613
v 27.643715 -7.049963 -0.295613
v 27.098576 -6.831793 -0.295613
v 28.874763 -6.831793 -0.295613
v 28.874763 -11.225428 -0.295613
v 27.098576 -11.225428 -0.295613
v 27.643715 -11.010290 -0.295613
v 26.049244 -11.095137 -0.295613
v 24.331921 -11.095137 -0.295613
v 20.462128 -7.962019 -0.295613
v 20.339277 -7.998381 -0.295613
v 20.418615 -6.434855 -0.295613
v 20.572178 -6.865129 -0.295613
v 24.088722 -6.480307 -0.295613
v 23.930042 -8.016562 -0.295613
v 22.573586 -7.119654 -0.295613
v 22.573586 -11.010290 -0.295613
v 23.249252 -11.095137 -0.295613
v 21.227371 -11.225428 -0.295613
v 15.984674 -11.170889 -0.295613
v 15.188719 -10.604258 -0.295613
v 14.797136 -9.892187 -0.295613
v 14.687086 -9.104364 -0.295613
v 14.842566 -8.215788 -0.295613
v 15.298769 -7.465086 -0.295613
v 16.020506 -6.944666 -0.295613
v 16.987938 -6.759073 -0.295613
v 18.099976 -7.011328 -0.295613
v 18.715500 -7.568865 -0.295613
v 19.034134 -8.361990 -0.295613
v 18.907450 -9.827799 -0.295613
v 18.428850 -10.619410 -0.295613
v 17.706474 -11.124678 -0.295613
v 17.598982 -10.908781 -0.295613
v 18.034712 -10.519419 -0.295613
v 18.329037 -9.951277 -0.295613
v 18.306643 -8.343054 -0.295613
v 17.945133 -7.625681 -0.295613
v 17.419188 -7.159044 -0.295613
v 16.793428 -6.995420 -0.295613
v 16.259163 -7.105261 -0.295613
v 15.777369 -7.434786 -0.295613
v 15.415861 -8.012777 -0.295613
v 15.288532 -8.843779 -0.295613
v 15.418419 -9.652052 -0.295613
v 16.357698 -10.867876 -0.295613
v 17.064718 -11.046652 -0.295613
v 10.812170 -7.962019 -0.295613
v 10.888950 -6.459093 -0.295613
v 10.922222 -6.865129 -0.295613
v 14.438765 -6.480307 -0.295613
v 14.569292 -6.453032 -0.295613
v 14.280087 -8.016562 -0.295613
v 14.290323 -7.380243 -0.295613
v 12.923632 -7.119654 -0.295613
v 13.619774 -11.225428 -0.295613
v 11.577415 -11.225428 -0.295613
v 12.273558 -11.010290 -0.295613
v 6.347516 -7.049963 -0.295613
v 5.769104 -6.831793 -0.295613
v 7.552969 -6.831793 -0.295613
v 9.610683 -6.831793 -0.295613
v 7.299593 -8.868017 -0.295613
v 6.995030 -10.976961 -0.295613
v 6.347516 -11.010290 -0.295613
v 2.321599 -6.813616 -0.295613
v 4.883506 -11.510256 -0.295613
v 1.912103 -7.404482 -0.295613
v 2.027274 -11.010290 -0.295613
v 1.126384 -11.225428 -0.295613
v 1.576829 -11.010290 -0.295613
v 1.722712 -7.062082 -0.295613
v -0.982583 -11.225428 -0.295613
v -0.404170 -11.010290 -0.295613
v -0.954430 -6.962091 -0.295613
v 0.796164 -6.962091 -0.295613
v -2.067810 -6.962091 -0.295613
v -2.687172 -7.049963 -0.295613
v -1.433092 -10.686071 -0.295613
v -1.243701 -9.980059 -0.295613
v -3.892625 -11.095137 -0.295613
v -7.822374 -9.271017 -0.295613
v -7.717441 -11.225428 -0.295613
v -9.099488 -11.095137 -0.295613
v -8.649043 -11.010290 -0.295613
v -7.952901 -8.968008 -0.295613
v -7.343776 -7.043901 -0.295613
v -7.758390 -6.962091 -0.295613
v -6.601565 -7.043901 -0.295613
v -5.337248 -11.010290 -0.295613
v -4.876565 -11.095137 -0.295613
v -6.591328 -11.095137 -0.295613
v -6.925962 -8.049891 -0.295613
v 36.272491 30.641037 -0.295616
v 35.694077 30.859203 -0.295616
v 38.340443 31.310688 -0.295616
v 38.463291 31.340988 -0.295616
v 38.373714 29.816853 -0.295616
v 38.253426 29.865334 -0.295616
v 36.937920 30.647099 -0.295616
v 36.894413 28.847223 -0.295616
v 38.000050 28.935097 -0.295616
v 37.964218 28.501793 -0.295616
v 36.894413 28.656328 -0.295616
v 35.694077 26.465572 -0.295616
v 32.223537 26.520113 -0.295616
v 31.427582 27.086740 -0.295616
v 31.036003 27.798813 -0.295616
v 31.081429 29.475210 -0.295616
v 31.537636 30.225916 -0.295616
v 32.259369 30.746334 -0.295616
v 34.338840 30.679672 -0.295616
v 34.954365 30.122135 -0.295616
v 35.312672 28.892675 -0.295616
v 35.146317 27.863201 -0.295616
v 33.945339 26.566322 -0.295616
v 33.837849 26.782217 -0.295616
v 34.567902 27.739725 -0.295616
v 34.545506 29.347946 -0.295616
v 33.658054 30.531956 -0.295616
v 33.032291 30.695580 -0.295616
v 32.016232 30.256216 -0.295616
v 31.654724 29.678226 -0.295616
v 31.657284 28.038946 -0.295616
v 32.596565 26.823122 -0.295616
v 33.303585 26.644348 -0.295616
v 25.593678 30.641037 -0.295616
v 25.038300 30.728910 -0.295616
v 25.028061 30.859203 -0.295616
v 28.582996 30.571346 -0.295616
v 29.248425 29.907755 -0.295616
v 29.442936 29.071451 -0.295616
v 29.274658 28.116972 -0.295616
v 27.861259 26.689798 -0.295616
v 25.028061 26.465572 -0.295616
v 25.048538 26.595865 -0.295616
v 25.593678 26.680708 -0.295616
v 26.266785 26.832212 -0.295616
v 26.837521 26.720100 -0.295616
v 27.570774 26.848879 -0.295616
v 28.640583 27.867746 -0.295616
v 28.797981 28.735111 -0.295616
v 28.677692 29.510815 -0.295616
v 28.224689 30.168343 -0.295616
v 26.266785 30.592556 -0.295616
v 21.580557 30.877384 -0.295616
v 23.336269 30.728910 -0.295616
v 24.731113 30.728910 -0.295616
v 21.171061 30.286518 -0.295616
v 21.286232 26.680708 -0.295616
v 21.856968 26.595865 -0.295616
v 20.981670 30.628918 -0.295616
v 20.405817 30.701639 -0.295616
v 17.810574 30.641037 -0.295616
v 17.265432 30.728910 -0.295616
v 19.719849 30.877384 -0.295616
v 19.760796 31.168274 -0.295616
v 19.660980 29.953207 -0.295616
v 18.483681 30.659218 -0.295616
v 18.445292 28.883585 -0.295616
v 19.584202 29.250225 -0.295616
v 19.556049 28.101822 -0.295616
v 19.740320 26.880695 -0.295616
v 19.855492 27.426111 -0.295616
v 19.694252 26.056509 -0.295616
v 19.689133 26.435270 -0.295616
v 17.810574 26.680708 -0.295616
v 16.474531 26.595865 -0.295616
v 15.133434 26.389820 -0.295616
v 13.743708 26.689798 -0.295616
v 12.967587 27.479137 -0.295616
v 12.702053 28.556335 -0.295616
v 12.766037 29.170687 -0.295616
v 13.528723 30.428932 -0.295616
v 14.278610 30.815268 -0.295616
v 16.244192 30.777391 -0.295616
v 16.338888 31.356140 -0.295616
v 16.459175 31.386440 -0.295616
v 16.384954 29.468391 -0.295616
v 16.264664 29.544146 -0.295616
v 16.208361 30.113802 -0.295616
v 15.624828 30.586496 -0.295616
v 14.223585 30.578920 -0.295616
v 13.743708 30.195614 -0.295616
v 13.323975 28.922976 -0.295616
v 13.453863 28.138182 -0.295616
v 14.420656 26.821608 -0.295616
v 15.184622 26.614046 -0.295616
v 15.850050 26.774641 -0.295616
v 15.844933 28.213934 -0.295616
v 15.317707 28.283627 -0.295616
v 15.284435 28.413921 -0.295616
v 16.968485 28.413921 -0.295616
v 16.940332 28.283627 -0.295616
v 16.484770 28.213934 -0.295616
v 11.952103 30.877384 -0.295616
v 11.993052 31.168274 -0.295616
v 11.893238 29.953207 -0.295616
v 10.715939 30.659218 -0.295616
v 11.762711 28.983578 -0.295616
v 10.715939 26.668589 -0.295616
v 11.921391 26.435270 -0.295616
v 9.505365 26.595865 -0.295616
v 10.042830 26.680708 -0.295616
v 7.772623 26.689798 -0.295616
v 9.026705 27.004929 -0.295616
v 9.216095 27.710939 -0.295616
v 9.341505 27.738211 -0.295616
v 8.967838 26.453451 -0.295616
v 6.567171 26.595865 -0.295616
v 2.297029 30.728910 -0.295616
v 4.751443 30.877384 -0.295616
v 4.692578 29.953207 -0.295616
v 3.515279 30.659218 -0.295616
v 4.487830 28.153334 -0.295616
v 3.515279 26.668589 -0.295616
v 4.887088 27.426111 -0.295616
v 4.835901 26.029240 -0.295616
v 4.720731 26.435270 -0.295616
v 2.842170 26.680708 -0.295616
v -0.894541 30.728910 -0.295616
v -1.444800 28.904797 -0.295616
v 0.699933 30.641037 -0.295616
v 1.900266 30.728910 -0.295616
v 1.375600 26.680708 -0.295616
v -1.444800 28.556335 -0.295616
v -5.020273 30.571346 -0.295616
v -6.604509 29.692619 -0.295616
v -2.929286 30.825874 -0.295616
v -2.855065 31.210695 -0.295616
v -2.724538 31.237965 -0.295616
v -4.370199 30.571346 -0.295616
v -3.674057 26.465572 -0.295616
v -5.716415 26.465572 -0.295616
v -4.999798 29.935026 -0.295616
v -4.999798 29.935026 0.295615
v -5.007476 30.341059 -0.295616
v -5.007476 30.341059 0.295615
v -5.567333 30.547104 -0.295616
v -5.567333 30.547104 0.295615
v -5.959553 30.486504 -0.295616
v -5.959553 30.486504 0.295615
v -6.221887 30.401661 -0.295616
v -6.221887 30.401661 0.295615
v -6.379286 30.310757 -0.295616
v -6.481660 29.728981 -0.295616
v -6.404880 31.231907 -0.295616
v -6.371608 30.825874 -0.295616
v -2.929286 30.825874 0.295615
v -2.855065 31.210695 0.295615
v -3.013745 29.674438 -0.295616
v -3.013745 29.674438 0.295615
v -3.003507 30.310757 0.295615
v -3.074529 30.361511 -0.295616
v -3.195458 30.410751 -0.295616
v -3.195458 30.410751 0.295615
v -3.356698 30.453930 -0.295616
v -3.356698 30.453930 0.295615
v -3.543530 30.492563 -0.295616
v -3.543530 30.492563 0.295615
v -3.958784 30.551651 -0.295616
v -3.958784 30.551651 0.295615
v -4.370199 30.571346 0.295615
v -4.393233 29.456272 -0.295616
v -4.393233 29.456272 0.295615
v -4.389394 27.710182 -0.295616
v -4.389394 27.710182 0.295616
v -4.370199 26.680708 -0.295616
v -3.674057 26.465572 0.295616
v -4.126421 26.483753 -0.295616
v -4.126421 26.483753 0.295616
v -4.700354 26.489813 -0.295616
v -4.700354 26.489813 0.295616
v -5.239737 26.483753 -0.295616
v -5.239737 26.483753 0.295616
v -5.020273 26.680708 -0.295616
v -5.020273 26.680708 0.295616
v -2.066722 30.641037 -0.295616
v -2.066722 30.641037 0.295615
v -2.616982 30.728910 -0.295616
v -2.616982 30.728910 0.295615
v -2.506929 30.850115 -0.295616
v -2.506929 30.850115 0.295615
v -1.721210 30.831934 -0.295616
v -1.721210 30.831934 0.295615
v -1.461436 30.835720 -0.295616
v -1.461436 30.835720 0.295615
v -1.204222 30.847084 -0.295616
v -1.204222 30.847084 0.295615
v -0.990516 30.850115 -0.295616
v -0.990516 30.850115 0.295615
v -1.401292 30.641037 -0.295616
v -1.401292 30.641037 0.295615
v -1.417288 30.425901 -0.295616
v -1.417288 30.425901 0.295615
v -1.429444 30.065321 -0.295616
v -1.429444 30.065321 0.295615
v -1.440961 29.632774 -0.295616
v -1.440961 29.632774 0.295615
v -1.444800 29.207806 -0.295616
v -1.444800 29.207806 0.295615
v -0.009007 28.901766 -0.295616
v -0.009007 28.901766 0.295615
v 0.326267 28.910856 -0.295616
v 0.326267 28.910856 0.295615
v 0.584762 28.913885 -0.295616
v 0.584762 28.913885 0.295615
v 0.730644 28.922976 -0.295616
v 0.730644 28.922976 0.295615
v 0.699933 30.641037 0.295615
v 0.180385 30.728910 -0.295616
v 1.357684 30.547104 -0.295616
v 1.357684 30.547104 0.295615
v 1.357684 26.975386 -0.295616
v 1.357684 26.975386 0.295616
v 1.930979 26.465572 -0.295616
v 1.545796 26.483753 -0.295616
v 1.545796 26.483753 0.295616
v 1.050563 26.489813 -0.295616
v 1.050563 26.489813 0.295616
v 0.586041 26.483753 -0.295616
v 0.586041 26.483753 0.295616
v 0.154791 26.465572 -0.295616
v 0.154791 26.465572 0.295616
v 0.699933 26.680708 -0.295616
v 0.699933 26.680708 0.295616
v 0.720407 26.941296 -0.295616
v 0.720407 26.941296 0.295616
v 0.730644 27.347328 -0.295616
v 0.730644 27.347328 0.295616
v 0.730644 28.698750 -0.295616
v 0.730644 28.698750 0.295615
v -1.104408 28.592697 -0.295616
v -1.104408 28.592697 0.295616
v -1.335389 28.571486 0.295616
v -1.444800 28.338169 -0.295616
v -1.444800 28.338169 0.295616
v -1.433923 27.360207 -0.295616
v -1.433923 27.360207 0.295616
v -1.401292 26.680708 -0.295616
v -0.866388 26.465572 -0.295616
v -0.866388 26.465572 0.295616
v -1.251570 26.483753 -0.295616
v -1.251570 26.483753 0.295616
v -1.721210 26.489813 -0.295616
v -1.721210 26.489813 0.295616
v -2.224761 26.483753 -0.295616
v -2.224761 26.483753 0.295616
v -2.645134 26.465572 -0.295616
v -2.066722 26.680708 -0.295616
v 2.842170 30.641037 -0.295616
v 4.751443 30.877384 0.295615
v 4.792392 31.168274 0.295615
v 4.912682 31.192514 -0.295616
v 4.807748 29.907755 0.295615
v 4.692578 30.398630 -0.295616
v 4.692578 30.398630 0.295615
v 4.515984 30.528925 -0.295616
v 4.515984 30.528925 0.295615
v 4.356663 30.573618 -0.295616
v 4.356663 30.573618 0.295615
v 3.805764 30.645584 -0.295616
v 3.805764 30.645584 0.295615
v 3.476888 28.883585 -0.295616
v 3.818561 28.891918 -0.295616
v 3.818561 28.891918 0.295615
v 4.142319 28.916916 -0.295616
v 4.142319 28.916916 0.295615
v 4.404651 28.948732 -0.295616
v 4.404651 28.948732 0.295615
v 4.562052 28.983578 -0.295616
v 4.615797 29.250225 -0.295616
v 4.487830 28.153334 0.295616
v 4.500627 28.568455 -0.295616
v 4.500627 28.568455 0.295616
v 3.476888 28.704809 -0.295616
v 3.515279 26.668589 0.295616
v 4.771918 26.880695 -0.295616
v 4.887088 27.426111 0.295616
v 4.720731 26.435270 0.295616
v 4.225497 26.470118 -0.295616
v 4.225497 26.470118 0.295616
v 3.965723 26.477692 -0.295616
v 3.965723 26.477692 0.295616
v 3.075070 26.489813 -0.295616
v 3.075070 26.489813 0.295616
v 2.686049 26.483753 -0.295616
v 2.686049 26.483753 0.295616
v 2.304708 26.595865 -0.295616
v 2.304708 26.595865 0.295616
v 2.842170 26.680708 0.295616
v 7.148143 30.170616 -0.295616
v 7.148143 30.170616 0.295615
v 7.134067 30.536499 0.295615
v 7.125109 30.641037 -0.295616
v 6.562053 30.728910 -0.295616
v 6.931238 30.838751 -0.295616
v 6.931238 30.838751 0.295615
v 7.455265 30.831934 -0.295616
v 7.455265 30.831934 0.295615
v 8.028559 30.838751 -0.295616
v 8.028559 30.838751 0.295615
v 8.391987 30.728910 -0.295616
v 8.391987 30.728910 0.295615
v 7.768785 30.534985 -0.295616
v 7.767506 30.380449 -0.295616
v 7.767506 30.380449 0.295615
v 7.759827 30.185766 -0.295616
v 7.759827 30.185766 0.295615
v 7.749590 29.484301 -0.295616
v 7.749590 29.484301 0.295615
v 7.747030 29.053270 -0.295616
v 7.747030 29.053270 0.295615
v 7.749590 28.173029 -0.295616
v 7.749590 28.173029 0.295616
v 7.761106 26.968567 -0.295616
v 7.761106 26.968567 0.295616
v 8.206434 26.715555 -0.295616
v 8.206434 26.715555 0.295616
v 8.560902 26.792822 -0.295616
v 8.560902 26.792822 0.295616
v 8.834753 26.892815 -0.295616
v 8.834753 26.892815 0.295616
v 9.086208 27.181431 -0.295616
v 9.086208 27.181431 0.295616
v 9.136757 27.377630 -0.295616
v 9.136757 27.377630 0.295616
v 9.216095 27.710939 0.295616
v 9.062534 25.695929 0.295616
v 8.942245 25.726231 -0.295616
v 8.723421 26.465572 -0.295616
v 8.723421 26.465572 0.295616
v 7.437349 26.489813 -0.295616
v 7.437349 26.489813 0.295616
v 6.951073 26.483753 -0.295616
v 6.951073 26.483753 0.295616
v 6.546697 26.465572 0.295616
v 7.125109 26.680708 -0.295616
v 10.042830 30.641037 -0.295616
v 9.497688 30.728910 -0.295616
v 9.950052 30.838751 -0.295616
v 9.950052 30.838751 0.295615
v 10.411375 30.831934 -0.295616
v 10.411375 30.831934 0.295615
v 11.197094 30.841024 -0.295616
v 11.197094 30.841024 0.295615
v 11.683371 30.859203 -0.295616
v 11.683371 30.859203 0.295615
v 11.952103 30.877384 0.295615
v 11.993052 31.168274 0.295615
v 11.831173 30.469080 -0.295616
v 11.831173 30.469080 0.295615
v 10.715939 30.659218 0.295615
v 10.677547 28.883585 -0.295616
v 11.019220 28.891918 -0.295616
v 11.019220 28.891918 0.295615
v 11.342978 28.916916 -0.295616
v 11.342978 28.916916 0.295615
v 11.605310 28.948732 -0.295616
v 11.605310 28.948732 0.295615
v 11.762711 28.983578 0.295615
v 11.816456 29.250225 -0.295616
v 11.788305 28.101822 -0.295616
v 11.701286 28.568455 -0.295616
v 11.701286 28.568455 0.295616
v 10.677547 28.704809 -0.295616
v 10.677547 28.580576 0.295616
v 10.681387 28.150303 -0.295616
v 10.681387 28.150303 0.295616
v 10.703779 26.993565 -0.295616
v 10.703779 26.993565 0.295616
v 10.715939 26.668589 0.295616
v 11.972578 26.880695 -0.295616
v 11.972578 26.880695 0.295616
v 12.087748 27.426111 -0.295616
v 12.118460 26.798882 -0.295616
v 12.118460 26.798882 0.295616
v 12.067272 26.362549 -0.295616
v 12.067272 26.362549 0.295616
v 12.036562 26.029240 -0.295616
v 11.921391 26.435270 0.295616
v 9.477213 26.465572 0.295616
v 16.474531 26.595865 -0.295616
v 16.474531 26.595865 0.295616
v 16.186605 26.523901 -0.295616
v 16.186605 26.523901 0.295616
v 15.453354 26.407244 -0.295616
v 15.453354 26.407244 0.295616
v 15.133434 26.389820 -0.295616
v 15.133434 26.389820 0.295616
v 14.478241 26.447392 -0.295616
v 14.478241 26.447392 0.295616
v 14.100098 26.532234 -0.295616
v 14.100098 26.532234 0.295616
v 13.743708 26.689798 -0.295616
v 13.743708 26.689798 0.295616
v 12.967587 27.479137 -0.295616
v 12.967587 27.479137 0.295616
v 12.702053 28.556335 -0.295616
v 12.702053 28.556335 0.295616
v 12.766037 29.170687 -0.295616
v 12.766037 29.170687 0.295615
v 13.528723 30.428932 -0.295616
v 13.528723 30.428932 0.295615
v 14.278610 30.815268 -0.295616
v 14.278610 30.815268 0.295615
v 15.069450 30.931927 -0.295616
v 15.069450 30.931927 0.295615
v 15.420721 30.921322 -0.295616
v 15.420721 30.921322 0.295615
v 15.768152 30.889505 -0.295616
v 15.768152 30.889505 0.295615
v 16.054800 30.837236 -0.295616
v 16.054800 30.837236 0.295615
v 16.244192 30.777391 -0.295616
v 16.244192 30.777391 0.295615
v 16.338888 31.356140 -0.295616
v 16.338888 31.356140 0.295615
v 16.459175 31.386440 -0.295616
v 16.459175 31.386440 0.295615
v 16.384954 29.468391 -0.295616
v 16.384954 29.468391 0.295615
v 16.264664 29.544146 -0.295616
v 16.264664 29.544146 0.295615
v 16.208361 30.113802 -0.295616
v 16.208361 30.113802 0.295615
v 15.624828 30.586496 -0.295616
v 15.624828 30.586496 0.295615
v 14.223585 30.578920 -0.295616
v 14.223585 30.578920 0.295615
v 13.743708 30.195614 -0.295616
v 13.743708 30.195614 0.295615
v 13.323975 28.922976 -0.295616
v 13.323975 28.922976 0.295615
v 13.453863 28.138182 -0.295616
v 13.453863 28.138182 0.295616
v 14.420656 26.821608 -0.295616
v 14.420656 26.821608 0.295616
v 15.184622 26.614046 -0.295616
v 15.184622 26.614046 0.295616
v 15.850050 26.774641 -0.295616
v 15.850050 26.774641 0.295616
v 15.844933 28.213934 -0.295616
v 15.844933 28.213934 0.295616
v 15.317707 28.283627 -0.295616
v 15.317707 28.283627 0.295616
v 15.284435 28.413921 -0.295616
v 15.284435 28.413921 0.295616
v 16.144377 28.395741 -0.295616
v 16.144377 28.395741 0.295616
v 16.374075 28.398771 -0.295616
v 16.374075 28.398771 0.295616
v 16.633209 28.407860 -0.295616
v 16.633209 28.407860 0.295616
v 16.850117 28.409376 -0.295616
v 16.850117 28.409376 0.295616
v 16.968485 28.413921 -0.295616
v 16.968485 28.413921 0.295616
v 16.940332 28.283627 -0.295616
v 16.940332 28.283627 0.295616
v 16.484770 28.213934 -0.295616
v 16.484770 28.213934 0.295616
v 17.843845 29.913816 -0.295616
v 17.843845 29.913816 0.295615
v 17.810574 30.641037 0.295615
v 19.760796 31.168274 0.295615
v 19.860611 30.971317 -0.295616
v 19.860611 30.971317 0.295615
v 19.845255 30.785725 -0.295616
v 19.845255 30.785725 0.295615
v 19.829899 30.580437 -0.295616
v 19.829899 30.580437 0.295615
v 19.795988 30.175919 -0.295616
v 19.795988 30.175919 0.295615
v 19.660980 29.953207 0.295615
v 19.660980 30.398630 -0.295616
v 18.471525 30.419083 -0.295616
v 18.471525 30.419083 0.295615
v 18.449131 29.413851 -0.295616
v 18.449131 29.413851 0.295615
v 18.786966 28.891918 -0.295616
v 18.786966 28.891918 0.295615
v 19.110720 28.916916 -0.295616
v 19.110720 28.916916 0.295615
v 19.373055 28.948732 -0.295616
v 19.373055 28.948732 0.295615
v 19.530455 28.983578 -0.295616
v 19.584202 29.250225 0.295615
v 19.469030 28.568455 -0.295616
v 19.305231 28.634359 -0.295616
v 19.305231 28.634359 0.295616
v 19.069773 28.680569 -0.295616
v 19.069773 28.680569 0.295615
v 18.445292 28.704809 -0.295616
v 18.483681 26.668589 -0.295616
v 18.483681 26.668589 0.295616
v 18.868866 26.681465 -0.295616
v 18.868866 26.681467 0.295616
v 19.515738 26.781460 -0.295616
v 19.515738 26.781460 0.295616
v 19.740320 26.880695 0.295616
v 19.855492 27.426111 0.295616
v 19.886204 26.798882 -0.295616
v 19.886204 26.798882 0.295616
v 19.835016 26.362549 -0.295616
v 19.835016 26.362549 0.295616
v 19.689133 26.435270 0.295616
v 17.244957 26.465572 -0.295616
v 17.810574 26.680708 0.295616
v 21.667574 30.743303 -0.295616
v 21.667574 30.743303 0.295615
v 21.816017 30.516804 -0.295616
v 21.816017 30.516804 0.295615
v 22.837196 28.989637 -0.295616
v 22.837196 28.989637 0.295615
v 23.051540 28.701778 -0.295616
v 23.051540 28.701778 0.295615
v 23.397694 28.219995 -0.295616
v 23.397694 28.219995 0.295616
v 23.584526 27.972284 -0.295616
v 23.584526 27.972284 0.295616
v 23.756004 27.750330 -0.295616
v 23.756004 27.750330 0.295616
v 23.886532 27.563223 -0.295616
v 23.886532 27.563223 0.295616
v 23.976105 27.450352 -0.295616
v 23.976105 27.450352 0.295616
v 23.866055 30.641037 -0.295616
v 24.091278 30.831934 -0.295616
v 24.091278 30.831934 0.295615
v 24.423992 30.838751 -0.295616
v 24.423992 30.838751 0.295615
v 24.331856 30.641037 -0.295616
v 24.296024 30.368330 -0.295616
v 24.296024 30.368330 0.295615
v 24.278748 30.175161 -0.295616
v 24.278748 30.175161 0.295615
v 24.262753 29.971388 -0.295616
v 24.262753 29.971388 0.295615
v 24.244835 29.582779 -0.295616
v 24.244835 29.582779 0.295615
v 24.232040 29.325977 -0.295616
v 24.232040 29.325977 0.295615
v 24.217964 28.748745 -0.295616
v 24.217964 28.748745 0.295615
v 24.175732 26.738281 -0.295616
v 24.175732 26.738281 0.295616
v 24.158459 26.374670 -0.295616
v 24.158459 26.374670 0.295616
v 24.142464 26.180744 -0.295616
v 24.030495 26.325430 -0.295616
v 24.030495 26.325430 0.295616
v 23.827663 26.601927 -0.295616
v 23.827663 26.601927 0.295616
v 23.562130 26.957962 -0.295616
v 23.562130 26.957962 0.295616
v 22.715626 28.111670 -0.295616
v 22.715626 28.111670 0.295616
v 22.412344 28.519974 -0.295616
v 22.412344 28.519974 0.295616
v 22.212074 28.806318 -0.295616
v 22.212074 28.806318 0.295615
v 21.831373 29.356279 -0.295616
v 21.831373 29.356279 0.295615
v 21.430836 29.926693 -0.295616
v 21.430836 29.926693 0.295615
v 21.171061 30.286518 0.295615
v 21.221607 27.894260 -0.295616
v 21.221607 27.894260 0.295616
v 21.263199 26.898117 -0.295616
v 21.263199 26.898117 0.295616
v 21.286232 26.680708 0.295616
v 21.856968 26.595865 0.295616
v 21.501219 26.483753 -0.295616
v 21.501219 26.483753 0.295616
v 21.096840 26.489813 -0.295616
v 21.096840 26.489813 0.295616
v 20.741091 26.483753 -0.295616
v 20.741091 26.483753 0.295616
v 20.400698 26.595865 -0.295616
v 20.835787 26.680708 -0.295616
v 20.981670 30.628918 0.295615
v 25.593678 30.641037 -0.295616
v 25.593678 30.641037 0.295615
v 25.038300 30.728910 -0.295616
v 25.038300 30.728910 0.295615
v 25.028061 30.859203 -0.295616
v 25.028061 30.859203 0.295615
v 27.943157 30.787239 -0.295616
v 27.943157 30.787239 0.295615
v 28.582996 30.571346 -0.295616
v 28.582996 30.571346 0.295615
v 28.979694 30.272125 -0.295616
v 28.979694 30.272125 0.295615
v 29.248425 29.907755 -0.295616
v 29.248425 29.907755 0.295615
v 29.442936 29.071451 -0.295616
v 29.442936 29.071451 0.295615
v 29.274658 28.116972 -0.295616
v 29.274658 28.116972 0.295616
v 27.861259 26.689798 -0.295616
v 27.861259 26.689798 0.295616
v 25.028061 26.465572 -0.295616
v 25.028061 26.465572 0.295616
v 25.048538 26.595865 -0.295616
v 25.048538 26.595865 0.295616
v 25.593678 26.680708 -0.295616
v 25.593678 26.680708 0.295616
v 26.252068 27.148857 -0.295616
v 26.252068 27.148857 0.295616
v 26.266785 26.832212 -0.295616
v 26.266785 26.832212 0.295616
v 27.570774 26.848879 -0.295616
v 27.570774 26.848879 0.295616
v 28.640583 27.867746 -0.295616
v 28.640583 27.867746 0.295616
v 28.797981 28.735111 -0.295616
v 28.797981 28.735111 0.295615
v 28.767910 29.130537 -0.295616
v 28.767910 29.130537 0.295615
v 28.677692 29.510815 -0.295616
v 28.677692 29.510815 0.295615
v 28.224689 30.168343 -0.295616
v 28.224689 30.168343 0.295615
v 26.266785 30.592556 -0.295616
v 26.266785 30.592556 0.295615
v 26.228397 28.798742 -0.295616
v 26.228397 28.798742 0.295615
v 26.228397 28.556335 -0.295616
v 26.228397 28.556335 0.295616
v 32.641991 26.422394 -0.295616
v 32.641991 26.422394 0.295616
v 32.223537 26.520113 -0.295616
v 32.223537 26.520113 0.295616
v 31.427582 27.086740 -0.295616
v 31.427582 27.086740 0.295616
v 31.036003 27.798813 -0.295616
v 31.036003 27.798813 0.295616
v 30.925949 28.586636 -0.295616
v 30.925949 28.586636 0.295616
v 31.081429 29.475210 -0.295616
v 31.081429 29.475210 0.295615
v 31.537636 30.225916 -0.295616
v 31.537636 30.225916 0.295615
v 32.259369 30.746334 -0.295616
v 32.259369 30.746334 0.295615
v 33.624142 30.906929 -0.295616
v 33.624142 30.906929 0.295615
v 34.338840 30.679672 -0.295616
v 34.338840 30.679672 0.295615
v 34.954365 30.122135 -0.295616
v 34.954365 30.122135 0.295615
v 35.153992 29.747162 -0.295616
v 35.153992 29.747162 0.295615
v 35.272999 29.329008 -0.295616
v 35.272999 29.329008 0.295615
v 35.312672 28.892675 -0.295616
v 35.312672 28.892675 0.295615
v 35.146317 27.863201 -0.295616
v 35.146317 27.863201 0.295616
v 34.667713 27.071590 -0.295616
v 34.667713 27.071590 0.295616
v 33.945339 26.566322 -0.295616
v 33.945339 26.566322 0.295616
v 33.047649 26.389820 -0.295616
v 33.047649 26.389820 0.295616
v 33.837849 26.782217 -0.295616
v 33.837849 26.782217 0.295616
v 34.567902 27.739725 -0.295616
v 34.567902 27.739725 0.295616
v 34.545506 29.347946 -0.295616
v 34.545506 29.347946 0.295615
v 33.658054 30.531956 -0.295616
v 33.658054 30.531956 0.295615
v 33.032291 30.695580 -0.295616
v 33.032291 30.695580 0.295615
v 32.016232 30.256216 -0.295616
v 32.016232 30.256216 0.295615
v 31.654724 29.678226 -0.295616
v 31.654724 29.678226 0.295615
v 31.527397 28.847223 -0.295616
v 31.527397 28.847223 0.295615
v 31.657284 28.038946 -0.295616
v 31.657284 28.038946 0.295616
v 32.596565 26.823122 -0.295616
v 32.596565 26.823122 0.295616
v 36.272491 30.641037 0.295615
v 36.612885 30.831934 -0.295616
v 36.612885 30.831934 0.295615
v 38.182404 30.862234 -0.295616
v 38.182404 30.862234 0.295615
v 38.340443 31.310688 0.295615
v 38.463291 31.340988 0.295615
v 38.225273 30.356209 -0.295616
v 38.129299 30.429689 0.295615
v 37.984695 30.492563 -0.295616
v 37.984695 30.492563 0.295615
v 37.808739 30.543318 -0.295616
v 37.808739 30.543318 0.295615
v 37.613590 30.586496 -0.295616
v 37.613590 30.586496 0.295615
v 36.894413 28.847223 0.295615
v 37.155468 28.853285 -0.295616
v 37.155468 28.853285 0.295615
v 37.488182 28.871464 -0.295616
v 37.488182 28.871464 0.295615
v 37.796585 28.897978 -0.295616
v 37.796585 28.897978 0.295615
v 38.074272 29.301737 -0.295616
v 38.099865 27.935165 -0.295616
v 37.790184 28.580576 -0.295616
v 37.790184 28.580576 0.295616
v 37.498417 28.622997 -0.295616
v 37.498417 28.622997 0.295616
v 37.174664 28.647995 -0.295616
v 37.174664 28.647995 0.295616
v 36.894413 28.656328 0.295616
v 36.937920 26.680708 -0.295616
v 37.513775 26.595865 -0.295616
v 36.272491 26.680708 -0.295616
v 36.272491 26.680708 0.295616
v -6.061543 -11.010290 -0.295613
v -6.611803 -9.189207 -0.295613
v -6.611803 -9.189207 0.295618
v -6.846623 -9.194513 -0.295613
v -6.846623 -9.194513 0.295618
v -7.208131 -9.210421 -0.295613
v -7.208131 -9.210421 0.295618
v -7.574117 -9.240717 -0.295613
v -7.574117 -9.240717 0.295618
v -8.188360 -11.010290 -0.295613
v -8.508279 -11.201189 -0.295613
v -8.508279 -11.201189 0.295619
v -8.817960 -11.207247 -0.295613
v -8.817960 -11.207247 0.295619
v -8.649043 -11.010290 0.295619
v -6.202307 -6.962091 -0.295613
v -6.202307 -6.962091 0.295618
v -6.376983 -7.850664 -0.295613
v -6.376983 -7.850664 0.295618
v -6.051306 -8.943769 -0.295613
v -6.051306 -8.943769 0.295618
v -5.726269 -9.946730 -0.295613
v -5.726269 -9.946730 0.295618
v -5.529199 -10.523207 -0.295613
v -5.529199 -10.523207 0.295618
v -4.982139 -11.214823 -0.295613
v -4.982139 -11.214823 0.295619
v -5.731387 -11.201189 -0.295613
v -5.731387 -11.201189 0.295619
v -6.177994 -11.207247 -0.295613
v -6.177994 -11.207247 0.295619
v -6.591328 -11.095137 0.295619
v -7.192775 -7.149958 -0.295613
v -7.748153 -8.980131 -0.295613
v -6.647634 -9.004370 -0.295613
v -3.309093 -7.743853 -0.295613
v -3.309093 -7.743853 0.295618
v -3.311653 -7.520384 -0.295613
v -3.311653 -7.520384 0.295618
v -3.319331 -7.316610 -0.295613
v -3.319331 -7.316610 0.295618
v -3.334687 -7.049963 -0.295613
v -3.334687 -7.049963 0.295618
v -3.897743 -6.962091 -0.295613
v -3.897743 -6.962091 0.295618
v -2.067810 -6.962091 0.295618
v -2.687172 -7.049963 0.295618
v -2.699969 -7.505232 -0.295613
v -2.699969 -7.505232 0.295618
v -2.698689 -10.722433 -0.295613
v -2.698689 -10.722433 0.295618
v -2.687172 -11.001200 -0.295613
v -2.687172 -11.001200 0.295619
v -2.253363 -10.975447 -0.295613
v -2.253363 -10.975447 0.295619
v -1.625043 -10.798185 -0.295613
v -1.625043 -10.798185 0.295618
v -1.373588 -10.509569 -0.295613
v -1.373588 -10.509569 0.295618
v -1.323040 -10.313372 -0.295613
v -1.323040 -10.313372 0.295618
v -1.118292 -9.952791 -0.295613
v -1.118292 -9.952791 0.295618
v -1.397262 -11.995070 0.295619
v -1.517551 -11.964769 -0.295613
v -1.491957 -11.237547 -0.295613
v -1.491957 -11.237547 0.295619
v -1.736374 -11.225428 -0.295613
v -1.736374 -11.225428 0.295619
v -3.022447 -11.201189 -0.295613
v -3.022447 -11.201189 0.295619
v -3.508723 -11.207247 -0.295613
v -3.508723 -11.207247 0.295619
v -3.913100 -11.225428 0.295619
v -3.334687 -11.010290 -0.295613
v -3.334687 -11.010290 0.295619
v -3.315492 -10.092932 -0.295613
v -3.315492 -10.092932 0.295618
v -3.309093 -8.922560 -0.295613
v -3.309093 -8.922560 0.295618
v 0.220310 -9.669474 -0.295613
v 0.220310 -9.669474 0.295618
v 0.227989 -10.277010 -0.295613
v 0.227989 -10.277010 0.295618
v 0.231828 -10.761824 -0.295613
v 0.231828 -10.761824 0.295618
v 0.243344 -11.010290 -0.295613
v 0.243344 -11.010290 0.295619
v 0.796164 -11.095137 -0.295613
v 0.796164 -11.095137 0.295619
v 0.407783 -11.207247 -0.295613
v 0.407783 -11.207247 0.295619
v -0.163591 -11.201189 -0.295613
v -0.163591 -11.201189 0.295619
v -0.580765 -11.207247 -0.295613
v -0.580765 -11.207247 0.295619
v -0.378576 -7.837786 -0.295613
v -0.378576 -7.837786 0.295618
v -0.390094 -7.356001 -0.295613
v -0.390094 -7.356001 0.295618
v -0.404170 -7.049963 -0.295613
v -0.404170 -7.049963 0.295618
v -0.982583 -6.831793 0.295618
v -0.601880 -6.852247 -0.295613
v -0.601880 -6.852247 0.295618
v 0.241425 -6.855280 -0.295613
v 0.241425 -6.855280 0.295618
v 0.486483 -6.843916 -0.295613
v 0.486483 -6.843916 0.295618
v 0.698269 -6.840887 -0.295613
v 0.698269 -6.840887 0.295618
v 0.796164 -6.962091 0.295618
v 0.243344 -7.049963 -0.295613
v 0.231828 -7.245401 -0.295613
v 0.231828 -7.245401 0.295618
v 0.227989 -7.607500 -0.295613
v 0.227989 -7.607500 0.295618
v 0.220310 -8.096857 -0.295613
v 0.220310 -8.096857 0.295618
v 0.217751 -8.655912 -0.295613
v 0.217751 -8.655912 0.295618
v 2.557058 -7.174196 -0.295613
v 2.557058 -7.174196 0.295618
v 3.578238 -8.701361 -0.295613
v 3.578238 -8.701361 0.295618
v 3.792583 -8.989222 -0.295613
v 3.792583 -8.989222 0.295618
v 4.138735 -9.471006 -0.295613
v 4.138735 -9.471006 0.295618
v 4.497044 -9.940668 -0.295613
v 4.497044 -9.940668 0.295618
v 4.627571 -10.127775 -0.295613
v 4.627571 -10.127775 0.295618
v 4.717147 -10.240648 -0.295613
v 4.696033 -8.014288 -0.295613
v 4.696033 -8.014288 0.295618
v 4.673639 -7.583258 -0.295613
v 4.673639 -7.583258 0.295618
v 4.641647 -7.248434 -0.295613
v 4.641647 -7.248434 0.295618
v 4.607096 -7.049963 -0.295613
v 4.077311 -6.962091 0.295618
v 4.051717 -6.831793 -0.295613
v 4.203358 -6.840887 -0.295613
v 4.203358 -6.840887 0.295618
v 4.438178 -6.843916 -0.295613
v 4.438178 -6.843916 0.295618
v 4.832318 -6.859068 -0.295613
v 4.832318 -6.859068 0.295618
v 5.165033 -6.852247 -0.295613
v 5.165033 -6.852247 0.295618
v 5.492630 -6.831793 -0.295613
v 5.072896 -7.049963 -0.295613
v 4.771534 -11.365572 -0.295613
v 4.771534 -11.365572 0.295619
v 3.153387 -9.171026 -0.295613
v 3.153387 -9.171026 0.295618
v 2.953118 -8.884684 -0.295613
v 2.953118 -8.884684 0.295618
v 2.572414 -8.334719 -0.295613
v 2.572414 -8.334719 0.295618
v 2.171877 -7.764303 -0.295613
v 2.171877 -7.764303 0.295618
v 2.311361 -11.052713 -0.295613
v 2.311361 -11.052713 0.295619
v 2.482838 -11.078470 -0.295613
v 2.482838 -11.078470 0.295619
v 2.615924 -11.225428 -0.295613
v 1.146858 -6.989359 0.295618
v 1.126384 -6.859068 -0.295613
v 6.366710 -7.701433 -0.295613
v 6.366710 -7.701433 0.295618
v 6.347516 -7.049963 0.295618
v 5.927783 -6.840887 -0.295613
v 5.927783 -6.840887 0.295618
v 6.693027 -6.859068 -0.295613
v 6.693027 -6.859068 0.295618
v 6.895216 -6.855280 -0.295613
v 6.895216 -6.855280 0.295618
v 7.158829 -6.843916 -0.295613
v 7.158829 -6.843916 0.295618
v 7.404526 -6.840887 -0.295613
v 7.404526 -6.840887 0.295618
v 6.995030 -7.049963 -0.295613
v 6.995030 -7.049963 0.295618
v 6.969438 -8.910437 -0.295613
v 6.969438 -8.910437 0.295618
v 8.653488 -7.049963 -0.295613
v 8.264467 -6.962091 0.295618
v 8.243992 -6.831793 -0.295613
v 8.647730 -6.852247 -0.295613
v 8.647730 -6.852247 0.295618
v 9.039949 -6.859068 -0.295613
v 9.039949 -6.859068 0.295618
v 9.316999 -6.852247 -0.295613
v 9.316999 -6.852247 0.295618
v 9.579971 -6.962091 0.295618
v 9.336832 -7.005266 -0.295613
v 9.336832 -7.005266 0.295618
v 9.189032 -7.067385 -0.295613
v 9.124409 -7.119654 0.295618
v 9.045069 -7.187075 -0.295613
v 8.955490 -7.268129 0.295618
v 8.752022 -7.458269 -0.295613
v 8.752022 -7.458269 0.295618
v 8.525520 -7.671129 -0.295613
v 8.525520 -7.671129 0.295618
v 8.096830 -8.091555 -0.295613
v 8.096830 -8.091555 0.295618
v 7.814022 -8.383204 -0.295613
v 7.814022 -8.383204 0.295618
v 9.800076 -11.313299 -0.295613
v 9.620920 -11.379965 -0.295613
v 9.620920 -11.379965 0.295619
v 7.299593 -8.868017 0.295618
v 6.969438 -9.189207 -0.295613
v 6.969438 -9.189207 0.295618
v 6.995030 -10.976961 0.295619
v 7.137713 -11.018625 -0.295613
v 7.137713 -11.018625 0.295619
v 7.488344 -11.081503 -0.295613
v 7.488344 -11.081503 0.295619
v 7.604156 -11.225428 -0.295613
v 7.604156 -11.225428 0.295619
v 7.204258 -11.207247 -0.295613
v 7.204258 -11.207247 0.295619
v 6.664876 -11.201189 -0.295613
v 6.664876 -11.201189 0.295619
v 6.182439 -11.207247 -0.295613
v 6.182439 -11.207247 0.295619
v 5.769104 -11.225428 -0.295613
v 5.769104 -11.225428 0.295619
v 6.366710 -10.243677 -0.295613
v 6.366710 -10.243677 0.295618
v 6.373110 -9.016493 -0.295613
v 6.373110 -9.016493 0.295618
v 6.373110 -8.661970 -0.295613
v 6.373110 -8.661970 0.295618
v 12.297871 -8.224878 -0.295613
v 12.297871 -8.224878 0.295618
v 12.294033 -7.755976 -0.295613
v 12.294033 -7.755976 0.295618
v 12.286354 -7.349939 -0.295613
v 12.286354 -7.349939 0.295618
v 12.273558 -7.119654 -0.295613
v 11.334278 -7.204496 -0.295613
v 11.334278 -7.204496 0.295618
v 11.071945 -7.289343 -0.295613
v 11.071945 -7.289343 0.295618
v 10.886393 -7.496901 -0.295613
v 10.886393 -7.496901 0.295618
v 10.835205 -7.801428 -0.295613
v 10.835205 -7.801428 0.295618
v 10.812170 -7.962019 0.295618
v 10.689322 -7.998381 -0.295613
v 10.689322 -7.998381 0.295618
v 10.768661 -6.434855 0.295618
v 10.922222 -6.865129 0.295618
v 11.121212 -6.878763 -0.295613
v 11.121212 -6.878763 0.295618
v 12.063692 -6.918154 -0.295613
v 12.063692 -6.918154 0.295618
v 12.613951 -6.925726 -0.295613
v 12.613951 -6.925726 0.295618
v 13.201321 -6.918154 -0.295613
v 13.201321 -6.918154 0.295618
v 14.162357 -6.878763 -0.295613
v 14.162357 -6.878763 0.295618
v 14.364546 -6.865129 -0.295613
v 14.364546 -6.865129 0.295618
v 14.290323 -7.380243 0.295618
v 12.900599 -8.234728 -0.295613
v 12.900599 -8.234728 0.295618
v 12.898039 -8.637732 -0.295613
v 12.898039 -8.637732 0.295618
v 12.904436 -9.980818 -0.295613
v 12.904436 -9.980818 0.295618
v 12.923632 -11.010290 -0.295613
v 12.923632 -11.010290 0.295619
v 13.167410 -11.207247 -0.295613
v 13.167410 -11.207247 0.295619
v 12.054094 -11.207247 -0.295613
v 12.054094 -11.207247 0.295619
v 11.577415 -11.225428 0.295619
v 12.273558 -11.010290 0.295619
v 12.292753 -9.983847 -0.295613
v 12.292753 -9.983847 0.295618
v 12.299150 -8.916498 -0.295613
v 12.299150 -8.916498 0.295618
v 16.403128 -11.268606 -0.295613
v 16.403128 -11.268606 0.295619
v 15.984674 -11.170889 -0.295613
v 15.984674 -11.170889 0.295619
v 15.188719 -10.604258 -0.295613
v 15.188719 -10.604258 0.295618
v 14.797136 -9.892187 -0.295613
v 14.797136 -9.892187 0.295618
v 14.687086 -9.104364 -0.295613
v 14.687086 -9.104364 0.295618
v 14.842566 -8.215788 -0.295613
v 14.842566 -8.215788 0.295618
v 15.298769 -7.465086 -0.295613
v 15.298769 -7.465086 0.295618
v 16.020506 -6.944666 -0.295613
v 16.020506 -6.944666 0.295618
v 16.987938 -6.759073 -0.295613
v 16.987938 -6.759073 0.295618
v 17.385277 -6.784071 -0.295613
v 17.385277 -6.784071 0.295618
v 17.753181 -6.859068 -0.295613
v 17.753181 -6.859068 0.295618
v 18.099976 -7.011328 -0.295613
v 18.099976 -7.011328 0.295618
v 18.715500 -7.568865 -0.295613
v 18.715500 -7.568865 0.295618
v 18.915127 -7.943838 -0.295613
v 18.915127 -7.943838 0.295618
v 19.034134 -8.361990 -0.295613
v 19.034134 -8.361990 0.295618
v 19.073805 -8.798323 -0.295613
v 19.073805 -8.798323 0.295618
v 18.907450 -9.827799 -0.295613
v 18.907450 -9.827799 0.295618
v 18.428850 -10.619410 -0.295613
v 18.428850 -10.619410 0.295618
v 17.706474 -11.124678 -0.295613
v 17.706474 -11.124678 0.295619
v 16.808784 -11.301180 -0.295613
v 16.808784 -11.301180 0.295619
v 17.598982 -10.908781 -0.295613
v 17.598982 -10.908781 0.295619
v 18.034712 -10.519419 -0.295613
v 18.034712 -10.519419 0.295618
v 18.329037 -9.951277 -0.295613
v 18.329037 -9.951277 0.295618
v 18.306643 -8.343054 -0.295613
v 18.306643 -8.343054 0.295618
v 17.945133 -7.625681 -0.295613
v 17.945133 -7.625681 0.295618
v 17.419188 -7.159044 -0.295613
v 17.419188 -7.159044 0.295618
v 16.793428 -6.995420 -0.295613
v 16.793428 -6.995420 0.295618
v 16.259163 -7.105261 -0.295613
v 16.259163 -7.105261 0.295618
v 15.777369 -7.434786 -0.295613
v 15.777369 -7.434786 0.295618
v 15.415861 -8.012777 -0.295613
v 15.415861 -8.012777 0.295618
v 15.288532 -8.843779 -0.295613
v 15.288532 -8.843779 0.295618
v 15.418419 -9.652052 -0.295613
v 15.418419 -9.652052 0.295618
v 16.357698 -10.867876 -0.295613
v 16.357698 -10.867876 0.295619
v 17.064718 -11.046652 -0.295613
v 17.064718 -11.046652 0.295619
v 21.943987 -7.755976 -0.295613
v 21.943987 -7.755976 0.295618
v 21.936310 -7.349939 -0.295613
v 21.936310 -7.349939 0.295618
v 21.923513 -7.119654 -0.295613
v 20.984232 -7.204496 -0.295613
v 20.984232 -7.204496 0.295618
v 20.721899 -7.289343 -0.295613
v 20.721899 -7.289343 0.295618
v 20.536346 -7.496901 -0.295613
v 20.536346 -7.496901 0.295618
v 20.485159 -7.801428 -0.295613
v 20.485159 -7.801428 0.295618
v 20.462128 -7.962019 0.295618
v 20.339277 -7.998381 0.295618
v 20.771170 -6.878763 -0.295613
v 20.771170 -6.878763 0.295618
v 21.713648 -6.918154 -0.295613
v 21.713648 -6.918154 0.295618
v 22.263908 -6.925726 -0.295613
v 22.263908 -6.925726 0.295618
v 22.851276 -6.918154 -0.295613
v 22.851276 -6.918154 0.295618
v 23.812309 -6.878763 -0.295613
v 23.812309 -6.878763 0.295618
v 24.014500 -6.865129 -0.295613
v 24.014500 -6.865129 0.295618
v 24.088722 -6.480307 0.295618
v 24.219246 -6.453032 -0.295613
v 24.219246 -6.453032 0.295618
v 23.940277 -7.380243 -0.295613
v 23.940277 -7.380243 0.295618
v 22.550554 -8.234728 -0.295613
v 22.550554 -8.234728 0.295618
v 22.547995 -8.637732 -0.295613
v 22.547995 -8.637732 0.295618
v 22.554394 -9.980818 -0.295613
v 22.554394 -9.980818 0.295618
v 22.573586 -11.010290 0.295619
v 23.269730 -11.225428 0.295619
v 21.923513 -11.010290 -0.295613
v 21.923513 -11.010290 0.295619
v 24.902657 -7.831728 -0.295613
v 24.902657 -7.831728 0.295618
v 24.900097 -7.575682 -0.295613
v 24.900097 -7.575682 0.295618
v 24.892422 -7.340853 -0.295613
v 24.892422 -7.340853 0.295618
v 24.886021 -7.163591 -0.295613
v 24.886021 -7.163591 0.295618
v 24.436855 -6.840887 -0.295613
v 24.436855 -6.840887 0.295618
v 24.672314 -6.843916 -0.295613
v 24.672314 -6.843916 0.295618
v 24.950645 -6.855280 -0.295613
v 24.950645 -6.855280 0.295618
v 25.222576 -6.859068 -0.295613
v 25.222576 -6.859068 0.295618
v 25.482349 -6.855280 -0.295613
v 25.482349 -6.855280 0.295618
v 25.739563 -6.843916 -0.295613
v 25.739563 -6.843916 0.295618
v 25.953270 -6.840887 -0.295613
v 25.953270 -6.840887 0.295618
v 26.049244 -6.962091 -0.295613
v 26.049244 -6.962091 0.295618
v 25.542492 -7.049963 0.295618
v 25.526497 -7.265100 -0.295613
v 25.526497 -7.265100 0.295618
v 25.514339 -7.625681 -0.295613
v 25.514339 -7.625681 0.295618
v 25.502823 -8.058226 -0.295613
v 25.502823 -8.058226 0.295618
v 25.498985 -8.483198 -0.295613
v 25.498985 -8.483198 0.295618
v 25.498985 -8.786207 -0.295613
v 25.867531 -8.787722 -0.295613
v 25.867531 -8.787722 0.295618
v 26.563675 -8.792265 -0.295613
v 26.563675 -8.792265 0.295618
v 26.934780 -8.789232 -0.295613
v 26.934780 -8.789232 0.295618
v 27.270054 -8.780146 -0.295613
v 27.270054 -8.780146 0.295618
v 27.528549 -8.777113 -0.295613
v 27.528549 -8.777113 0.295618
v 27.674431 -8.768026 -0.295613
v 27.098576 -6.831793 0.295618
v 28.874763 -6.831793 0.295618
v 28.301472 -7.143896 -0.295613
v 28.301472 -7.143896 0.295618
v 28.298912 -7.316610 -0.295613
v 28.298912 -7.316610 0.295618
v 28.283554 -7.813547 -0.295613
v 28.283554 -7.813547 0.295618
v 28.273315 -8.619547 -0.295613
v 28.273315 -8.619547 0.295618
v 28.277157 -9.630846 -0.295613
v 28.277157 -9.630846 0.295618
v 28.301472 -10.715612 -0.295613
v 28.301472 -10.715612 0.295618
v 28.319382 -11.010290 -0.295613
v 28.874763 -11.225428 0.295619
v 27.098576 -11.225428 0.295619
v 27.664192 -10.749704 -0.295613
v 27.664192 -10.749704 0.295618
v 27.674431 -10.343672 -0.295613
v 27.674431 -10.343672 0.295618
v 27.674431 -8.992250 -0.295613
v 27.674431 -8.992250 0.295618
v 25.498985 -9.134668 -0.295613
v 25.542492 -11.010290 -0.295613
v 25.542492 -11.010290 0.295619
v 25.692215 -11.207247 -0.295613
v 25.692215 -11.207247 0.295619
v 24.719021 -11.207247 -0.295613
v 24.719021 -11.207247 0.295619
v 24.877060 -11.010290 -0.295613
v 24.877060 -11.010290 0.295619
v 24.896259 -10.173986 -0.295613
v 24.896259 -10.173986 0.295618
v 24.902657 -9.204359 -0.295613
v 24.902657 -9.204359 0.295618
v 29.823067 -8.305178 -0.295613
v 29.823067 -8.305178 0.295618
v 29.819225 -7.777185 -0.295613
v 29.819225 -7.777185 0.295618
v 29.803230 -7.318125 -0.295613
v 29.803230 -7.318125 0.295618
v 29.785954 -7.049963 -0.295613
v 29.785954 -7.049963 0.295618
v 29.240814 -6.962091 -0.295613
v 29.220341 -6.831793 0.295618
v 29.693180 -6.852247 -0.295613
v 29.693180 -6.852247 0.295618
v 30.154503 -6.859068 -0.295613
v 30.154503 -6.859068 0.295618
v 31.426498 -6.831793 -0.295613
v 31.426498 -6.831793 0.295618
v 31.736179 -6.522726 -0.295613
v 31.736179 -6.522726 0.295618
v 31.636364 -7.737795 -0.295613
v 31.636364 -7.737795 0.295618
v 31.574299 -7.221922 -0.295613
v 31.459770 -7.162077 -0.295613
v 31.459770 -7.162077 0.295618
v 31.300449 -7.117380 -0.295613
v 31.300449 -7.117380 0.295618
v 31.119373 -7.086325 -0.295613
v 31.119373 -7.086325 0.295618
v 30.749550 -7.045416 -0.295613
v 30.749550 -7.045416 0.295618
v 30.459064 -7.031782 0.295618
v 30.446907 -7.271917 -0.295613
v 30.446907 -7.271917 0.295618
v 30.424515 -8.277147 -0.295613
v 30.424515 -8.277147 0.295618
v 30.420673 -8.807417 -0.295613
v 30.420673 -8.807417 0.295618
v 30.762348 -8.799082 -0.295613
v 30.762348 -8.799082 0.295618
v 31.086102 -8.774084 -0.295613
v 31.086102 -8.774084 0.295618
v 31.348438 -8.742270 -0.295613
v 31.348438 -8.742270 0.295618
v 31.559582 -8.440775 -0.295613
v 31.444412 -9.122545 -0.295613
v 30.459064 -11.022409 0.295619
v 31.196159 -10.970900 -0.295613
v 31.196159 -10.970900 0.295619
v 31.491119 -10.909540 -0.295613
v 31.491119 -10.909540 0.295619
v 31.715702 -10.810308 0.295618
v 31.861588 -10.892118 -0.295613
v 31.861588 -10.892118 0.295619
v 31.810398 -11.328451 -0.295613
v 31.810398 -11.328451 0.295619
v 31.669636 -11.634489 -0.295613
v 31.565342 -11.240580 -0.295613
v 31.565342 -11.240580 0.295619
v 30.018856 -11.201189 -0.295613
v 30.018856 -11.201189 0.295619
v 29.220341 -11.225428 0.295619
v 29.248493 -11.095137 -0.295613
v 29.347027 -11.079981 0.295619
v 29.656708 -11.037561 -0.295613
v 29.656708 -11.037561 0.295619
v 29.785954 -11.010290 0.295619
v 29.803871 -10.749704 -0.295613
v 29.803871 -10.749704 0.295618
v 29.812832 -10.522448 -0.295613
v 29.812832 -10.522448 0.295618
v 29.819225 -10.252768 -0.295613
v 29.819225 -10.252768 0.295618
v 29.823067 -9.647505 -0.295613
v 29.823067 -9.647505 0.295618
v 29.824348 -9.074064 -0.295613
v 29.824348 -9.074064 0.295618
v 29.824348 -8.786207 -0.295613
v 29.824348 -8.786207 0.295618
v 34.683140 -9.397528 -0.295613
v 34.683140 -9.397528 0.295618
v 34.690819 -10.064905 -0.295613
v 34.690819 -10.064905 0.295618
v 34.694660 -10.670923 -0.295613
v 34.694660 -10.670923 0.295618
v 34.706173 -11.010290 -0.295613
v 34.924358 -11.207247 -0.295613
v 34.924358 -11.207247 0.295619
v 33.901901 -11.207247 -0.295613
v 33.901901 -11.207247 0.295619
v 33.510960 -11.095137 0.295619
v 34.068897 -11.010290 -0.295613
v 34.068897 -11.010290 0.295619
v 34.094490 -7.819605 -0.295613
v 34.094490 -7.819605 0.295618
v 34.082973 -7.351458 -0.295613
v 34.082973 -7.351458 0.295618
v 34.068897 -7.049963 -0.295613
v 33.490482 -6.831793 -0.295613
v 33.490482 -6.831793 0.295618
v 35.916748 -7.007540 -0.295613
v 35.916748 -7.007540 0.295618
v 36.431175 -7.771124 0.295618
v 36.331360 -8.322599 0.295618
v 36.070305 -8.755903 0.295618
v 34.969784 -9.364950 0.295618
v 34.985146 -9.210421 -0.295613
v 35.200127 -9.122545 -0.295613
v 35.200127 -9.122545 0.295618
v 35.333214 -9.042246 -0.295613
v 35.333214 -9.042246 0.295618
v 35.471416 -8.928617 -0.295613
v 35.471416 -8.928617 0.295618
v 35.709438 -8.565008 0.295618
v 35.806690 -7.992319 -0.295613
v 35.698559 -7.487810 -0.295613
v 35.698559 -7.487810 0.295618
v 35.384403 -7.149958 -0.295613
v 35.384403 -7.149958 0.295618
v 34.694660 -7.259798 -0.295613
v 34.694660 -7.259798 0.295618
v 34.690819 -7.677191 -0.295613
v 34.690819 -7.677191 0.295618
v 34.683140 -8.158220 -0.295613
v 34.683140 -8.158220 0.295618
v 34.680580 -8.607428 -0.295613
v 34.680580 -8.607428 0.295618
v 34.680580 -8.868017 -0.295613
v 34.680580 -8.868017 0.295618
v 39.200451 -11.010290 -0.295613
v 39.200451 -11.010290 0.295619
v 38.924042 -10.040663 -0.295613
v 38.924042 -10.040663 0.295618
v 38.760883 -9.502062 -0.295613
v 38.760883 -9.502062 0.295618
v 38.415371 -9.194513 -0.295613
v 38.415371 -9.194513 0.295618
v 38.053864 -9.210421 -0.295613
v 38.053864 -9.210421 0.295618
v 37.687878 -9.240717 -0.295613
v 37.687878 -9.240717 0.295618
v 37.439621 -9.271017 0.295618
v 37.268143 -9.986120 -0.295613
v 37.268143 -9.986120 0.295618
v 37.147854 -10.542143 -0.295613
v 37.147854 -10.542143 0.295618
v 37.073635 -11.010290 0.295619
v 37.524078 -11.095137 -0.295613
v 36.753716 -11.201189 -0.295613
v 36.753716 -11.201189 0.295619
v 36.444035 -11.207247 -0.295613
v 36.444035 -11.207247 0.295619
v 36.162506 -11.095137 -0.295613
v 36.162506 -11.095137 0.295619
v 36.720444 -10.733038 -0.295613
v 36.720444 -10.733038 0.295618
v 36.889362 -10.252768 -0.295613
v 36.889362 -10.252768 0.295618
v 37.091549 -9.639174 -0.295613
v 37.091549 -9.639174 0.295618
v 37.309097 -8.968008 -0.295613
v 37.309097 -8.968008 0.295618
v 37.710915 -7.708250 -0.295613
v 37.710915 -7.708250 0.295618
v 37.918221 -7.043901 -0.295613
v 37.498486 -6.831793 -0.295613
v 37.498486 -6.831793 0.295618
v 39.075043 -6.831793 0.295618
v 38.660431 -7.043901 0.295618
v 40.385429 -11.095137 -0.295613
v 40.279858 -11.214823 -0.295613
v 40.279858 -11.214823 0.295619
v 39.530609 -11.201189 -0.295613
v 39.530609 -11.201189 0.295619
v 39.084000 -11.207247 -0.295613
v 39.084000 -11.207247 0.295619
v 38.645073 -11.225428 0.295619
v 38.670666 -11.095137 -0.295613
v 38.069218 -7.149958 -0.295613
v 37.513844 -8.980131 -0.295613
v 38.614365 -9.004370 -0.295613
v 38.614365 -9.004370 0.295618
v 40.439240 -9.828554 -0.295613
v 40.439240 -9.828554 0.295618
v 40.559528 -9.867949 -0.295613
v 40.559528 -9.867949 0.295618
v 40.595360 -10.413363 -0.295613
v 40.595360 -10.413363 0.295618
v 40.735485 -10.686071 -0.295613
v 40.735485 -10.686071 0.295618
v 41.151379 -11.041349 -0.295613
v 41.151379 -11.041349 0.295619
v 41.705479 -11.033018 -0.295613
v 41.705479 -11.033018 0.295619
v 41.944138 -10.864847 -0.295613
v 41.944138 -10.864847 0.295619
v 42.098976 -10.620928 -0.295613
v 42.098976 -10.620928 0.295618
v 42.153999 -10.307310 -0.295613
v 42.153999 -10.307310 0.295618
v 42.100254 -9.964911 -0.295613
v 42.100254 -9.964911 0.295618
v 40.630550 -8.312754 -0.295613
v 40.630550 -8.312754 0.295618
v 40.559528 -7.849905 -0.295613
v 40.559528 -7.849905 0.295618
v 40.619671 -7.474936 -0.295613
v 40.619671 -7.474936 0.295618
v 40.960705 -6.972696 -0.295613
v 40.960705 -6.972696 0.295618
v 41.371479 -6.784071 -0.295613
v 41.371479 -6.784071 0.295618
v 41.639572 -6.759073 -0.295613
v 41.639572 -6.759073 0.295618
v 42.064423 -6.795435 -0.295613
v 42.064423 -6.795435 0.295618
v 42.345951 -6.871187 -0.295613
v 42.345951 -6.871187 0.295618
v 42.440647 -6.368193 -0.295613
v 42.440647 -6.368193 0.295618
v 42.560940 -6.350012 -0.295613
v 42.560940 -6.350012 0.295618
v 42.435532 -8.049891 -0.295613
v 42.435532 -8.049891 0.295618
v 42.315239 -7.986261 -0.295613
v 42.315239 -7.986261 0.295618
v 42.294765 -7.516596 -0.295613
v 42.294765 -7.516596 0.295618
v 42.215427 -7.331003 -0.295613
v 42.215427 -7.331003 0.295618
v 41.855198 -7.007540 -0.295613
v 41.855198 -7.007540 0.295618
v 41.306858 -7.009054 -0.295613
v 41.306858 -7.009054 0.295618
v 41.109791 -7.156015 -0.295613
v 41.109791 -7.156015 0.295618
v 40.996536 -7.359785 -0.295613
v 40.996536 -7.359785 0.295618
v 40.958786 -7.577196 -0.295613
v 40.958786 -7.577196 0.295618
v 41.018929 -7.846876 -0.295613
v 41.018929 -7.846876 0.295618
v 41.189125 -8.074133 -0.295613
v 41.189125 -8.074133 0.295618
v 41.427784 -8.280935 -0.295613
v 41.427784 -8.280935 0.295618
v 41.713795 -8.495317 -0.295613
v 41.713795 -8.495317 0.295618
v 42.036915 -8.748331 -0.295613
v 42.036915 -8.748331 0.295618
v 42.315239 -9.046793 -0.295613
v 42.315239 -9.046793 0.295618
v 42.514233 -9.433886 -0.295613
v 42.514233 -9.433886 0.295618
v 42.589092 -9.946730 -0.295613
v 42.589092 -9.946730 0.295618
v 42.491837 -10.517900 -0.295613
v 42.491837 -10.517900 0.295618
v 42.215424 -10.940599 -0.295613
v 42.215424 -10.940599 0.295619
v 41.803371 -11.208006 -0.295613
v 41.803371 -11.208006 0.295619
v 41.299179 -11.301180 -0.295613
v 41.299179 -11.301180 0.295619
v 41.102108 -11.288301 -0.295613
v 41.102108 -11.288301 0.295619
v 40.716290 -11.205732 -0.295613
v 40.716290 -11.205732 0.295619
v 40.574886 -11.146646 -0.295613
v 40.574886 -11.146646 0.295619
v 40.459713 -11.792055 -0.295613
v 40.459713 -11.792055 0.295619
v 40.339424 -11.828417 -0.295613
v 40.339424 -11.828417 0.295619
v 44.396057 -7.755976 -0.295613
v 44.396057 -7.755976 0.295618
v 44.388378 -7.349939 -0.295613
v 44.388378 -7.349939 0.295618
v 44.375580 -7.119654 -0.295613
v 43.436302 -7.204496 -0.295613
v 43.436302 -7.204496 0.295618
v 43.173969 -7.289343 -0.295613
v 43.173969 -7.289343 0.295618
v 43.016571 -7.380243 0.295618
v 42.791348 -7.998381 -0.295613
v 42.990971 -6.459093 -0.295613
v 43.024242 -6.865129 -0.295613
v 43.024242 -6.865129 0.295618
v 43.223232 -6.878763 -0.295613
v 43.223232 -6.878763 0.295618
v 44.165714 -6.918154 -0.295613
v 44.165714 -6.918154 0.295618
v 44.715977 -6.925726 -0.295613
v 44.715977 -6.925726 0.295618
v 45.303341 -6.918154 -0.295613
v 45.303341 -6.918154 0.295618
v 46.264381 -6.878763 -0.295613
v 46.264381 -6.878763 0.295618
v 46.466564 -6.865129 -0.295613
v 46.540787 -6.480307 -0.295613
v 46.671314 -6.453032 -0.295613
v 46.671314 -6.453032 0.295618
v 46.382111 -8.016562 -0.295613
v 46.382111 -8.016562 0.295618
v 46.392349 -7.380243 -0.295613
v 46.392349 -7.380243 0.295618
v 45.025654 -7.119654 -0.295613
v 45.025654 -7.119654 0.295618
v 45.002621 -8.234728 -0.295613
v 45.002621 -8.234728 0.295618
v 45.006462 -9.980818 -0.295613
v 45.006462 -9.980818 0.295618
v 45.025654 -11.010290 -0.295613
v 45.025654 -11.010290 0.295619
v 45.701321 -11.095137 -0.295613
v 45.269432 -11.207247 -0.295613
v 45.269432 -11.207247 0.295619
v 44.695496 -11.201189 -0.295613
v 44.695496 -11.201189 0.295619
v 44.156120 -11.207247 -0.295613
v 44.156120 -11.207247 0.295619
v 44.375580 -11.010290 -0.295613
v 44.394775 -9.983847 -0.295613
v 44.394775 -9.983847 0.295618
vn -0.0000 -0.0000 1.0000
vn -0.0000 -0.0000 -1.0000
vn -0.8307 -0.5557 0.0339
vn -0.7447 -0.6668 0.0282
vn -0.0010 -0.9492 0.3147
vn -0.3685 0.9296 -0.0000
vn 0.0964 0.9953 -0.0000
vn 0.7345 -0.6787 -0.0000
vn 0.7086 0.7056 -0.0000
vn -0.0010 -0.9492 -0.3147
vn -0.7485 -0.6631 0.0002
vn -0.8278 -0.5609 -0.0100
vn 0.0264 -0.9997 -0.0000
vn -0.7644 -0.6447 -0.0000
vn 0.2137 -0.8939 0.3941
vn -0.7738 -0.6305 0.0604
vn -0.0787 -0.9081 0.4114
vn 0.9217 0.3879 -0.0000
vn 0.9998 0.0185 -0.0000
vn 0.9997 -0.0250 -0.0000
vn 0.7711 0.6367 -0.0000
vn 0.7992 -0.6011 -0.0000
vn 0.0268 -0.9996 -0.0000
vn -0.2997 -0.9540 -0.0000
vn 0.3203 -0.9473 -0.0000
vn 0.9919 0.0415 -0.1198
vn 0.8043 -0.5942 -0.0000
vn -0.0792 0.9969 -0.0000
vn -0.7071 0.7072 -0.0000
vn 0.7516 0.6597 -0.0000
vn 0.1883 -0.9821 -0.0000
vn 0.7495 -0.6621 -0.0000
vn -0.7098 -0.7044 -0.0000
vn -0.9502 -0.3118 -0.0000
vn -0.9999 0.0171 -0.0000
vn 0.9875 -0.1576 -0.0000
vn 0.7821 -0.6232 -0.0000
vn 0.7762 -0.6305 -0.0000
vn 0.7764 -0.6303 -0.0000
vn -0.7335 -0.6797 -0.0000
vn -0.7010 -0.7132 -0.0000
vn -0.1990 0.9800 -0.0000
vn 0.6175 0.7866 -0.0000
vn -0.0000 1.0000 -0.0000
vn -0.6865 0.7272 -0.0000
vn -0.7478 0.6639 -0.0000
vn 0.7768 0.6298 -0.0000
vn -0.0869 -0.9627 0.2562
vn -0.1382 -0.9904 -0.0000
vn -0.8170 -0.5766 -0.0000
vn 0.6992 -0.7141 0.0343
vn 0.9942 -0.1078 -0.0000
vn 0.8375 0.5464 -0.0000
vn -0.9209 -0.0896 -0.3793
vn 0.9997 0.0216 -0.0149
vn 0.9784 -0.2031 -0.0393
vn -0.0084 1.0000 -0.0000
vn -0.7728 0.6346 -0.0000
vn -0.7220 0.6919 -0.0000
vn -0.9659 0.2591 -0.0000
vn -0.7315 0.6818 -0.0000
vn 0.8196 0.5729 -0.0000
vn -0.4133 0.9106 -0.0000
vn 0.4488 0.8916 0.0606
vn 0.1256 0.9921 -0.0000
vn -1.0000 -0.0000 -0.0000
vn -0.8375 0.5464 -0.0000
vn 0.9999 -0.0059 -0.0107
vn 0.8572 0.5149 -0.0070
vn 0.8230 -0.5680 -0.0082
vn 0.7126 -0.7015 -0.0068
vn 1.0000 -0.0000 -0.0000
vn 0.7142 -0.6999 -0.0012
vn -0.9982 0.0599 -0.0000
vn 0.9932 0.1164 -0.0000
vn -0.9907 -0.1358 -0.0000
vn -0.8497 0.5272 -0.0000
vn -0.9905 0.1376 -0.0000
vn 0.9833 0.1818 -0.0000
vn 0.8178 0.5722 0.0609
vn -0.7525 -0.6586 0.0003
vn 0.0635 -0.9980 0.0005
vn -0.9999 0.0152 -0.0000
vn 0.8515 0.5244 -0.0000
vn 0.9911 -0.1335 -0.0000
vn 0.0055 1.0000 -0.0000
vn 0.4587 0.8886 -0.0000
vn -0.9818 0.1897 -0.0000
vn -0.8006 -0.5992 -0.0000
vn -0.6927 0.7212 -0.0000
vn -0.7697 0.6384 -0.0000
vn 0.9997 -0.0251 -0.0000
vn 0.0375 -0.9989 -0.0264
vn -0.9140 -0.2730 0.3000
vn -0.9453 0.0838 0.3154
vn 0.9907 -0.0439 -0.1286
vn -0.9435 0.2166 0.2509
vn -0.9634 -0.0444 0.2643
vn -0.8302 -0.5544 0.0584
vn -0.6453 0.7617 -0.0580
vn -0.9994 0.0356 -0.0000
vn 0.3104 0.9506 -0.0000
vn -0.7862 0.6180 -0.0000
vn -0.0344 -0.9994 -0.0000
vn -0.4167 -0.9091 -0.0000
vn 0.7522 -0.6590 -0.0000
vn -0.0918 0.9958 -0.0000
vn -0.7112 0.7030 -0.0000
vn 0.7471 0.6648 -0.0000
vn 0.1549 0.9879 -0.0000
vn -0.7115 -0.7001 -0.0604
vn 0.1111 -0.9938 -0.0000
vn 0.7931 -0.6056 -0.0652
vn 0.7045 -0.7057 -0.0755
vn -0.1664 0.9861 -0.0000
vn -0.7298 0.6837 -0.0000
vn 0.2240 0.9746 -0.0000
vn 0.9931 -0.1169 -0.0000
vn -0.0724 -0.9974 -0.0000
vn 0.0655 -0.9917 -0.1110
vn -0.6675 -0.7443 -0.0215
vn -0.6616 -0.7472 -0.0629
vn -0.9745 -0.2193 -0.0474
vn -0.9997 0.0014 -0.0236
vn 0.2172 0.9761 -0.0000
vn -0.9995 -0.0323 -0.0000
vn -0.8040 0.5946 -0.0000
vn -0.8295 0.5556 0.0576
vn -0.7966 -0.6045 -0.0000
vn -0.8243 0.5662 -0.0000
vn -0.9925 -0.0100 -0.1221
vn -0.9563 0.2741 -0.1016
vn -0.9801 -0.1806 -0.0821
vn -0.9985 0.0553 -0.0000
vn 0.9987 0.0504 -0.0000
vn -0.8831 -0.4691 -0.0000
vn -0.2437 0.9698 -0.0000
vn 0.6922 0.7217 -0.0000
vn 0.7611 0.6410 -0.0991
vn 0.1327 -0.9904 -0.0389
vn -0.7515 -0.6569 0.0621
vn -0.2155 -0.9765 -0.0031
vn -0.8041 -0.5945 -0.0000
vn -0.7765 -0.6301 -0.0000
vn 0.8391 0.5439 -0.0000
vn 0.3433 0.9392 -0.0000
vn 0.9346 -0.1154 0.3365
vn -0.1026 -0.9947 -0.0000
vn 0.8959 0.4400 -0.0615
vn 0.7002 -0.7139 -0.0000
vn -0.8048 -0.5935 -0.0000
vn 0.4340 -0.9009 -0.0000
vn -0.7996 -0.6005 -0.0000
vn 0.1815 0.9177 -0.3535
vn 0.4432 0.8336 -0.3298
vn 0.1542 0.9880 -0.0000
vn -0.2161 -0.9764 -0.0000
vn 0.6917 -0.7222 -0.0000
vn -0.0000 -1.0000 -0.0000
vn -0.9917 -0.1285 -0.0000
vn 0.9904 -0.1382 -0.0000
vn -0.8500 -0.5268 -0.0000
vn -0.8086 -0.5884 -0.0000
vn 0.5166 -0.8552 -0.0427
vn 0.5737 -0.8185 -0.0292
vn 0.3857 -0.9199 -0.0710
vn 0.9587 0.2828 -0.0310
vn 0.9987 -0.0139 -0.0498
vn -0.8907 -0.4547 -0.0000
vn -0.3415 -0.9399 -0.0000
vn 0.1219 0.8023 0.5844
vn 0.9966 -0.0819 -0.0000
vn 0.2617 -0.9640 0.0466
vn -0.0418 -0.9989 0.0191
vn -0.7200 -0.6913 -0.0610
vn -0.7622 -0.6474 -0.0000
vn -0.9919 -0.1268 -0.0000
vn 0.7185 0.6955 -0.0000
vn 0.6184 -0.7859 -0.0000
vn -0.8515 0.5244 -0.0000
vn -0.8101 -0.5863 -0.0000
vn 0.4205 -0.9073 -0.0000
vn 0.3749 -0.9271 -0.0000
vn -0.9014 -0.4330 -0.0000
vn -0.9976 0.0697 -0.0000
vn 0.7101 -0.7041 -0.0000
vn 0.0145 0.9999 -0.0000
vn -0.8783 -0.4781 -0.0000
vn -0.9977 -0.0681 -0.0000
vn -0.9496 0.3135 -0.0000
vn -0.5733 -0.8193 -0.0000
vn 0.7024 -0.7117 -0.0000
vn -0.7941 -0.6078 -0.0000
vn -0.6911 0.7228 -0.0000
vn -0.2301 0.9732 -0.0000
vn 0.0367 0.9993 0.0091
vn 0.9303 -0.2302 -0.2854
vn 0.9376 0.2077 -0.2788
vn -0.9893 0.1431 0.0280
vn 0.6704 0.7391 0.0651
vn 0.5594 -0.8289 -0.0000
vn -0.8662 -0.4997 -0.0000
vn 0.3777 0.9259 -0.0000
vn 0.9901 -0.1400 -0.0000
vn 0.8525 0.5228 -0.0000
vn 0.9528 0.3037 -0.0000
vn 0.6931 0.7208 -0.0000
vn 0.9005 -0.4348 -0.0000
vn -0.8499 0.5269 -0.0000
vn -0.8045 -0.5940 -0.0000
vn 0.4656 0.8850 -0.0000
vn -0.0499 -0.9988 -0.0000
vn 0.6768 -0.7362 -0.0000
vn 0.2667 -0.9638 -0.0000
vn 0.3429 -0.9394 -0.0000
vn 0.8286 -0.5599 -0.0000
vn -0.3906 0.9206 -0.0000
vn -0.9225 0.3861 -0.0000
vn 0.9971 -0.0755 -0.0000
vn 0.9243 0.3816 -0.0000
vn 0.5791 0.8153 -0.0000
vn 0.2212 0.9752 -0.0000
vn 0.4686 0.8834 -0.0000
vn 0.0170 0.9999 -0.0000
vn 0.8441 -0.5361 -0.0000
vn 1.0000 0.0046 -0.0000
vn -0.9984 -0.0568 -0.0000
vn 0.9979 -0.0652 -0.0000
vn -0.7019 -0.7122 -0.0000
vn -0.8472 0.5312 -0.0000
vn -0.2965 0.9537 -0.0497
vn 0.0301 0.9994 -0.0174
vn 0.8362 0.5484 -0.0000
vn 0.7234 -0.6904 -0.0000
vn -0.9435 0.2166 0.2510
vn -0.7183 0.6957 -0.0125
vn 0.8372 -0.5442 -0.0536
vn 0.9500 0.2682 -0.1601
vn 0.9836 -0.0327 -0.1772
vn -0.1929 -0.9812 -0.0032
vn 0.6991 -0.7150 -0.0022
vn 0.7069 -0.7073 -0.0000
vn 0.9996 0.0266 -0.0000
vn 0.8358 0.5491 -0.0000
vn 0.9998 0.0194 0.0002
vn 0.7083 0.7059 0.0002
vn -0.6895 0.7222 0.0547
vn 0.5550 0.7975 0.2367
vn 0.0514 0.9575 0.2839
vn 0.9865 -0.1572 -0.0460
vn -0.9985 -0.0539 -0.0000
vn 0.9990 -0.0453 -0.0000
vn 0.9991 -0.0424 -0.0000
vn 0.8372 -0.5442 0.0536
vn 0.7872 -0.6143 0.0546
vn 1.0000 0.0005 -0.0001
vn 0.6919 0.7219 -0.0001
vn 0.8502 -0.5245 0.0466
vn 0.9995 0.0319 -0.0000
vn 0.7908 0.6121 -0.0000
vn -0.9646 -0.0398 0.2606
vn -0.6905 0.7234 -0.0000
vn -0.6172 -0.7868 -0.0000
vn -0.8895 0.4569 -0.0000
vn -0.3166 0.9486 -0.0000
vn 0.3505 0.9366 -0.0000
vn -0.0000 0.9993 0.0368
vn -0.9465 0.2391 -0.2169
vn -0.9375 -0.2583 -0.2331
vn 0.9899 -0.0347 -0.1371
vn 0.9993 -0.0366 -0.0000
vn 0.1649 -0.9863 -0.0000
vn 0.1694 0.9855 -0.0000
vn -0.9988 -0.0471 0.0121
vn -0.9834 0.1776 0.0366
vn -0.8331 -0.5497 -0.0611
vn -0.9978 -0.0666 -0.0000
vn 0.9978 -0.0666 -0.0000
vn 0.7605 0.6493 -0.0000
vn -0.2624 0.9648 0.0176
vn -0.8298 0.5580 0.0102
vn -0.9979 0.0201 -0.0620
vn -0.9290 -0.3631 -0.0712
vn -0.1320 -0.9912 -0.0000
vn -0.7291 -0.6844 -0.0000
vn 0.9892 -0.0090 -0.1465
vn 0.9438 -0.3068 -0.1231
vn -0.9609 -0.2769 -0.0000
vn 0.8941 -0.4478 -0.0000
vn 0.5588 0.8293 -0.0000
vn -0.7467 0.6652 -0.0000
vn -0.8319 0.5522 0.0559
vn -0.8090 -0.5878 -0.0000
vn 0.9998 -0.0216 -0.0000
vn -0.9997 0.0226 -0.0000
vn -0.8035 0.5953 -0.0000
vn -0.8274 0.5585 0.0592
vn -1.0000 0.0011 0.0004
vn -0.8553 -0.5162 -0.0445
vn -0.7914 -0.6090 -0.0525
vn 0.8007 -0.5991 -0.0000
vn -0.9994 -0.0345 -0.0000
vn -0.8207 -0.5686 -0.0568
vn -0.7524 -0.6587 -0.0000
vn -0.9999 0.0170 -0.0000
vn -0.9375 0.3479 -0.0000
vn -0.7389 0.6738 -0.0000
vn -0.9533 0.3021 -0.0000
vn -0.9500 -0.3123 -0.0000
vn -0.8319 0.5522 -0.0559
vn 0.9982 0.0605 -0.0000
vn 0.9402 -0.3406 -0.0000
vn 0.7352 -0.6779 -0.0000
vn -0.5710 -0.8209 -0.0000
vn 0.4761 0.8794 -0.0000
vn 0.9209 0.3897 -0.0000
vn -0.4519 0.8921 -0.0000
vn 0.0785 -0.9969 -0.0000
vn 0.6627 -0.7489 -0.0000
vn 0.9392 -0.3433 -0.0000
vn 1.0000 0.0036 -0.0000
vn 0.7325 -0.6807 -0.0000
vn 0.8190 0.5708 0.0588
vn -0.8509 -0.5253 -0.0000
vn -0.9878 0.1559 -0.0000
vn 0.9272 0.0902 0.3637
vn -0.9394 0.0958 -0.3292
vn -0.9942 -0.1078 -0.0000
vn -0.0059 -1.0000 -0.0000
vn 0.8641 0.5033 -0.0000
vn -0.9391 -0.1159 -0.3236
vn -0.6992 0.7149 -0.0000
vn -0.8101 -0.5846 -0.0440
vn 0.7984 0.6021 -0.0000
vn 0.0193 0.9998 -0.0000
vn -0.8036 -0.5952 -0.0000
vn 0.4243 0.9055 -0.0000
vn 0.6808 -0.7324 -0.0014
vn 0.9953 -0.0966 -0.0009
vn 0.0329 0.9995 -0.0000
vn -0.0312 -0.9995 -0.0000
vn 0.9315 -0.3637 -0.0000
vn -0.8175 -0.5760 -0.0000
vn -0.3687 -0.9295 -0.0000
vn 0.6955 -0.7185 0.0022
vn -0.9160 -0.2782 0.2890
vn -0.9075 0.4148 0.0663
vn -0.9498 0.0687 0.3052
vn 0.9974 0.0724 -0.0000
vn -0.0320 -0.9993 -0.0183
vn -0.9387 -0.2133 0.2708
vn -0.9565 0.0669 0.2838
vn 0.8730 0.4878 -0.0000
vn -0.7059 -0.7072 -0.0398
vn -0.8121 -0.5813 -0.0501
vn 0.8268 -0.5595 -0.0576
vn -0.9854 0.1702 -0.0000
vn -0.9424 -0.3346 -0.0000
vn -0.8277 0.5580 -0.0589
vn -0.9076 -0.2724 -0.3195
vn -0.9383 0.0870 -0.3347
vn 0.9414 -0.3372 -0.0000
vn 0.9851 0.1721 -0.0000
vn 0.9909 -0.0496 -0.1251
vn 0.0377 -0.9989 -0.0277
vn -0.8528 0.5222 -0.0000
vn -0.9998 -0.0163 0.0148
vn -0.9709 -0.2364 0.0386
vn -0.8293 -0.5558 0.0577
vn 0.5038 0.8638 -0.0000
vn 0.8030 0.5960 -0.0000
vn 0.9998 0.0093 -0.0163
vn 0.9761 -0.2137 -0.0404
vn 0.8002 -0.5997 -0.0000
vn 0.0674 -0.9977 -0.0000
vn -0.8277 0.5580 0.0589
vn -0.9920 0.0404 -0.1197
vn 0.9717 -0.0380 0.2329
vn 0.9280 0.3023 0.2176
vn 0.9981 0.0614 -0.0000
vn -0.9984 0.0566 -0.0000
vn 0.0444 -0.9987 -0.0266
vn -0.9227 -0.2985 0.2439
vn -0.9643 0.0497 0.2602
vn -1.0000 0.0089 -0.0000
vn -0.9089 -0.4169 -0.0000
vn 0.7967 0.6044 -0.0000
vn -1.0000 -0.0082 -0.0000
vn -0.9123 0.2679 0.3096
vn -0.9419 -0.0901 0.3236
vn 0.9686 -0.2486 -0.0000
vn -0.2537 -0.9673 -0.0000
vn 0.8539 0.5204 -0.0000
vn -0.0012 1.0000 -0.0000
vn -0.6198 0.7848 -0.0000
vn -0.9915 0.1297 -0.0000
vn 0.0368 -0.9990 0.0248
vn 0.9907 -0.0393 0.1302
vn -0.0000 0.9984 0.0566
vn 0.1752 -0.9845 -0.0000
vn -0.6860 -0.7276 -0.0000
vn -0.7103 -0.6971 -0.0975
vn 0.7321 0.6812 -0.0000
vn -0.6988 -0.7153 -0.0000
vn -0.6463 0.7631 -0.0000
vn 0.7070 -0.7072 -0.0000
vn -0.4991 -0.8665 -0.0000
vn -0.4007 0.9162 -0.0000
vn -0.0344 -0.9987 -0.0374
vn 0.9601 0.2798 -0.0000
vn -0.4777 0.8785 -0.0000
vn -0.7935 0.6086 -0.0000
vn -0.9744 0.2250 -0.0000
vn 0.5613 0.8276 -0.0000
vn -0.9723 -0.2337 -0.0000
vn -0.7961 -0.6052 -0.0000
vn -0.4774 -0.8787 -0.0000
vn -0.0269 -0.9996 -0.0000
vn 0.3945 -0.9189 -0.0000
vn 0.7263 -0.6874 -0.0000
vn -0.0025 1.0000 -0.0000
vn 0.7882 0.6154 -0.0000
vn 0.2624 -0.9650 -0.0000
vn -0.0473 -0.9969 0.0630
vn -0.8309 -0.5549 0.0422
vn -0.7530 -0.6570 0.0364
vn -0.0338 0.9992 -0.0210
vn -0.7183 0.6956 -0.0125
vn -0.1740 -0.9847 -0.0017
vn -0.8277 0.5583 0.0572
vn 0.8806 -0.4738 -0.0000
vn 0.9591 -0.2830 -0.0000
vn -0.7519 -0.6592 -0.0000
vn 0.7894 -0.6138 -0.0000
vn -1.0000 0.0023 -0.0000
vn -0.7261 0.6876 -0.0000
vn -0.0463 0.9986 -0.0254
vn -0.0663 -0.9978 -0.0000
vn -0.8027 0.5964 -0.0000
vn -0.7118 -0.7023 -0.0000
vn 0.9371 -0.3491 -0.0000
vn 0.7020 -0.7122 -0.0000
vn -0.6940 0.7200 -0.0000
vn -0.9328 0.3603 -0.0000
vn -0.9998 -0.0212 -0.0000
vn 0.7047 0.7095 -0.0000
vn -0.6498 -0.7601 -0.0000
vn -0.8581 0.5135 -0.0000
vn -0.8918 -0.4525 -0.0000
vn 0.3202 0.9474 -0.0000
vn -0.5014 0.8652 -0.0000
vn 0.0369 0.9990 -0.0235
vn 0.9786 -0.2059 -0.0000
vn -0.9499 0.3126 -0.0000
vn -0.9573 -0.2892 -0.0000
vn 0.8207 0.5713 -0.0000
vn 0.9648 0.2629 -0.0000
vn -0.6549 0.7557 -0.0000
vn -0.9317 0.3632 -0.0000
vn -0.7283 0.6852 -0.0000
vn -0.9342 0.3568 -0.0000
vn -0.9097 -0.4153 -0.0000
vn -1.0000 0.0034 -0.0000
vn 0.3247 -0.9458 -0.0000
vn 0.0890 0.9960 -0.0000
vn -0.6597 0.7515 -0.0000
vn -0.1730 0.9849 -0.0000
vn -0.9990 -0.0450 -0.0000
vn 0.9990 -0.0446 -0.0000
vn -0.7336 0.6796 -0.0000
vn 0.7511 0.6602 -0.0000
vn 0.5715 -0.8206 -0.0000
vn -0.8653 -0.5012 -0.0000
vn -0.7965 0.6047 -0.0000
vn -0.9757 -0.2193 -0.0000
vn -0.1430 -0.9897 -0.0000
vn -0.2009 -0.9796 0.0031
vn 0.7576 -0.6527 -0.0000
vn 0.9440 -0.3300 -0.0000
vn 0.9997 0.0234 -0.0000
vn 0.8738 0.4864 -0.0000
vn 0.7995 0.6007 -0.0000
vn 0.9533 0.3021 -0.0000
vn 0.9999 -0.0117 -0.0000
vn 0.9328 -0.3603 -0.0000
vn 0.7109 -0.7033 -0.0000
vn 0.7770 -0.6295 -0.0000
vn 0.7962 0.6050 -0.0000
vn 0.6793 0.7339 -0.0000
vt 0.047619 0.000000
vt 0.952381 0.000000
vt 0.904762 0.000000
vt 0.825397 0.000000
vt 0.793651 0.000000
vt 0.682540 0.000000
vt 0.587302 0.000000
vt 0.539683 0.000000
vt 0.444444 0.000000
vt 0.428571 0.000000
vt 0.396825 0.000000
vt 0.269841 0.000000
vt 0.222222 0.000000
vt 0.190476 0.000000
vt 0.174603 0.000000
vt 0.111111 0.000000
vt 0.717949 0.000000
vt 0.743590 0.000000
vt 0.769231 0.000000
vt 0.794872 0.000000
vt 0.256410 0.000000
vt 0.282051 0.000000
vt 0.358974 0.000000
vt 0.410256 0.000000
vt 0.461538 0.000000
vt 0.695652 0.000000
vt 0.673913 0.000000
vt 0.630435 0.000000
vt 0.576087 0.000000
vt 0.532609 0.000000
vt 0.500000 0.000000
vt 0.467391 0.000000
vt 0.445652 0.000000
vt 0.402174 0.000000
vt 0.347826 0.000000
vt 0.282609 0.000000
vt 0.250000 0.000000
vt 0.173913 0.000000
vt 0.152174 0.000000
vt 0.054348 0.000000
vt 0.032609 0.000000
vt 0.923913 0.000000
vt 0.869565 0.000000
vt 0.782609 0.000000
vt 0.750000 0.000000
vt 0.619048 0.000000
vt 0.650794 0.000000
vt 0.698413 0.000000
vt 1.000000 0.000000
vt 0.492063 0.000000
vt 0.858824 0.000000
vt 0.917647 0.000000
vt 0.964706 0.000000
vt 0.011765 0.000000
vt 0.047059 0.000000
vt 0.152941 0.000000
vt 0.176471 0.000000
vt 0.258824 0.000000
vt 0.329412 0.000000
vt 0.364706 0.000000
vt 0.423529 0.000000
vt 0.470588 0.000000
vt 0.564706 0.000000
vt 0.635294 0.000000
vt 0.647059 0.000000
vt 0.717647 0.000000
vt 0.741176 0.000000
vt 0.800000 0.000000
vt 0.206349 0.000000
vt 0.158730 0.000000
vt 0.079365 0.000000
vt 0.920635 0.000000
vt 0.857143 0.000000
vt 0.841270 0.000000
vt 0.761905 0.000000
vt 0.555556 0.000000
vt 0.523810 0.000000
vt 0.460317 0.000000
vt 0.380952 0.000000
vt 0.317460 0.000000
vt 0.333333 0.000000
vt 0.226190 0.000000
vt 0.154762 0.000000
vt 0.011905 0.000000
vt 0.988095 0.000000
vt 0.964286 0.000000
vt 0.869048 0.000000
vt 0.833333 0.000000
vt 0.773810 0.000000
vt 0.726190 0.000000
vt 0.630952 0.000000
vt 0.511905 0.000000
vt 0.369048 0.000000
vt 0.846154 0.000000
vt 0.820513 0.000000
vt 0.692308 0.000000
vt 0.487179 0.000000
vt 0.230769 0.000000
vt 0.205128 0.000000
vt 0.179487 0.000000
vt 0.128205 0.000000
vt 0.076923 0.000000
vt 0.025641 0.000000
vt 0.564103 0.000000
vt 0.538462 0.000000
vt 0.512821 0.000000
vt 0.666667 0.000000
vt 0.641026 0.000000
vt 0.615385 0.000000
vt 0.974359 0.000000
vt 0.923077 0.000000
vt 0.897436 0.000000
vt 0.871795 0.000000
vt 0.261905 0.000000
vt 0.345238 0.000000
vt 0.785714 0.000000
vt 0.845238 0.000000
vt 0.875000 0.000000
vt 0.946429 0.000000
vt 0.089286 0.000000
vt 0.142857 0.000000
vt 0.232143 0.000000
vt 0.267857 0.000000
vt 0.464286 0.000000
vt 0.535714 0.000000
vt 0.607143 0.000000
vt 0.625000 0.000000
vt 0.678571 0.000000
vt 0.279570 1.000000
vt 0.279570 0.000000
vt 0.258065 0.000000
vt 0.258065 1.000000
vt 0.411765 0.000000
vt 0.352941 0.000000
vt 0.141176 0.000000
vt 0.035294 0.000000
vt 0.905882 0.000000
vt 0.847059 0.000000
vt 0.984127 0.000000
vt 0.603175 0.000000
vt 0.214286 0.000000
vt 0.125000 0.000000
vt 0.660714 0.000000
vt 0.936508 0.000000
vt 0.349206 0.000000
vt 0.238095 0.000000
vt 0.015873 0.000000
vt 0.888889 0.000000
vt 0.777778 0.000000
vt 0.746032 0.000000
vt 0.714286 0.000000
vt 0.730159 0.000000
vt 0.285714 0.000000
vt 0.301587 0.000000
vt 0.416667 1.000000
vt 0.500000 1.000000
vt 0.416667 0.000000
vt 0.384615 0.000000
vt 0.435897 0.000000
vt 0.095238 0.000000
vt 0.634921 0.000000
vt 0.253968 0.000000
vt 0.569892 1.000000
vt 0.623656 1.000000
vt 0.623656 0.000000
vt 0.569892 0.000000
vt 0.510870 0.000000
vt 0.706522 0.000000
vt 0.760870 0.000000
vt 0.880435 0.000000
vt 0.065217 0.000000
vt 0.184783 0.000000
vt 0.260870 0.000000
vt 0.293478 0.000000
vt 0.478261 0.000000
vt 0.865979 0.000000
vt 0.835052 0.000000
vt 0.773196 0.000000
vt 0.721649 0.000000
vt 0.690722 0.000000
vt 0.639175 0.000000
vt 0.597938 0.000000
vt 0.484536 0.000000
vt 0.453608 0.000000
vt 0.381443 0.000000
vt 0.360825 0.000000
vt 0.309278 0.000000
vt 0.247423 0.000000
vt 0.195876 0.000000
vt 0.175258 0.000000
vt 0.164948 0.000000
vt 0.072165 0.000000
vt 0.051546 0.000000
vt 0.969072 0.000000
vt 0.938144 0.000000
vt 0.886598 0.000000
vt 0.578313 0.000000
vt 0.602410 0.000000
vt 0.614458 0.000000
vt 0.638554 0.000000
vt 0.650602 0.000000
vt 0.674699 0.000000
vt 0.686747 0.000000
vt 0.710843 0.000000
vt 0.734940 0.000000
vt 0.746988 0.000000
vt 0.759036 0.000000
vt 0.771084 0.000000
vt 0.783133 0.000000
vt 0.843373 0.000000
vt 0.855422 0.000000
vt 0.867470 0.000000
vt 0.879518 0.000000
vt 0.891566 0.000000
vt 0.903614 0.000000
vt 0.963855 0.000000
vt 0.987952 0.000000
vt 0.108434 0.000000
vt 0.120482 0.000000
vt 0.192771 0.000000
vt 0.204819 0.000000
vt 0.228916 0.000000
vt 0.253012 0.000000
vt 0.265060 0.000000
vt 0.277108 0.000000
vt 0.289157 0.000000
vt 0.313253 0.000000
vt 0.445783 0.000000
vt 0.457831 0.000000
vt 0.469880 0.000000
vt 0.493976 0.000000
vt 0.518072 0.000000
vt 0.365079 0.000000
vt 0.515625 1.000000
vt 0.546875 1.000000
vt 0.546875 0.000000
vt 0.515625 0.000000
vt 0.234694 1.000000
vt 0.244898 1.000000
vt 0.244898 0.000000
vt 0.234694 0.000000
vt 0.224490 0.000000
vt 0.204082 0.000000
vt 0.193878 0.000000
vt 0.193878 1.000000
vt 0.204082 1.000000
vt 0.214286 1.000000
vt 0.224490 1.000000
vt 0.948454 0.000000
vt 0.082474 0.000000
vt 0.391753 0.000000
vt 0.463918 0.000000
vt 0.649485 0.000000
vt 0.701031 0.000000
vt 0.896907 0.000000
vt 0.958333 1.000000
vt 0.000000 1.000000
vt 0.041667 1.000000
vt 0.041667 0.000000
vt 0.958333 0.000000
vt 0.916667 0.000000
vt 0.916667 1.000000
vt 0.103896 0.000000
vt 0.207792 0.000000
vt 0.233766 0.000000
vt 0.246753 0.000000
vt 0.272727 0.000000
vt 0.311688 0.000000
vt 0.389610 0.000000
vt 0.480519 0.000000
vt 0.532468 0.000000
vt 0.571429 0.000000
vt 0.610390 0.000000
vt 0.636364 0.000000
vt 0.779221 0.000000
vt 0.818182 0.000000
vt 0.883117 0.000000
vt 0.935065 0.000000
vt 0.038961 0.000000
vt 0.569620 0.000000
vt 0.544304 0.000000
vt 0.531646 0.000000
vt 0.468354 0.000000
vt 0.392405 0.000000
vt 0.367089 0.000000
vt 0.354430 0.000000
vt 0.329114 0.000000
vt 0.316456 0.000000
vt 0.291139 0.000000
vt 0.227848 0.000000
vt 0.215190 0.000000
vt 0.151899 0.000000
vt 0.139241 0.000000
vt 0.126582 0.000000
vt 0.113924 0.000000
vt 0.063291 0.000000
vt 0.012658 0.000000
vt 0.936709 0.000000
vt 0.886076 0.000000
vt 0.873418 0.000000
vt 0.797468 0.000000
vt 0.784810 0.000000
vt 0.734177 0.000000
vt 0.670886 0.000000
vt 0.620253 0.000000
vt 0.607595 0.000000
vt 0.582278 0.000000
vt 0.800000 1.000000
vt 0.850000 1.000000
vt 0.850000 0.000000
vt 0.307692 0.000000
vt 0.870130 0.000000
vt 0.805195 0.000000
vt 0.597403 0.000000
vt 0.558442 0.000000
vt 0.090909 0.000000
vt 0.512821 1.000000
vt 0.525641 1.000000
vt 0.525641 0.000000
vt 0.474359 0.000000
vt 0.474359 1.000000
vt 0.487179 1.000000
vt 0.093750 1.000000
vt 0.109375 1.000000
vt 0.109375 0.000000
vt 0.093750 0.000000
vt 0.078125 0.000000
vt 0.062500 0.000000
vt 0.046875 0.000000
vt 0.046875 1.000000
vt 0.062500 1.000000
vt 0.078125 1.000000
vt 0.208333 1.000000
vt 0.291667 1.000000
vt 0.291667 0.000000
vt 0.208333 0.000000
vt 0.156250 1.000000
vt 0.171875 1.000000
vt 0.171875 0.000000
vt 0.156250 0.000000
vt 0.125000 1.000000
vt 0.187500 1.000000
vt 0.187500 0.000000
vt 0.218750 1.000000
vt 0.218750 0.000000
vt 0.234375 1.000000
vt 0.265625 1.000000
vt 0.265625 0.000000
vt 0.234375 0.000000
vt 0.328125 1.000000
vt 0.343750 1.000000
vt 0.375000 1.000000
vt 0.390625 1.000000
vt 0.390625 0.000000
vt 0.375000 0.000000
vt 0.343750 0.000000
vt 0.328125 0.000000
vt 0.312500 0.000000
vt 0.281250 0.000000
vt 0.281250 1.000000
vt 0.312500 1.000000
vt 0.421875 1.000000
vt 0.421875 0.000000
vt 0.437500 1.000000
vt 0.437500 0.000000
vt 0.531250 1.000000
vt 0.531250 0.000000
vt 0.578125 1.000000
vt 0.578125 0.000000
vt 0.290323 1.000000
vt 0.344086 1.000000
vt 0.344086 0.000000
vt 0.290323 0.000000
vt 0.812500 1.000000
vt 0.812500 0.000000
vt 0.781250 0.000000
vt 0.781250 1.000000
vt 0.890625 1.000000
vt 0.890625 0.000000
vt 0.828125 0.000000
vt 0.828125 1.000000
vt 0.285714 1.000000
vt 0.295918 1.000000
vt 0.306122 1.000000
vt 0.306122 0.000000
vt 0.295918 0.000000
vt 0.275510 0.000000
vt 0.275510 1.000000
vt 0.596491 1.000000
vt 0.596491 0.000000
vt 0.561404 0.000000
vt 0.543860 0.000000
vt 0.526316 0.000000
vt 0.526316 1.000000
vt 0.543860 1.000000
vt 0.561404 1.000000
vt 0.094118 1.000000
vt 0.105882 1.000000
vt 0.129412 1.000000
vt 0.141176 1.000000
vt 0.152941 1.000000
vt 0.129412 0.000000
vt 0.105882 0.000000
vt 0.094118 0.000000
vt 0.082353 0.000000
vt 0.011765 1.000000
vt 0.035294 1.000000
vt 0.082353 1.000000
vt 0.551282 1.000000
vt 0.551282 0.000000
vt 0.015625 1.000000
vt 0.031250 1.000000
vt 0.031250 0.000000
vt 0.015625 0.000000
vt 0.937500 0.000000
vt 0.937500 1.000000
vt 0.836735 1.000000
vt 0.846939 1.000000
vt 0.857143 1.000000
vt 0.846939 0.000000
vt 0.836735 0.000000
vt 0.826531 0.000000
vt 0.826531 1.000000
vt 0.765625 1.000000
vt 0.765625 0.000000
vt 0.718750 0.000000
vt 0.671875 0.000000
vt 0.671875 1.000000
vt 0.718750 1.000000
vt 0.387755 1.000000
vt 0.448980 1.000000
vt 0.448980 0.000000
vt 0.387755 0.000000
vt 0.693878 1.000000
vt 0.714286 1.000000
vt 0.693878 0.000000
vt 0.765306 1.000000
vt 0.806122 1.000000
vt 0.816327 0.000000
vt 0.806122 0.000000
vt 0.765306 0.000000
vt 0.734694 1.000000
vt 0.734694 0.000000
vt 0.724490 0.000000
vt 0.724490 1.000000
vt 0.591837 1.000000
vt 0.632653 1.000000
vt 0.632653 0.000000
vt 0.591837 0.000000
vt 0.642857 1.000000
vt 0.683673 1.000000
vt 0.683673 0.000000
vt 0.642857 0.000000
vt 0.132653 1.000000
vt 0.142857 1.000000
vt 0.163265 1.000000
vt 0.153061 0.000000
vt 0.132653 0.000000
vt 0.122449 0.000000
vt 0.112245 0.000000
vt 0.102041 0.000000
vt 0.091837 0.000000
vt 0.081633 0.000000
vt 0.081633 1.000000
vt 0.091837 1.000000
vt 0.102041 1.000000
vt 0.112245 1.000000
vt 0.122449 1.000000
vt 0.357143 1.000000
vt 0.357143 0.000000
vt 0.287500 1.000000
vt 0.287500 0.000000
vt 0.897959 1.000000
vt 0.918367 1.000000
vt 0.928571 1.000000
vt 0.928571 0.000000
vt 0.918367 0.000000
vt 0.897959 0.000000
vt 0.887755 0.000000
vt 0.887755 1.000000
vt 0.053763 1.000000
vt 0.053763 0.000000
vt 0.032258 0.000000
vt 0.032258 1.000000
vt 0.150538 1.000000
vt 0.150538 0.000000
vt 0.064516 0.000000
vt 0.064516 1.000000
vt 0.351351 1.000000
vt 0.351351 0.000000
vt 0.162162 0.000000
vt 0.162162 1.000000
vt 0.087500 1.000000
vt 0.100000 1.000000
vt 0.112500 1.000000
vt 0.112500 0.000000
vt 0.100000 0.000000
vt 0.087500 0.000000
vt 0.050000 0.000000
vt 0.025000 0.000000
vt 0.012500 0.000000
vt 0.012500 1.000000
vt 0.025000 1.000000
vt 0.050000 1.000000
vt 0.419355 1.000000
vt 0.430108 1.000000
vt 0.440860 1.000000
vt 0.440860 0.000000
vt 0.430108 0.000000
vt 0.419355 0.000000
vt 0.408602 0.000000
vt 0.397849 0.000000
vt 0.397849 1.000000
vt 0.408602 1.000000
vt 0.462366 1.000000
vt 0.462366 0.000000
vt 0.526882 1.000000
vt 0.526882 0.000000
vt 0.505376 0.000000
vt 0.505376 1.000000
vt 0.634409 1.000000
vt 0.655914 1.000000
vt 0.666667 1.000000
vt 0.655914 0.000000
vt 0.634409 0.000000
vt 0.688172 1.000000
vt 0.688172 0.000000
vt 0.698925 1.000000
vt 0.720430 1.000000
vt 0.731183 1.000000
vt 0.741935 1.000000
vt 0.741935 0.000000
vt 0.731183 0.000000
vt 0.720430 0.000000
vt 0.698925 0.000000
vt 0.752688 1.000000
vt 0.774194 1.000000
vt 0.774194 0.000000
vt 0.752688 0.000000
vt 0.860215 1.000000
vt 0.860215 0.000000
vt 0.870968 1.000000
vt 0.913979 1.000000
vt 0.913979 0.000000
vt 0.870968 0.000000
vt 0.725000 1.000000
vt 0.725000 0.000000
vt 0.662500 0.000000
vt 0.662500 1.000000
vt 0.348837 1.000000
vt 0.348837 0.000000
vt 0.325581 0.000000
vt 0.325581 1.000000
vt 0.140351 1.000000
vt 0.210526 1.000000
vt 0.210526 0.000000
vt 0.140351 0.000000
vt 0.051020 1.000000
vt 0.071429 1.000000
vt 0.071429 0.000000
vt 0.051020 0.000000
vt 0.473684 1.000000
vt 0.508772 1.000000
vt 0.508772 0.000000
vt 0.473684 0.000000
vt 0.456140 0.000000
vt 0.456140 1.000000
vt 0.614035 1.000000
vt 0.614035 0.000000
vt 0.736842 1.000000
vt 0.736842 0.000000
vt 0.081081 1.000000
vt 0.135135 1.000000
vt 0.135135 0.000000
vt 0.081081 0.000000
vt 0.729412 1.000000
vt 0.741176 1.000000
vt 0.752941 1.000000
vt 0.764706 1.000000
vt 0.764706 0.000000
vt 0.752941 0.000000
vt 0.494624 1.000000
vt 0.494624 0.000000
vt 0.473118 0.000000
vt 0.473118 1.000000
vt 0.258621 1.000000
vt 0.258621 0.000000
vt 0.155172 0.000000
vt 0.155172 1.000000
vt 0.567568 1.000000
vt 0.648649 1.000000
vt 0.648649 0.000000
vt 0.567568 0.000000
vt 0.172043 1.000000
vt 0.172043 0.000000
vt 0.182796 1.000000
vt 0.247312 1.000000
vt 0.247312 0.000000
vt 0.182796 0.000000
vt 0.333333 1.000000
vt 0.311828 0.000000
vt 0.301075 0.000000
vt 0.301075 1.000000
vt 0.311828 1.000000
vt 0.908163 1.000000
vt 0.908163 0.000000
vt 0.377551 1.000000
vt 0.377551 0.000000
vt 0.465116 1.000000
vt 0.465116 0.000000
vt 0.441860 0.000000
vt 0.418605 0.000000
vt 0.418605 1.000000
vt 0.387500 1.000000
vt 0.462500 1.000000
vt 0.462500 0.000000
vt 0.387500 0.000000
vt 0.215054 1.000000
vt 0.225806 1.000000
vt 0.236559 1.000000
vt 0.236559 0.000000
vt 0.225806 0.000000
vt 0.215054 0.000000
vt 0.204301 0.000000
vt 0.193548 1.000000
vt 0.204301 1.000000
vt 0.243590 1.000000
vt 0.269231 1.000000
vt 0.269231 0.000000
vt 0.243590 0.000000
vt 0.010753 1.000000
vt 0.010753 0.000000
vt 0.924731 1.000000
vt 0.588235 1.000000
vt 0.600000 1.000000
vt 0.611765 1.000000
vt 0.623529 1.000000
vt 0.623529 0.000000
vt 0.611765 0.000000
vt 0.600000 0.000000
vt 0.588235 0.000000
vt 0.576471 0.000000
vt 0.541176 0.000000
vt 0.529412 0.000000
vt 0.517647 0.000000
vt 0.505882 0.000000
vt 0.505882 1.000000
vt 0.517647 1.000000
vt 0.529412 1.000000
vt 0.541176 1.000000
vt 0.564706 1.000000
vt 0.576471 1.000000
vt 0.534483 1.000000
vt 0.568965 1.000000
vt 0.568965 0.000000
vt 0.534483 0.000000
vt 0.612500 1.000000
vt 0.612500 0.000000
vt 0.137500 1.000000
vt 0.137500 0.000000
vt 0.150000 1.000000
vt 0.150000 0.000000
vt 0.481481 1.000000
vt 0.703704 1.000000
vt 0.703704 0.000000
vt 0.481481 0.000000
vt 0.223529 1.000000
vt 0.223529 0.000000
vt 0.212500 1.000000
vt 0.225000 1.000000
vt 0.225000 0.000000
vt 0.212500 0.000000
vt 0.104651 1.000000
vt 0.116279 1.000000
vt 0.127907 1.000000
vt 0.139535 1.000000
vt 0.139535 0.000000
vt 0.127907 0.000000
vt 0.116279 0.000000
vt 0.104651 0.000000
vt 0.093023 0.000000
vt 0.058140 0.000000
vt 0.046512 0.000000
vt 0.046512 1.000000
vt 0.058140 1.000000
vt 0.093023 1.000000
vt 0.325000 1.000000
vt 0.325000 0.000000
vt 0.350000 1.000000
vt 0.362500 1.000000
vt 0.362500 0.000000
vt 0.350000 0.000000
vt 0.825581 1.000000
vt 0.837209 1.000000
vt 0.837209 0.000000
vt 0.825581 0.000000
vt 0.802326 0.000000
vt 0.790698 0.000000
vt 0.790698 1.000000
vt 0.802326 1.000000
vt 0.724138 1.000000
vt 0.741379 1.000000
vt 0.775862 1.000000
vt 0.793103 1.000000
vt 0.810345 1.000000
vt 0.810345 0.000000
vt 0.793103 0.000000
vt 0.775862 0.000000
vt 0.741379 0.000000
vt 0.724138 0.000000
vt 0.706897 0.000000
vt 0.706897 1.000000
vt 0.959184 1.000000
vt 0.959184 0.000000
vt 0.255814 0.000000
vt 0.255814 1.000000
vt 0.940476 1.000000
vt 0.952381 1.000000
vt 0.940476 0.000000
vt 0.892857 0.000000
vt 0.892857 1.000000
vt 0.904762 1.000000
vt 0.525000 1.000000
vt 0.537500 1.000000
vt 0.537500 0.000000
vt 0.525000 0.000000
vt 0.222222 1.000000
vt 0.296296 1.000000
vt 0.296296 0.000000
vt 0.562500 1.000000
vt 0.575000 1.000000
vt 0.575000 0.000000
vt 0.562500 0.000000
vt 0.541667 1.000000
vt 0.583333 1.000000
vt 0.583333 0.000000
vt 0.541667 0.000000
vt 0.458333 0.000000
vt 0.458333 1.000000
vt 0.489796 1.000000
vt 0.581633 1.000000
vt 0.581633 0.000000
vt 0.479592 0.000000
vt 0.948276 1.000000
vt 0.965517 1.000000
vt 0.965517 0.000000
vt 0.948276 0.000000
vt 0.931035 0.000000
vt 0.879310 0.000000
vt 0.862069 0.000000
vt 0.862069 1.000000
vt 0.879310 1.000000
vt 0.931035 1.000000
vt 0.775000 1.000000
vt 0.787500 1.000000
vt 0.787500 0.000000
vt 0.775000 0.000000
vt 0.862500 1.000000
vt 0.875000 1.000000
vt 0.862500 0.000000
vt 0.364706 1.000000
vt 0.341176 0.000000
vt 0.341176 1.000000
vt 0.322581 1.000000
vt 0.322581 0.000000
vt 0.486486 1.000000
vt 0.486486 0.000000
vt 0.432432 0.000000
vt 0.432432 1.000000
vt 0.580645 1.000000
vt 0.591398 1.000000
vt 0.612903 1.000000
vt 0.612903 0.000000
vt 0.591398 0.000000
vt 0.140625 1.000000
vt 0.140625 0.000000
vt 0.447059 1.000000
vt 0.482353 1.000000
vt 0.494118 1.000000
vt 0.494118 0.000000
vt 0.482353 0.000000
vt 0.447059 0.000000
vt 0.435294 0.000000
vt 0.400000 0.000000
vt 0.388235 0.000000
vt 0.376471 1.000000
vt 0.388235 1.000000
vt 0.400000 1.000000
vt 0.411765 1.000000
vt 0.423529 1.000000
vt 0.435294 1.000000
vt 0.280702 1.000000
vt 0.298246 1.000000
vt 0.315789 1.000000
vt 0.350877 1.000000
vt 0.368421 1.000000
vt 0.403509 1.000000
vt 0.438596 1.000000
vt 0.438596 0.000000
vt 0.403509 0.000000
vt 0.368421 0.000000
vt 0.350877 0.000000
vt 0.315789 0.000000
vt 0.298246 0.000000
vt 0.263158 0.000000
vt 0.682353 1.000000
vt 0.705882 1.000000
vt 0.717647 1.000000
vt 0.705882 0.000000
vt 0.682353 0.000000
vt 0.396552 1.000000
vt 0.431034 1.000000
vt 0.431034 0.000000
vt 0.396552 0.000000
vt 0.086207 1.000000
vt 0.086207 0.000000
vt 0.017241 0.000000
vt 0.017241 1.000000
vt 0.250000 1.000000
vt 0.226190 1.000000
vt 0.317647 1.000000
vt 0.329412 1.000000
vt 0.317647 0.000000
vt 0.305882 0.000000
vt 0.282353 0.000000
vt 0.270588 0.000000
vt 0.258824 1.000000
vt 0.270588 1.000000
vt 0.282353 1.000000
vt 0.305882 1.000000
vt 0.976471 1.000000
vt 0.976471 0.000000
vt 0.952941 0.000000
vt 0.952941 1.000000
vt 0.362069 1.000000
vt 0.379310 1.000000
vt 0.379310 0.000000
vt 0.362069 0.000000
vt 0.344828 0.000000
vt 0.310345 0.000000
vt 0.310345 1.000000
vt 0.344828 1.000000
vt 0.962963 1.000000
vt 0.074074 1.000000
vt 0.111111 1.000000
vt 0.074074 0.000000
vt 0.962963 0.000000
vt 0.925926 0.000000
vt 0.925926 1.000000
vt 0.903226 1.000000
vt 0.903226 0.000000
vt 0.881720 1.000000
vt 0.548387 1.000000
vt 0.548387 0.000000
vt 0.537634 0.000000
vt 0.537634 1.000000
vt 0.293103 1.000000
vt 0.293103 0.000000
vt 0.407407 0.000000
vt 0.407407 1.000000
vt 0.513514 1.000000
vt 0.513514 0.000000
vt 0.405405 1.000000
vt 0.405405 0.000000
vt 0.378378 0.000000
vt 0.378378 1.000000
vt 0.675676 1.000000
vt 0.675676 0.000000
vt 0.858824 1.000000
vt 0.376344 1.000000
vt 0.376344 0.000000
vt 0.354839 0.000000
vt 0.354839 1.000000
vt 0.370370 1.000000
vt 0.370370 0.000000
vt 0.783784 0.000000
vt 0.783784 1.000000
vt 0.929825 1.000000
vt 0.035088 1.000000
vt 0.087719 1.000000
vt 0.070175 0.000000
vt 0.035088 0.000000
vt 0.929825 0.000000
vt 0.925000 1.000000
vt 0.925000 0.000000
vt 0.211765 1.000000
vt 0.211765 0.000000
vt 0.200000 0.000000
vt 0.188235 0.000000
vt 0.188235 1.000000
vt 0.200000 1.000000
vt 0.791667 1.000000
vt 0.833333 1.000000
vt 0.791667 0.000000
vt 0.750000 1.000000
vt 1.000000 1.000000
vt 0.000000 0.000000
vt 0.625000 1.000000
vt 0.687500 1.000000
vt 0.687500 0.000000
vt 0.705128 1.000000
vt 0.769231 1.000000
vt 0.705128 0.000000
vt 0.923077 1.000000
vt 0.038462 1.000000
vt 0.038462 0.000000
vt 0.175439 1.000000
vt 0.192982 1.000000
vt 0.192982 0.000000
vt 0.175439 0.000000
vt 0.157895 0.000000
vt 0.157895 1.000000
vt 0.906250 0.000000
vt 0.906250 1.000000
vt 0.953488 1.000000
vt 0.953488 0.000000
vt 0.906977 0.000000
vt 0.906977 1.000000
vt 0.871795 1.000000
vt 0.247059 1.000000
vt 0.247059 0.000000
vt 0.230769 1.000000
vt 0.282051 1.000000
vt 0.877551 1.000000
vt 0.877551 0.000000
vt 0.262500 1.000000
vt 0.275000 1.000000
vt 0.275000 0.000000
vt 0.262500 0.000000
vt 0.237500 0.000000
vt 0.237500 1.000000
vt 0.122807 1.000000
vt 0.122807 0.000000
vt 0.087719 0.000000
vt 0.649123 1.000000
vt 0.649123 0.000000
vt 0.117647 1.000000
vt 0.117647 0.000000
vt 0.023529 0.000000
vt 0.023529 1.000000
vt 0.546512 1.000000
vt 0.558140 1.000000
vt 0.558140 0.000000
vt 0.546512 0.000000
vt 0.534884 0.000000
vt 0.523256 0.000000
vt 0.488372 0.000000
vt 0.488372 1.000000
vt 0.511628 1.000000
vt 0.523256 1.000000
vt 0.534884 1.000000
vt 0.709302 1.000000
vt 0.732558 1.000000
vt 0.732558 0.000000
vt 0.709302 0.000000
vt 0.678571 1.000000
vt 0.702381 1.000000
vt 0.702381 0.000000
vt 0.384615 1.000000
vt 0.982759 1.000000
vt 0.982759 0.000000
vt 0.672414 1.000000
vt 0.672414 0.000000
vt 0.824561 1.000000
vt 0.842105 1.000000
vt 0.842105 0.000000
vt 0.824561 0.000000
vt 0.807018 0.000000
vt 0.754386 0.000000
vt 0.754386 1.000000
vt 0.807018 1.000000
vt 0.307692 1.000000
vt 0.151163 1.000000
vt 0.174419 1.000000
vt 0.174419 0.000000
vt 0.151163 0.000000
vt 0.844828 1.000000
vt 0.844828 0.000000
vt 0.776471 1.000000
vt 0.823529 1.000000
vt 0.823529 0.000000
vt 0.776471 0.000000
vt 0.228070 1.000000
vt 0.263158 1.000000
vt 0.228070 0.000000
vt 0.550000 1.000000
vt 0.550000 0.000000
vt 0.843750 0.000000
vt 0.843750 1.000000
vt 0.859649 1.000000
vt 0.859649 0.000000
vt 0.950000 1.000000
vt 0.075000 1.000000
vt 0.075000 0.000000
vt 0.950000 0.000000
vt 0.900000 0.000000
vt 0.900000 1.000000
vt 0.835294 1.000000
vt 0.835294 0.000000
vt 0.858974 1.000000
vt 0.858974 0.000000
vt 0.807692 0.000000
vt 0.807692 1.000000
vt 0.137931 1.000000
vt 0.137931 0.000000
vt 0.120690 0.000000
vt 0.103448 0.000000
vt 0.103448 1.000000
vt 0.120690 1.000000
vt 0.964912 1.000000
vt 0.017544 1.000000
vt 0.052632 1.000000
vt 0.052632 0.000000
vt 0.017544 0.000000
vt 0.964912 0.000000
vt 0.947368 0.000000
vt 0.947368 1.000000
vt 0.965116 1.000000
vt 0.976744 1.000000
vt 0.988372 1.000000
vt 0.011628 1.000000
vt 0.011628 0.000000
vt 0.988372 0.000000
vt 0.976744 0.000000
vt 0.965116 0.000000
vt 0.153061 1.000000
vt 0.163265 0.000000
vt 0.811765 1.000000
vt 0.811765 0.000000
vt 0.788235 0.000000
vt 0.788235 1.000000
vt 0.309524 1.000000
vt 0.309524 0.000000
vt 0.988235 1.000000
vt 0.988235 0.000000
vt 0.655172 1.000000
vt 0.655172 0.000000
vt 0.586207 0.000000
vt 0.586207 1.000000
vt 0.627907 1.000000
vt 0.627907 0.000000
vt 0.794872 1.000000
vt 0.639535 1.000000
vt 0.639535 0.000000
vt 0.128205 1.000000
vt 0.205128 1.000000
vt 0.192308 0.000000
vt 0.102564 0.000000
vt 0.102564 1.000000
vt 0.166667 1.000000
vt 0.166667 0.000000
vt 0.300000 1.000000
vt 0.300000 0.000000
vt 0.395349 1.000000
vt 0.406977 1.000000
vt 0.406977 0.000000
vt 0.395349 0.000000
vt 0.383721 0.000000
vt 0.372093 0.000000
vt 0.360465 0.000000
vt 0.360465 1.000000
vt 0.372093 1.000000
vt 0.383721 1.000000
vt 0.589744 1.000000
vt 0.589744 0.000000
vt 0.564103 1.000000
vt 0.968750 0.000000
vt 0.953125 0.000000
vt 0.953125 1.000000
vt 0.968750 1.000000
vt 0.734375 1.000000
vt 0.734375 0.000000
vt 0.175000 1.000000
vt 0.175000 0.000000
vt 0.988095 1.000000
vt 0.107143 1.000000
vt 0.107143 0.000000
vt 0.859375 1.000000
vt 0.859375 0.000000
vt 0.838710 0.000000
vt 0.784946 1.000000
vt 0.838710 1.000000
vt 0.708333 0.000000
vt 0.708333 1.000000
vt 0.491228 1.000000
vt 0.491228 0.000000
vt 0.202381 1.000000
vt 0.202381 0.000000
vt 0.086022 1.000000
vt 0.107527 1.000000
vt 0.129032 1.000000
vt 0.129032 0.000000
vt 0.107527 0.000000
vt 0.086022 0.000000
vt 0.075269 0.000000
vt 0.075269 1.000000
vt 0.593750 1.000000
vt 0.609375 1.000000
vt 0.640625 1.000000
vt 0.656250 1.000000
vt 0.656250 0.000000
vt 0.640625 0.000000
vt 0.609375 0.000000
vt 0.938776 1.000000
vt 0.938776 0.000000
vt 0.540816 1.000000
vt 0.561224 1.000000
vt 0.561224 0.000000
vt 0.540816 0.000000
vt 0.520408 0.000000
vt 0.520408 1.000000
vt 0.173469 1.000000
vt 0.173469 0.000000
vt 0.872093 1.000000
vt 0.883721 1.000000
vt 0.895349 1.000000
vt 0.895349 0.000000
vt 0.883721 0.000000
vt 0.872093 0.000000
vt 0.860465 0.000000
vt 0.848837 0.000000
vt 0.848837 1.000000
vt 0.860465 1.000000
vt 0.459184 1.000000
vt 0.479592 1.000000
vt 0.459184 0.000000
vt 0.979592 1.000000
vt 0.010204 1.000000
vt 0.020408 1.000000
vt 0.030612 1.000000
vt 0.040816 0.000000
vt 0.030612 0.000000
vt 0.020408 0.000000
vt 0.010204 0.000000
vt 0.979592 0.000000
vt 0.969388 0.000000
vt 0.969388 1.000000
vt 0.265306 0.000000
vt 0.255102 0.000000
vt 0.255102 1.000000
vt 0.265306 1.000000
vt 0.663265 1.000000
vt 0.673469 1.000000
vt 0.673469 0.000000
vt 0.663265 0.000000
vt 0.653061 0.000000
vt 0.653061 1.000000
vt 0.387097 0.000000
vt 0.089744 1.000000
vt 0.089744 0.000000
vt 0.825000 1.000000
vt 0.837500 1.000000
vt 0.837500 0.000000
vt 0.825000 0.000000
vt 0.935484 1.000000
vt 0.946237 1.000000
vt 0.956989 1.000000
vt 0.967742 1.000000
vt 0.978495 1.000000
vt 0.989247 1.000000
vt 0.021505 1.000000
vt 0.021505 0.000000
vt 0.989247 0.000000
vt 0.978495 0.000000
vt 0.967742 0.000000
vt 0.956989 0.000000
vt 0.946237 0.000000
vt 0.935484 0.000000
vt 0.817204 1.000000
vt 0.849462 1.000000
vt 0.849462 0.000000
vt 0.817204 0.000000
vt 0.806452 0.000000
vt 0.806452 1.000000
vt 0.296875 1.000000
vt 0.296875 0.000000
vt 0.203125 0.000000
vt 0.203125 1.000000
vt 0.034884 1.000000
vt 0.034884 0.000000
vt 0.602564 1.000000
vt 0.628205 1.000000
vt 0.628205 0.000000
vt 0.602564 0.000000
vt 0.484375 0.000000
vt 0.484375 1.000000
vt 0.453125 1.000000
vt 0.453125 0.000000
vt 0.984375 1.000000
vt 0.984375 0.000000
vt 0.921875 0.000000
vt 0.921875 1.000000
vt 0.700000 0.000000
vt 0.650000 0.000000
vt 0.650000 1.000000
vt 0.700000 1.000000
vt 0.224138 1.000000
vt 0.241379 1.000000
vt 0.241379 0.000000
vt 0.224138 0.000000
vt 0.517241 1.000000
vt 0.517241 0.000000
vt 0.482759 0.000000
vt 0.465517 0.000000
vt 0.448276 0.000000
vt 0.448276 1.000000
vt 0.465517 1.000000
vt 0.482759 1.000000
vt 0.051724 1.000000
vt 0.068966 1.000000
vt 0.068966 0.000000
vt 0.051724 0.000000
vt 0.119048 1.000000
vt 0.119048 0.000000
vt 0.190476 1.000000
vt 0.645161 1.000000
vt 0.645161 0.000000
vt 0.488095 1.000000
vt 0.488095 0.000000
vt 0.464286 1.000000
vt 0.261905 1.000000
vt 0.273810 1.000000
vt 0.273810 0.000000
vt 0.440476 1.000000
vt 0.452381 1.000000
vt 0.452381 0.000000
vt 0.440476 0.000000
vt 0.726190 1.000000
vt 0.523810 1.000000
vt 0.547619 1.000000
vt 0.571429 1.000000
vt 0.547619 0.000000
vt 0.511905 1.000000
vt 0.595238 1.000000
vt 0.607143 1.000000
vt 0.595238 0.000000
vt 0.630952 1.000000
vt 0.641026 1.000000
vt 0.653846 1.000000
vt 0.679487 1.000000
vt 0.692308 1.000000
vt 0.679487 0.000000
vt 0.320513 1.000000
vt 0.346154 1.000000
vt 0.358974 1.000000
vt 0.346154 0.000000
vt 0.738095 1.000000
vt 0.738095 0.000000
vt 0.761905 1.000000
vt 0.773810 1.000000
vt 0.845238 1.000000
vt 0.869048 1.000000
vt 0.880952 1.000000
vt 0.880952 0.000000
vt 0.976190 1.000000
vt 0.976190 0.000000
vt 0.821429 1.000000
vt 0.821429 0.000000
vt 0.809524 0.000000
vt 0.797619 0.000000
vt 0.785714 1.000000
vt 0.797619 1.000000
vt 0.809524 1.000000
s 0
usemtl Material.005
f 1065/2366/4601 1073/2367/4601 1072/2368/4601 1071/2369/4601 3044/2370/4601 3038/2371/4601 3036/2372/4601 3034/2373/4601 3032/2374/4601 1070/2375/4601 1069/2376/4601 3018/2377/4601 1068/2378/4601 1067/2379/4601 1066/2380/4601 3014/2381/4601
f 1468/2382/4602 1469/2383/4602 1470/2384/4602 1471/2385/4602 1457/2386/4602 1458/2387/4602 1459/2388/4602 1460/2389/4602 1461/2390/4602
f 1136/2391/4601 2782/2392/4601 2777/2393/4601 1135/2394/4601 1134/2395/4601 1133/2396/4601 1132/2397/4601 1131/2398/4601 2768/2399/4601 2762/2400/4601 1130/2401/4601 2752/2402/4601 2750/2403/4601 1129/2404/4601 2742/2405/4601 2740/2406/4601 2797/2407/4601 2792/2408/4601 2789/2409/4601 1137/2410/4601
f 2896/2373/4602 1408/2411/4602 1409/2412/4602 1410/2413/4602 2911/2414/4602 2909/2367/4602 2895/2415/4602
f 2649/2369/4601 2648/2370/4601 1151/2371/4601 2641/2372/4601 1150/2373/4601 2639/2374/4601 2637/2375/4601 2636/2376/4601 1149/2377/4601 1148/2378/4601 2624/2379/4601 2623/2380/4601 2620/2381/4601 1147/2366/4601 2651/2367/4601 1152/2368/4601
f 2475/2416/4602 2483/2417/4602 1496/2418/4602 1490/2419/4602 1491/2420/4602 1492/2421/4602 2436/2422/4602 2438/2423/4602 2440/2424/4602 2442/2425/4602 1493/2426/4602 2452/2427/4602 2462/2428/4602 2464/2429/4602 2465/2430/4602 1494/2431/4602 2468/2432/4602 1495/2433/4602
f 2823/2434/4601 2821/2435/4601 1122/2436/4601 1121/2366/4601 1128/2437/4601 2849/2438/4601 2847/2439/4601 1127/2369/4601 2844/2370/4601 2843/2440/4601 1126/2413/4601 2836/2371/4601 2835/2411/4601 2834/2372/4601 2833/2441/4601 1125/2442/4601 1124/2415/4601 2832/2443/4601 2830/2444/4601 1123/2445/4601
f 1276/2446/4601 1275/2402/4601 1274/2447/4601 2058/2448/4601 1273/2449/4601 1281/2450/4601 2113/2451/4601 1280/2452/4601 1279/2453/4601 2104/2454/4601 2103/2455/4601 2098/2456/4601 1278/2457/4601 1277/2458/4601
f 1176/2459/4601 1175/2460/4601 1174/2385/4601 1173/2384/4601 1172/2383/4601 1171/2382/4601 1170/2461/4601 1163/2462/4601 1162/2389/4601 1161/2388/4601 1160/2387/4601 1159/2386/4601 1158/2463/4601 1157/2464/4601 1156/2465/4601 1155/2466/4601 1154/2467/4601 1153/2468/4601 1166/2469/4601 1165/2470/4601 1164/2471/4601 1169/2472/4601 1168/2473/4601 1167/2474/4601 1181/2414/4601 1180/2475/4601 1179/2476/4601 1178/2477/4601 1177/2478/4601
f 2395/2479/4602 2404/2480/4602 2405/2458/4602 1498/2457/4602 1499/2456/4602 1500/2455/4602 2420/2481/4602 1501/2482/4602 1502/2452/4602 1503/2451/4602 2422/2414/4602 1497/2449/4602 2386/2448/4602 2393/2447/4602
f 1640/2410/4602 1641/2483/4602 1869/2484/4602 1826/2485/4602 1827/2486/4602 1834/2487/4602 1836/2488/4602 1636/2489/4602 1637/2490/4602 1638/2491/4602 1639/2492/4602 1861/2493/4602
f 1201/2454/4601 1200/2455/4601 1199/2456/4601 1198/2457/4601 1197/2458/4601 1196/2446/4601 2394/2402/4601 1195/2447/4601 1194/2448/4601 1193/2449/4601 2421/2450/4601 1204/2451/4601 1203/2452/4601 1202/2453/4601
s 1
f 1130/2494/4603 2753/2495/4604 2751/2496/4605 2752/2497/4605
s 0
f 2508/2379/4601 2506/2380/4601 2503/2381/4601 1182/2366/4601 2537/2367/4601 2536/2368/4601 1187/2369/4601 2531/2370/4601 1186/2371/4601 2523/2372/4601 1185/2373/4601 1184/2374/4601 1183/2375/4601 2522/2376/4601 2510/2377/4601 2509/2378/4601
f 2451/2427/4601 2449/2498/4601 2441/2499/4601 1190/2424/4601 2439/2423/4601 2437/2422/4601 1189/2500/4601 1188/2501/4601 2425/2419/4601 1192/2418/4601 2484/2502/4601 2476/2503/4601 2470/2433/4601 2469/2432/4601 2467/2431/4601 2466/2430/4601 1191/2429/4601 2463/2428/4601
f 1217/2442/4601 1216/2415/4601 1215/2374/4601 1222/2504/4601 1221/2367/4601 1218/2412/4601 2269/2505/4601
f 1209/2491/4601 1208/2490/4601 2305/2489/4601 2299/2488/4601 2298/2506/4601 2297/2507/4601 2295/2485/4601 2328/2484/4601 2326/2438/4601 2319/2410/4601 2316/2508/4601 2315/2492/4601
f 1218/2412/4601 1221/2509/4601 1223/2414/4601 1222/2504/4601 1215/2374/4601 2267/2376/4601 1214/2510/4601 1213/2377/4601 1212/2511/4601 1211/2486/4601 2255/2436/4601 1210/2512/4601 2284/2513/4601 1220/2514/4601 1219/2515/4601
f 1567/2376/4602 1568/2443/4602 1570/2472/4602 1571/2371/4602 1572/2516/4602 1573/2517/4602 1563/2518/4602 1564/2519/4602 1565/2446/4602 1566/2444/4602
s 1
f 2177/2520/4606 2179/2521/4607 2178/2396/4607 2176/2522/4606
s 0
f 1555/2476/4602 1556/2475/4602 1538/2467/4602 1539/2466/4602 1540/2464/4602 1541/2463/4602 1553/2459/4602 1554/2478/4602
f 1249/2385/4601 1248/2384/4601 1240/2523/4601 1239/2446/4601 1238/2386/4601 1237/2464/4601 1236/2466/4601 1235/2468/4601 1243/2469/4601 1242/2471/4601 1241/2524/4601 1247/2383/4601 1246/2382/4601 1245/2472/4601 1244/2474/4601 1253/2475/4601 1252/2476/4601 1251/2478/4601 1250/2459/4601
f 1256/2525/4601 1255/2436/4601 1254/2366/4601 1264/2443/4601 1263/2376/4601 1262/2444/4601 1261/2446/4601 1266/2472/4601 1265/2526/4601 1272/2513/4601 1271/2370/4601 1270/2440/4601 1269/2517/4601 1259/2518/4601 1258/2527/4601 1257/2378/4601
s 1
f 1290/2528/4608 2027/2529/4609 2026/2530/4609 2025/2531/4608
f 2006/2497/4610 1284/2494/4611 2007/2495/4612 1589/2496/4610
s 0
f 1997/2403/4601 1283/2404/4601 1282/2405/4601 1996/2406/4601 2040/2407/4601 1292/2408/4601 2038/2409/4601 1291/2410/4601 2033/2391/4601 2032/2392/4601 2027/2393/4601 1290/2394/4601 1289/2395/4601 1288/2396/4601 2019/2397/4601 1287/2398/4601 1286/2399/4601 1285/2400/4601 1284/2401/4601 2006/2402/4601
f 1894/2532/4602 1895/2395/4602 1897/2394/4602 1632/2393/4602 1904/2392/4602 1906/2533/4602 1911/2534/4602 1633/2409/4602 1634/2535/4602 1635/2407/4602 1870/2406/4602 1871/2536/4602 1627/2404/4602 1628/2537/4602 1629/2538/4602 1882/2539/4602 1630/2400/4602 1885/2399/4602 1631/2398/4602 1893/2540/4602
s 1
f 1323/2497/4613 1883/2494/4614 1882/2495/4614 1629/2496/4613
s 0
f 1881/2403/4601 1880/2404/4601 1322/2405/4601 1321/2406/4601 1329/2407/4601 1913/2408/4601 1912/2409/4601 1328/2410/4601 1327/2391/4601 1905/2392/4601 1903/2393/4601 1898/2394/4601 1896/2395/4601 1326/2396/4601 1325/2397/4601 1892/2398/4601 1324/2399/4601 1884/2400/4601 1883/2401/4601 1323/2402/4601
s 1
f 1786/2497/4615 1788/2494/4616 1787/2495/4616 1644/2496/4617
s 0
f 1345/2410/4601 1810/2391/4601 1344/2392/4601 1808/2393/4601 1343/2394/4601 1806/2395/4601 1804/2396/4601 1342/2397/4601 1341/2398/4601 1340/2399/4601 1339/2400/4601 1788/2401/4601 1786/2402/4601 1784/2403/4601 1783/2404/4601 1338/2405/4601 1337/2406/4601 1822/2407/4601 1821/2408/4601 1811/2409/4601
f 1266/2472/4601 1261/2446/4601 1260/2519/4601 1259/2518/4601 1269/2517/4601 1268/2516/4601 1267/2371/4601
f 2722/2541/4601 1144/2542/4601 2719/2543/4601 1143/2544/4601 2713/2545/4601 2712/2546/4601 1142/2547/4601 2700/2548/4601 2698/2549/4601 2697/2550/4601 1141/2551/4601 1140/2552/4601 1139/2553/4601 2676/2554/4601 2675/2555/4601 2673/2556/4601 1138/2557/4601 2659/2558/4601 2728/2559/4601 1146/2560/4601 1145/2561/4601
f 1694/2371/4601 1684/2372/4601 1683/2373/4601 1361/2374/4601 1681/2375/4601 1680/2376/4601 1360/2377/4601 1359/2378/4601 1358/2379/4601 1357/2380/4601 1356/2381/4601 1355/2366/4601 1708/2367/4601 1363/2368/4601 1700/2369/4601 1362/2370/4601
f 1382/2562/4602 1383/2563/4602 1384/2564/4602 1385/2565/4602 1386/2566/4602 1387/2567/4602 1388/2568/4602 1389/2569/4602 1390/2570/4602 1391/2571/4602 1392/2572/4602 1393/2573/4602 1394/2574/4602 1395/2575/4602 1396/2576/4602 1397/2577/4602 1398/2578/4602 1399/2579/4602 1400/2580/4602 1401/2581/4602 1402/2582/4602 1403/2414/4602 1367/2583/4602 1368/2584/4602 1369/2585/4602 1370/2586/4602 1371/2587/4602 1372/2588/4602 1373/2589/4602 1374/2590/4602 1375/2591/4602 1376/2592/4602 1377/2593/4602 1378/2594/4602 1379/2595/4602 1380/2596/4602 1381/2597/4602
f 1364/2381/4602 1365/2380/4602 3015/2379/4602 3016/2511/4602 3017/2377/4602 3029/2376/4602 3030/2375/4602 3031/2374/4602 3033/2441/4602 3035/2372/4602 3037/2371/4602 3043/2370/4602 3045/2439/4602 1366/2437/4602 3052/2367/4602 3009/2366/4602
f 1075/2584/4601 1074/2583/4601 1110/2414/4601 1109/2582/4601 1108/2581/4601 1107/2580/4601 1106/2579/4601 1105/2578/4601 1104/2577/4601 1103/2576/4601 1102/2575/4601 1101/2574/4601 1100/2573/4601 1099/2572/4601 1098/2571/4601 1097/2570/4601 1096/2569/4601 1095/2568/4601 1094/2567/4601 1093/2566/4601 1092/2565/4601 1091/2564/4601 1090/2563/4601 1089/2562/4601 1088/2597/4601 1087/2596/4601 1086/2595/4601 1085/2594/4601 1084/2593/4601 1083/2592/4601 1082/2591/4601 1081/2590/4601 1080/2589/4601 1079/2588/4601 1078/2587/4601 1077/2586/4601 1076/2585/4601
f 1116/2371/4601 1115/2472/4601 1119/2509/4601 2912/2414/4601
f 2883/2598/4602 1407/2376/4602 2895/2415/4602 2909/2367/4602 2910/2504/4602 2911/2414/4602 1410/2413/4602 1411/2515/4602 2900/2370/4602 2908/2368/4602 2860/2512/4602 1404/2436/4602 1405/2486/4602 1406/2511/4602 2878/2518/4602
s 1
f 1125/2599/4618 2833/2600/4619 1416/2601/4619 1415/2602/4618
s 0
f 2822/2434/4602 2828/2445/4602 2829/2376/4602 2831/2443/4602 1414/2415/4602 1415/2442/4602 1416/2441/4602 1417/2372/4602 1418/2411/4602 1419/2371/4602 2837/2413/4602 2842/2440/4602 1420/2370/4602 2845/2369/4602 2846/2439/4602 2848/2438/4602 1421/2437/4602 2816/2366/4602 1412/2525/4602 1413/2380/4602
f 2788/2409/4602 2793/2535/4602 1430/2407/4602 2739/2406/4602 2741/2536/4602 1422/2404/4602 2749/2537/4602 2751/2538/4602 2753/2539/4602 1423/2400/4602 2767/2399/4602 1424/2398/4602 2775/2540/4602 1425/2532/4602 2776/2395/4602 1426/2394/4602 1427/2393/4602 1428/2392/4602 1429/2533/4602 2787/2534/4602
f 2897/2442/4601 1114/2415/4601 1113/2376/4601 2884/2510/4601 1112/2377/4601 2877/2511/4601 2872/2486/4601 1111/2436/4601 2861/2512/4601 2907/2513/4601 1118/2514/4601 1117/2515/4601 1116/2371/4601 2912/2414/4601 1120/2504/4601 1119/2509/4601 1115/2472/4601 2899/2412/4601 2898/2505/4601
s 1
f 2684/2603/4620 1139/2604/4621 2685/2605/4621 2683/2606/4620 2681/2607/4620 2679/2506/4620 2677/2608/4620 1432/2609/4622 2676/2610/4622 2678/2611/4620 2680/2612/4620 2682/2613/4620
s 0
f 1440/2614/4602 2727/2559/4602 2658/2558/4602 1431/2615/4602 2672/2556/4602 2674/2555/4602 1432/2554/4602 2685/2553/4602 2696/2552/4602 1433/2551/4602 1434/2616/4602 1435/2617/4602 2699/2548/4602 2711/2547/4602 1436/2618/4602 1437/2619/4602 1438/2544/4602 2718/2543/4602 2720/2542/4602 2721/2541/4602 1439/2620/4602
f 2635/2376/4602 1445/2375/4602 2638/2374/4602 1446/2441/4602 2640/2372/4602 1447/2371/4602 1448/2370/4602 1449/2439/4602 1450/2437/4602 2650/2367/4602 2614/2366/4602 2619/2381/4602 1441/2380/4602 1442/2379/4602 1443/2511/4602 1444/2377/4602
f 1509/2488/4602 2304/2489/4602 1510/2490/4602 1511/2491/4602 2314/2492/4602 2317/2493/4602 2318/2410/4602 1512/2483/4602 2327/2484/4602 2294/2485/4602 2296/2486/4602 1508/2487/4602
f 1519/2373/4602 2268/2411/4602 1520/2412/4602 2272/2371/4602 1524/2437/4602 2285/2367/4602 2286/2504/4602 1517/2443/4602 1518/2415/4602
f 1461/2390/4602 1462/2471/4602 1463/2470/4602 1464/2469/4602 1451/2468/4602 1452/2467/4602 1453/2466/4602 1454/2465/4602 1455/2464/4602 1456/2463/4602 1457/2386/4602 1471/2385/4602 1472/2460/4602 1473/2459/4602 1474/2478/4602 1475/2477/4602 1476/2476/4602 1477/2475/4602 1478/2414/4602 1465/2474/4602 1466/2473/4602 1467/2472/4602 1468/2382/4602
s 1
f 2197/2621/4623 2163/2622/4623 2165/2623/4624 2164/2624/4624 2162/2414/4623 2196/2625/4623 2194/2626/4625 2195/2627/4625
s 0
f 1514/2518/4602 1515/2598/4602 1516/2376/4602 1517/2443/4602 2286/2504/4602 2287/2414/4602 1524/2437/4602 2272/2371/4602 1521/2515/4602 1522/2370/4602 1523/2368/4602 2253/2512/4602 2254/2436/4602 1513/2486/4602 2262/2511/4602
f 1346/2556/4601 1712/2557/4601 1710/2558/4601 1354/2559/4601 1353/2560/4601 1773/2561/4601 1352/2541/4601 1766/2542/4601 1763/2543/4601 1757/2544/4601 1755/2545/4601 1351/2546/4601 1350/2547/4601 1744/2548/4601 1349/2549/4601 1348/2550/4601 1741/2551/4601 1740/2552/4601 1347/2553/4601 1724/2554/4601
f 1526/2628/4602 2221/2629/4602 1527/2630/4602 1528/2631/4602 1529/2632/4602 1530/2518/4602 2225/2633/4602 1531/2634/4602 1532/2635/4602 1533/2636/4602 2240/2637/4602 2241/2638/4602 1534/2639/4602 1535/2516/4602 2249/2640/4602 2250/2641/4602 1536/2642/4602 2251/2643/4602 1525/2644/4602
f 1542/2386/4602 1543/2388/4602 1544/2389/4602 1545/2462/4602 1546/2471/4602 1547/2469/4602 1537/2468/4602 1538/2467/4602 1556/2475/4602 1557/2414/4602 1548/2474/4602 1549/2472/4602 1550/2382/4602 1551/2384/4602 1552/2385/4602 1553/2459/4602 1541/2463/4602
f 1247/2383/4601 1241/2524/4601 1240/2523/4601 1248/2384/4601
f 1169/2472/4601 1164/2471/4601 1163/2462/4601 1170/2461/4601
f 1560/2525/4602 1561/2378/4602 1562/2527/4602 1563/2518/4602 1573/2517/4602 1574/2440/4602 1575/2370/4602 1576/2513/4602 1569/2526/4602 1570/2472/4602 1568/2443/4602 1558/2366/4602 1559/2436/4602
f 1579/2480/4602 2064/2458/4602 2081/2457/4602 1580/2456/4602 1581/2455/4602 1582/2481/4602 2111/2482/4602 2112/2452/4602 1583/2451/4602 1584/2414/4602 1577/2449/4602 2057/2448/4602 2059/2447/4602 1578/2479/4602
f 1310/2645/4601 1309/2646/4601 1308/2647/4601 1307/2648/4601 1306/2649/4601 1305/2650/4601 1304/2651/4601 1303/2652/4601 1302/2653/4601 1301/2654/4601 1300/2655/4601 1299/2656/4601 1298/2657/4601 1297/2658/4601 1296/2659/4601 1295/2660/4601 1294/2661/4601 1293/2662/4601 1320/2663/4601 1319/2664/4601 1318/2665/4601 1317/2666/4601 1316/2667/4601 1315/2668/4601 1314/2669/4601 1313/2670/4601 1312/2671/4601 1311/2672/4601
f 1623/2666/4602 1624/2665/4602 1625/2664/4602 1626/2663/4602 1599/2662/4602 1600/2661/4602 1601/2660/4602 1602/2659/4602 1603/2658/4602 1604/2657/4602 1605/2656/4602 1606/2655/4602 1607/2654/4602 1608/2653/4602 1609/2652/4602 1610/2651/4602 1611/2650/4602 1612/2649/4602 1613/2648/4602 1614/2647/4602 1615/2646/4602 1616/2645/4602 1617/2672/4602 1618/2671/4602 1619/2670/4602 1620/2669/4602 1621/2668/4602 1622/2667/4602
f 1860/2508/4601 1334/2492/4601 1859/2491/4601 1333/2490/4601 1332/2489/4601 1331/2488/4601 1835/2506/4601 1330/2507/4601 1825/2485/4601 1336/2484/4601 1868/2438/4601 1335/2410/4601
s 1
f 2364/2673/4626 1207/2674/4627 2365/2675/4627 1507/2433/4626
s 0
f 1507/2460/4602 2365/2478/4602 2339/2467/4602 2341/2464/4602 1504/2446/4602 1505/2523/4602 2353/2469/4602 1506/2473/4602
f 2340/2467/4601 1207/2478/4601 2364/2385/4601 2355/2474/4601 2354/2469/4601 1206/2523/4601 1205/2676/4601 2342/2465/4601
f 1644/2538/4602 1787/2539/4602 1645/2400/4602 1795/2399/4602 1802/2398/4602 1803/2540/4602 1646/2532/4602 1805/2395/4602 1807/2394/4602 1647/2393/4602 1809/2392/4602 1648/2533/4602 1649/2534/4602 1650/2409/4602 1820/2535/4602 1651/2407/4602 1782/2406/4602 1642/2536/4602 1643/2404/4602 1785/2537/4602
f 1597/2409/4602 2039/2535/4602 1598/2407/4602 1585/2406/4602 1586/2536/4602 1587/2404/4602 1588/2537/4602 1589/2538/4602 2007/2539/4602 1590/2400/4602 1591/2399/4602 2018/2398/4602 1592/2540/4602 1593/2532/4602 2020/2395/4602 2025/2394/4602 2026/2393/4602 1594/2392/4602 1595/2533/4602 1596/2534/4602
f 1480/2511/4602 1481/2377/4602 2521/2376/4602 1482/2375/4602 1483/2374/4602 1484/2441/4602 1485/2372/4602 1486/2371/4602 2530/2370/4602 1487/2439/4602 1488/2437/4602 1489/2367/4602 2497/2366/4602 2502/2381/4602 1479/2380/4602 2507/2379/4602
f 1742/2616/4602 1655/2617/4602 1743/2548/4602 1656/2547/4602 1747/2618/4602 1754/2619/4602 1756/2544/4602 1762/2543/4602 1657/2542/4602 1771/2541/4602 1772/2620/4602 1780/2614/4602 1781/2559/4602 1709/2558/4602 1711/2615/4602 1652/2555/4602 1723/2554/4602 1653/2553/4602 1739/2552/4602 1654/2551/4602
f 1676/2381/4602 1677/2380/4602 1659/2379/4602 1678/2511/4602 1679/2377/4602 1660/2376/4602 1661/2375/4602 1662/2374/4602 1682/2441/4602 1685/2372/4602 1663/2371/4602 1699/2370/4602 1664/2439/4602 1665/2437/4602 1707/2367/4602 1658/2366/4602
f 1234/2677/4601 1233/2678/4601 1232/2640/4601 2248/2516/4601 1231/2639/4601 1230/2679/4601 1229/2680/4601 1228/2636/4601 2233/2635/4601 1227/2634/4601 2226/2633/4601 1226/2518/4601 1225/2632/4601 2224/2631/4601 2223/2630/4601 2222/2629/4601 1224/2681/4601 2218/2644/4601 2252/2643/4601
s 1
f 2237/2521/4628 2239/2682/4628 1228/2683/4629 1533/2684/4629 2238/2471/4628 2236/2396/4628 2234/2462/4628 1532/2685/4630 2233/2686/4630 2235/2687/4628
f 1675/2688/4631 1356/2689/4632 1676/2690/4632 1674/2691/4631 1672/2692/4631 1670/2693/4631 1658/2694/4633 1355/2695/4633 1671/2696/4631 1673/2697/4631
f 2169/2698/4634 2171/2699/4635 2170/2700/4635 2168/2701/4634
f 2505/2702/4636 2506/2703/4637 1479/2704/4637 2504/2705/4636 2502/2690/4638 2503/2706/4638
f 1357/2703/4639 1358/2707/4640 1659/2708/4640 1677/2704/4639
f 2624/2707/4641 1148/2709/4642 1443/2710/4642 1442/2708/4641
f 1148/2711/4642 1149/2712/4643 1444/2713/4643 1443/2714/4642
f 2630/2715/4644 2632/2716/4644 2634/2717/4644 2636/2718/4645 2635/2719/4645 2633/2720/4644 2631/2721/4644 2629/2722/4644 2627/2723/4644 2625/2724/4644 1444/2713/4643 1149/2712/4643 2626/2725/4644 2628/2726/4644
f 2636/2718/4645 2637/2727/4646 1445/2728/4646 2635/2719/4645
f 1681/2727/4646 1361/2729/4647 1662/2730/4647 1661/2728/4646
f 1361/2729/4647 1683/2731/4648 1682/2732/4648 1662/2730/4647
f 1185/2600/4649 2523/2733/4650 1485/2734/4650 1484/2601/4649
f 1284/2735/4611 1285/2736/4651 1590/2737/4651 2007/2738/4612
f 1187/2739/4652 1487/2740/4652 2530/2741/4653 2531/2742/4653
f 1152/2743/4654 1450/2744/4654 1449/2745/4655 2649/2746/4656
f 1736/2747/4657 1738/2748/4657 1740/2749/4658 1739/2750/4658 1737/2751/4657 1735/2518/4657 1733/2752/4657 1653/2605/4621 1347/2604/4621 1734/2753/4657
f 1859/2754/4659 1638/2755/4659 1857/2756/4660 1855/2757/4660 1637/2758/4661 1333/2759/4661 1856/2760/4660 1858/2761/4660
f 2379/2762/4662 2381/2763/4662 2383/2764/4662 2385/2765/4662 1194/2766/4663 2386/2421/4663 2384/2500/4662 2382/2767/4662 2380/2768/4662 2378/2769/4662 2376/2770/4662 2374/2501/4662 1497/2419/4664 1193/2771/4664 2375/2772/4662 2377/2773/4662
f 1228/2683/4629 1229/2774/4665 2240/2775/4665 1533/2684/4629
f 1667/2776/4666 1669/2777/4666 1355/2695/4633 1658/2694/4633 1668/2778/4666 1666/2779/4666 1707/2780/4667 1708/2781/4667
f 1768/2782/4668 1770/2783/4668 1352/2784/4669 1771/2438/4669 1769/2785/4668 1767/2786/4668 1657/2787/4670 1766/2788/4671
f 1698/2789/4672 1362/2742/4653 1699/2741/4653 1697/2790/4672 1695/2791/4672 1663/2792/4673 1694/2793/4673 1696/2794/4672
f 1348/2795/4674 1349/2796/4675 1655/2797/4675 1742/2798/4674
f 2713/2799/4676 1143/2800/4677 1438/2516/4677 1437/2801/4676
f 2697/2795/4678 2698/2796/4679 1435/2797/4679 1434/2798/4678
f 2649/2739/4656 1449/2740/4655 1448/2741/4680 2648/2742/4680
f 1763/2802/4681 1765/2803/4682 1766/2788/4671 1657/2804/4670 1764/2805/4682 1762/2806/4681
f 1761/2807/4683 1763/2802/4681 1762/2806/4681 1760/2808/4683 1758/2809/4683 1756/2516/4677 1757/2800/4677 1759/2810/4683
f 1350/2811/4684 1351/2812/4685 1747/2813/4685 1656/2814/4684
f 2712/2815/4685 2713/2816/4676 1437/2817/4676 1436/2818/4685
f 2669/2819/4686 2671/2820/4686 2673/2821/4687 2672/2822/4687 2670/2486/4686 2668/2823/4686 2666/2824/4686 2664/2825/4686 2662/2826/4686 2660/2827/4686 1431/2828/4688 1138/2829/4688 2661/2830/4686 2663/2831/4686 2665/2832/4686 2667/2833/4686
f 1740/2749/4658 1741/2834/4689 1654/2835/4689 1739/2750/4658
f 1947/2836/4690 1949/2726/4691 1948/2723/4691 1946/2837/4690
f 1732/2603/4692 1347/2604/4621 1653/2605/4621 1731/2606/4692 1729/2607/4692 1727/2506/4692 1725/2608/4692 1723/2609/4622 1724/2610/4622 1726/2611/4692 1728/2612/4692 1730/2613/4692
f 2724/2838/4693 2726/2839/4693 1146/2840/4694 1440/2841/4695 2725/2842/4693 2723/2843/4693 1439/2844/4696 1145/2845/4696
f 1808/2529/4609 1647/2530/4609 1807/2531/4608 1343/2528/4608
f 1322/2846/4697 1871/2847/4698 1870/2848/4699 1321/2849/4699
f 1783/2850/4700 1643/2851/4700 1642/2852/4701 1338/2853/4701
f 2121/2854/4702 2120/2855/4702 2118/2856/4703 2119/2857/4703
f 1921/2696/4704 1923/2858/4704 1925/2859/4704 1927/2860/4705 1926/2861/4705 1924/2862/4704 1922/2863/4704 1920/2693/4704 1918/2864/4704 1916/2865/4704 1914/2866/4706 1915/2867/4706 1917/2868/4704 1919/2869/4704
f 1889/2870/4707 1891/2871/4707 1892/2872/4708 1631/2873/4708 1890/2874/4707 1888/2875/4707 1886/2876/4707 1885/2877/4709 1324/2878/4709 1887/2879/4707
f 1892/2872/4708 1325/2880/4710 1893/2881/4710 1631/2873/4708
f 1896/2882/4711 1895/2883/4711 1894/2884/4712 1326/2885/4712
f 1898/2528/4713 1897/2531/4714 1895/2883/4711 1896/2882/4711
f 2027/2529/4609 2029/2886/4715 2031/2887/4715 2032/2888/4716 1594/2472/4716 2030/2889/4715 2028/2890/4715 2026/2530/4609
f 2033/2891/4717 1595/2892/4717 1594/2472/4716 2032/2888/4716
f 2033/2893/4717 2035/2894/4718 2037/2895/4718 1291/2896/4719 1596/2897/4719 2036/2898/4718 2034/2899/4718 1595/2900/4717
f 1137/2901/4720 2789/2902/4721 2788/2903/4721 2787/2904/4720
f 1912/2902/4722 1913/2905/4723 1634/2906/4724 1633/2903/4722
f 1131/2872/4708 1132/2880/4725 2775/2881/4725 1424/2873/4708
f 1821/2907/4726 1822/2908/4727 1651/2909/4727 1820/2910/4726
f 1913/2907/4723 1329/2908/4728 1635/2909/4728 1634/2910/4724
f 1975/2911/4729 1974/2912/4729 1972/2913/4730 1973/2914/4730
f 2441/2915/4731 2442/2916/4732 2440/2917/4733 1190/2918/4733
f 2297/2919/4734 2298/2920/4735 1508/2921/4735 2296/2922/4734
f 2659/2923/4736 1138/2924/4688 1431/2925/4688 2658/2926/4736
f 2307/2927/4737 2309/2928/4737 1208/2759/4661 1510/2758/4661 2308/2929/4737 2306/2930/4737 2304/2931/4738 2305/2932/4738
f 2313/2761/4660 1209/2754/4659 1511/2755/4659 2312/2756/4660 2310/2757/4660 1510/2758/4661 1208/2759/4661 2311/2760/4660
f 1859/2754/4659 1334/2933/4739 1639/2934/4739 1638/2755/4659
f 1860/2888/4740 1335/2935/4741 1640/2936/4741 1861/2472/4742
f 2115/2937/4743 2117/2938/4744 2116/2939/4744 2114/2940/4743
f 1200/2941/4745 2417/2942/4746 2419/2943/4746 1201/2944/4747 2420/2945/4747 2418/2946/4746 2416/2432/4746 1500/2431/4745
f 1133/2947/4748 1425/2948/4748 2775/2949/4725 1132/2950/4725
f 1212/2951/4749 2262/2952/4749 1513/2953/4750 1211/2954/4750
f 1996/2849/4751 1282/2846/4701 1586/2847/4701 1585/2848/4751
f 2133/2955/4752 2135/2956/4753 2134/2957/4753 2132/2958/4752
f 1783/2850/4700 1784/2959/4754 1785/2960/4755 1643/2851/4700
f 2750/2961/4756 2752/2962/4605 2751/2963/4605 2749/2964/4756
f 1794/2965/4757 1339/2736/4758 1645/2737/4758 1793/2446/4757 1791/2966/4757 1789/2967/4757 1787/2738/4616 1788/2735/4616 1790/2968/4757 1792/2969/4757
f 1777/2970/4759 1779/2839/4759 1353/2840/4760 1780/2841/4760 1778/2842/4759 1776/2971/4759 1774/2843/4759 1772/2844/4761 1773/2845/4761 1775/2838/4759
f 1141/2834/4762 2697/2972/4678 1434/2973/4678 1433/2835/4762
f 2015/2870/4707 2017/2871/4707 1287/2872/4708 2018/2873/4708 2016/2874/4707 2014/2875/4707 2012/2876/4707 1591/2877/4709 1286/2878/4709 2013/2879/4707
f 2019/2950/4710 1288/2947/4712 1593/2948/4712 1592/2949/4710
f 1134/2882/4763 1135/2528/4608 1426/2531/4608 2776/2883/4763
f 2451/2974/4764 2452/2975/4765 2450/2976/4766 1493/2977/4767 2449/2978/4768
f 1957/2979/4769 1959/2980/4770 1958/2981/4770 1956/2982/4769
f 1344/2888/4716 1810/2891/4771 1648/2892/4771 1809/2472/4716
f 2001/2983/4772 2003/2984/4772 2005/2985/4772 2006/2962/4610 1589/2963/4610 2004/2986/4772 2002/2987/4772 2000/2988/4772 1998/2989/4772 1588/2964/4756 1997/2990/4756 1999/2991/4772
f 1649/2897/4773 1648/2900/4771 1810/2893/4771 1345/2896/4774
f 1345/2901/4774 1811/2902/4775 1650/2903/4775 1649/2904/4773
f 2038/2902/4776 1292/2905/4777 2039/2906/4777 1597/2903/4776
f 2224/2992/4778 1225/2993/4779 1529/2994/4779 1528/2995/4778
f 1995/2996/4666 1996/2849/4751 1585/2848/4751 1994/2997/4666 1598/2909/4780 2040/2998/4780
f 2093/2999/4781 2095/3000/4781 2097/3001/4781 2098/3002/4782 1580/3003/4782 2096/3004/4781 2094/3005/4781 2092/3006/4781 2090/3007/4781 2088/2428/4781 2086/3008/4781 2084/3009/4781 2082/3010/4781 2081/3011/4783 1278/3012/4783 2083/3013/4781 2085/3014/4781 2087/3015/4781 2089/3016/4781 2091/3017/4781
f 1216/3018/4784 1217/3019/4785 1519/3020/4785 1518/3021/4784
f 2641/2733/4650 1151/2793/4786 1447/2792/4786 2640/2734/4650
f 1971/3022/4787 1973/2914/4730 1972/2913/4730 1970/3023/4787
f 1927/2860/4705 1929/2706/4788 1928/2507/4788 1926/2861/4705
f 1929/2706/4788 1931/3024/4789 1930/3025/4789 1928/2507/4788
f 1931/3024/4789 1933/3026/4790 1932/3027/4790 1930/3025/4789
f 2155/3028/4791 2157/3029/4792 2156/3030/4792 2154/3031/4791
f 1274/3032/4793 2059/3033/4793 2057/2421/4663 2058/2766/4663
f 1935/3034/4794 1937/3035/4795 1936/3036/4795 1934/3037/4794
f 2431/3038/4796 2433/3039/4796 2435/3040/4796 1189/3041/4797 1492/3042/4798 2434/3043/4796 2432/3044/4796 2430/3045/4796 2428/3046/4796 2426/3047/4796 1491/3048/4799 1188/3049/4799 2427/3050/4796 2429/3051/4796
f 1949/2726/4691 1951/3052/4609 1950/3053/4609 1948/2723/4691
f 2516/2715/4644 2518/2716/4644 2520/2717/4644 2522/2718/4645 2521/2719/4645 2519/2720/4644 2517/2721/4644 2515/2722/4644 2513/2723/4644 2511/2724/4644 1481/2713/4800 2510/2712/4800 2512/2725/4644 2514/2726/4644
f 1953/3054/4801 1955/3055/4802 1954/3056/4802 1952/3057/4801
f 2474/3058/4803 2476/3059/4804 2475/3060/4804 2473/3061/4803 2471/3062/4803 1495/3063/4805 2470/3064/4805 2472/3065/4803
f 2271/3066/4806 2273/3067/4806 2275/3068/4806 2277/3069/4806 1219/3070/4807 1521/3071/4807 2276/3072/4806 2274/3073/4806 2272/3074/4806 2270/3075/4806 1520/3076/4808 1218/3077/4808
f 1354/3078/4809 1710/2923/4810 1709/2926/4810 1781/3079/4809
f 2440/2917/4733 2438/3080/4811 2439/3081/4811 1190/2918/4733
f 2996/2627/4812 2998/3082/4812 3000/3083/4813 2999/2367/4813 2997/3084/4812 2995/2626/4812 2993/2368/4812 2991/3085/4814 2992/3086/4814 2994/3087/4812
f 1961/3088/4815 1963/3089/4816 1962/3090/4816 1960/3091/4815
f 2145/3092/4817 2147/3093/4818 2146/3094/4818 2144/2378/4817
f 1965/3095/4819 1967/3096/4820 1966/3097/4820 1964/3098/4819
f 1933/3026/4790 1935/3034/4794 1934/3037/4794 1932/3027/4790
f 1969/3000/4821 1971/3022/4787 1970/3023/4787 1968/3005/4821
f 2561/2521/4822 2563/3099/4822 2565/3100/4823 2564/3101/4823 2562/3102/4822 2560/2396/4822 2558/3103/4824 2559/3104/4824
f 1744/3105/4825 1746/3106/4826 1350/2811/4684 1656/2814/4684 1745/3107/4826 1743/3108/4825
f 2283/3109/4759 2284/3110/4827 1523/3111/4827 2282/3112/4759 2280/3113/4759 2278/3114/4759 1522/3115/4828 1220/3116/4828 2279/3117/4759 2281/3118/4759
f 1977/3119/4829 1979/3120/4830 1978/3121/4830 1976/3122/4829
f 1323/2962/4613 1629/2963/4613 1628/2964/4756 1881/2961/4756
f 2509/2711/4831 2510/2712/4800 1481/2713/4800 1480/2714/4832
f 1989/3123/4833 1991/3124/4834 1990/2483/4834 1988/3125/4833
f 2740/2849/4699 2742/2846/4835 2741/2847/4698 2739/2848/4699
f 1129/2850/4836 2750/2959/4756 2749/2960/4756 1422/2851/4836
f 1197/3126/4837 2405/2425/4837 2404/3127/4838 1196/3128/4839
f 2759/3129/4840 2761/2965/4840 2762/2736/4841 1423/2737/4841 2760/2446/4840 2758/3130/4840 2756/2966/4840 2754/2967/4840 2753/2738/4604 1130/2735/4603 2755/2968/4840 2757/2969/4840
f 1324/2878/4709 1885/2877/4709 1630/2737/4842 1884/2736/4842
f 1342/2880/4725 1803/2881/4725 1802/2873/4708 1341/2872/4708
f 1342/2950/4725 1804/2947/4748 1646/2948/4748 1803/2949/4725
f 1804/2885/4748 1806/2882/4763 1805/2883/4763 1646/2884/4748
f 2129/3131/4843 2128/3132/4843 2126/3133/4844 2127/3134/4844
f 1329/2908/4728 1321/2849/4699 1870/2848/4699 1635/2909/4728
f 1898/3135/4713 1900/3136/4845 1902/3137/4845 1903/2529/4846 1632/2530/4846 1901/3138/4845 1899/3139/4845 1897/2531/4714
f 1903/2529/4846 1905/2888/4716 1904/2472/4716 1632/2530/4846
f 2782/2888/4847 1136/2891/4848 1429/2892/4849 1428/2472/4847
f 2784/2894/4850 2786/2895/4850 1137/2896/4720 2787/2897/4720 2785/2898/4850 2783/2899/4850 1429/2900/4849 1136/2893/4848
f 2820/3140/4759 2821/2702/4851 1413/2705/4851 2819/3141/4759 2817/2690/4759 1412/2691/4852 1122/2688/4852 2818/2689/4759
f 2040/2908/4780 1598/2909/4780 2039/2910/4777 1292/2907/4777
f 2772/2870/4707 2774/2871/4707 1131/2872/4708 1424/2873/4708 2773/2874/4707 2771/2875/4707 2769/2876/4707 2767/2877/4709 2768/2878/4709 2770/2879/4707
f 2076/3142/4853 2078/3143/4853 2080/3144/4853 1278/3012/4783 2081/3011/4783 2079/3145/4853 2077/3146/4853 2075/3147/4853 2073/3148/4853 2071/2426/4853 2069/2498/4853 2067/3149/4853 2065/3150/4853 2064/2425/4854 1277/3151/4854 2066/3152/4853 2068/3153/4853 2070/3154/4853 2072/3155/4853 2074/3156/4853
f 1331/3157/4855 1838/3158/4856 1840/3159/4856 1842/3160/4856 1844/3161/4856 1846/3162/4856 1848/3163/4856 1332/2932/4857 1636/2931/4857 1847/3164/4856 1845/3165/4856 1843/3166/4856 1841/3167/4856 1839/3168/4856 1837/3169/4856 1836/3170/4858
f 2098/3002/4782 2100/3171/4859 2102/3172/4859 2103/3173/4860 1581/2431/4860 2101/3174/4859 2099/3175/4859 1580/3003/4782
f 1214/3176/4861 2267/3177/4862 1516/3178/4862 1515/3179/4861
f 2255/3180/4863 2254/3181/4863 2253/3182/4864 1210/3183/4864
f 2924/3184/4865 2923/2402/4865 2921/2447/4866 2922/3185/4866
f 2403/3186/4867 1196/3187/4839 2404/2424/4838 2402/3188/4867 2400/3189/4867 2398/3190/4867 2396/3191/4867 2395/2423/4868 2394/3192/4869 2397/3193/4867 2399/3194/4867 2401/3195/4867
f 2104/2944/4870 1582/2945/4870 1581/2431/4860 2103/3173/4860
f 1908/2894/4871 1910/2895/4871 1328/2896/4872 1911/2897/4872 1909/2898/4871 1907/2899/4871 1906/2900/4873 1327/2893/4873
f 2421/3196/4874 2422/3197/4875 1503/3198/4876 1204/3199/4876
f 2882/3200/4759 2884/3201/4877 2883/3202/4877 2881/3203/4759 2879/3204/4759 2878/3205/4878 1112/3206/4878 2880/3207/4759
f 2161/3208/4672 2141/3209/4672 2143/3210/4879 2142/2381/4879 2140/3211/4672 2160/3212/4672 2158/3213/4672 2156/3030/4792 2157/3029/4792 2159/3214/4672
f 2796/3215/4880 2797/2908/4881 1430/2909/4881 2795/3216/4880 2793/2910/4882 2792/2907/4883 2794/3217/4880
f 2024/3218/4884 1290/2528/4608 2025/2531/4608 2023/3219/4884 2021/3220/4884 2020/2883/4885 1289/2882/4885 2022/3221/4884
f 2117/2938/4744 2119/2857/4703 2118/2856/4703 2116/2939/4744
f 1150/2600/4649 2641/2733/4650 2640/2734/4650 1446/2601/4649
f 1212/2951/4749 1213/3222/4886 1514/3223/4887 2262/2952/4749
f 1969/3000/4821 1968/3005/4821 1966/3097/4820 1967/3096/4820
f 2155/3028/4791 2154/3031/4791 2152/3224/4888 2153/3225/4888
f 2129/3131/4843 2131/3226/4889 2130/3227/4889 2128/3132/4843
f 2125/3228/4890 2127/3134/4844 2126/3133/4844 2124/3229/4890 2122/3230/4890 2120/2855/4702 2121/2854/4702 2123/3231/4890
f 2135/2956/4753 2137/3232/4891 2136/3233/4891 2134/2957/4753
f 1337/2849/4751 1338/2846/4701 1642/2847/4701 1782/2848/4751
f 1280/3234/4892 2113/3199/4893 1583/3198/4893 2112/2416/4892
f 2011/3235/4894 1286/2878/4709 1591/2877/4709 2010/3236/4894 2008/3237/4894 1590/2737/4651 1285/2736/4651 2009/3238/4894
f 2151/3239/4895 2153/3225/4888 2152/3224/4888 2150/3240/4895 2148/2446/4895 2146/3094/4818 2147/3093/4818 2149/2965/4895
f 2131/3226/4889 2133/2955/4752 2132/2958/4752 2130/3227/4889
f 1963/3089/4816 1965/3095/4819 1964/3098/4819 1962/3090/4816
f 2115/2937/4743 2114/2940/4743 2138/3241/4896 2139/3242/4896
f 1336/3243/4897 1824/3244/4898 1825/3245/4899 1826/3246/4900 1823/3247/4898 1869/3248/4897
f 1993/3249/4901 1915/2867/4706 1914/2866/4706 1992/3250/4901
f 2392/3251/4902 1195/3032/4903 2393/3033/4903 2391/3252/4902 2389/3253/4902 2387/3254/4902 2386/2421/4663 1194/2766/4663 2388/3255/4902 2390/3256/4902
f 2545/2623/4624 2547/2706/4904 2546/2507/4904 2544/2624/4624
f 2549/2698/4634 2551/2699/4905 2550/2700/4905 2548/2701/4634
f 2171/2699/4635 2173/2965/4906 2172/2446/4906 2170/2700/4635
f 2173/2965/4906 2175/2717/4907 2174/2720/4907 2172/2446/4906
f 2175/2717/4907 2177/2520/4606 2176/2522/4606 2174/2720/4907
f 2201/2706/4908 2203/3184/4909 2202/2402/4909 2200/2507/4908
f 1203/3234/4910 1204/3199/4876 1503/3198/4876 1502/2416/4910
f 2189/3257/4911 2191/3258/4912 2190/2453/4912 2188/3259/4911
f 2191/3258/4912 2193/3124/4913 2192/2483/4913 2190/2453/4912
f 2193/3124/4913 2195/2627/4625 2194/2626/4625 2192/2483/4913
f 2581/2621/4623 2543/2622/4623 2545/2623/4624 2544/2624/4624 2542/2414/4623 2580/2625/4623 2578/2626/4625 2579/2627/4625
f 2205/2717/4914 2204/2720/4914 2202/2402/4909 2203/3184/4909
f 2217/3124/4915 2216/2483/4915 2214/2410/4916 2215/3260/4916
f 2217/3124/4915 2199/3261/4917 2198/2414/4917 2216/2483/4915
f 2205/2717/4914 2207/2729/4918 2206/2730/4918 2204/2720/4914
f 2201/2706/4908 2200/2507/4908 2198/3262/4917 2199/2622/4917
f 2209/3095/4919 2211/3263/4920 2210/2492/4920 2208/3098/4919
f 2211/3263/4920 2213/3264/4921 2212/3265/4921 2210/2492/4920
f 2213/3264/4921 2215/3260/4916 2214/2410/4916 2212/3265/4921
f 2207/2729/4918 2209/3095/4919 2208/3098/4919 2206/2730/4918
f 2248/3266/4922 1232/3267/4923 2249/2384/4923 1535/3268/4922
f 2252/3269/4809 2218/3270/4924 1525/3271/4924 2251/2476/4809
f 1123/2726/4924 2830/2717/4925 2829/2720/4925 2828/2723/4924
f 1831/3272/4644 1833/3273/4644 1835/2920/4926 1834/2921/4926 1832/3274/4644 1830/3275/4644 1828/3276/4644 1827/2922/4927 1330/2919/4927 1829/3277/4644
f 2537/2781/4667 1489/2780/4667 1488/3278/4928 2536/3279/4928
f 1221/2965/4929 1222/2888/4930 2286/2472/4930 2285/2446/4929
f 1192/3280/4809 1496/3281/4809 2483/3282/4760 2484/3283/4760
f 1234/3284/4931 2252/3269/4809 2251/2476/4809 1536/2478/4931
f 1195/3032/4903 2394/3285/4869 2395/3286/4868 2393/3033/4903
f 2223/3287/4932 2224/2992/4778 1528/2995/4778 1527/2463/4932
f 1953/3054/4801 1952/3057/4801 1950/3053/4609 1951/3052/4609
f 1225/2993/4779 1226/3288/4933 1530/2387/4933 1529/2994/4779
f 2722/2784/4934 1145/3289/4696 1439/3290/4696 2721/2438/4934
f 1941/3184/4935 1943/3291/4935 1945/3292/4935 1947/2836/4690 1946/2837/4690 1944/3293/4935 1942/3294/4935 1940/2402/4935 1938/3295/4935 1936/3036/4795 1937/3035/4795 1939/3296/4935
f 2295/3245/4936 2297/3297/4734 2296/3298/4734 2294/3299/4936
f 2315/2933/4739 2316/3300/4740 2317/3301/4742 2314/2934/4739
f 2048/2762/4662 2050/2763/4662 2052/3302/4662 2054/2764/4662 2056/2765/4662 2058/2766/4663 2057/2421/4663 2055/2500/4662 2053/2767/4662 2051/3303/4662 2049/2768/4662 2047/2769/4662 2045/2770/4662 2043/2501/4662 2041/3304/4662 1577/2419/4937 1273/2771/4937 2042/3305/4662 2044/2772/4662 2046/2773/4662
f 2461/3306/4938 2463/3307/4939 2462/3308/4939 2460/3309/4938 2458/3310/4938 2456/3311/4938 2454/3312/4938 2452/2975/4765 2451/2974/4764 2453/3313/4938 2455/3314/4938 2457/3315/4938 2459/3316/4938
f 1905/2888/4716 1327/2891/4873 1906/2892/4873 1904/2472/4716
f 1358/2707/4640 1359/2709/4940 1678/2710/4940 1659/2708/4640
f 2467/3317/4941 2469/3318/4942 2468/3319/4942 1494/3320/4941
f 2960/3321/4943 2962/3322/4944 2961/3323/4944 2959/2493/4943
f 1227/3324/4945 2233/2686/4630 1532/2685/4630 1531/2523/4945
f 2907/3325/4946 2861/3183/4947 2860/3182/4947 2908/3326/4948
f 2269/3327/4949 1218/3077/4808 1520/3076/4808 2268/3328/4949
f 2325/3329/4950 2326/3330/4951 1512/3331/4952 2324/3332/4950 2322/3333/4950 2320/3334/4950 2318/2936/4741 2319/2935/4741 2321/3335/4950 2323/3336/4950
f 2137/3232/4891 2139/3242/4896 2138/3241/4896 2136/3233/4891
f 1867/3329/4950 1868/3330/4951 1641/3331/4952 1866/3332/4950 1864/3333/4950 1862/3334/4950 1640/2936/4741 1335/2935/4741 1863/3335/4950 1865/3336/4950
f 1112/3222/4878 2878/3223/4878 1406/2952/4953 2877/2951/4953
f 1975/2911/4729 1977/3119/4829 1976/3122/4829 1974/2912/4729
f 1113/3177/4862 1407/3178/4862 2883/3179/4877 2884/3176/4877
f 1226/3288/4933 2226/3337/4954 2225/2676/4955 1530/2387/4933
f 1189/3338/4797 2437/3339/4956 2436/3340/4956 1492/3341/4798
f 2897/3019/4957 2896/3020/4957 2895/3021/4958 1114/3018/4958
f 1206/2717/4959 1505/2720/4959 1504/3053/4960 1205/3052/4961
f 2899/3077/4962 1409/3076/4962 1408/3328/4963 2898/3327/4963
f 1328/2901/4872 1912/2902/4722 1633/2903/4722 1911/2904/4872
f 1118/3342/4964 2900/3343/4964 1411/3071/4807 1117/3070/4807
f 2906/3109/4965 2907/3110/4946 2908/3111/4948 2905/3112/4965 2903/3113/4965 2901/3114/4965 2900/3115/4964 1118/3116/4964 2902/3117/4965 2904/3118/4965
f 1822/2908/4727 1337/2849/4751 1782/2848/4751 1651/2909/4727
f 1222/2888/4930 1223/3258/4966 2287/2453/4966 2286/2472/4930
f 1825/3245/4899 1330/3297/4927 1827/3298/4927 1826/3299/4900
f 1201/3344/4747 1202/3345/4967 1501/3346/4968 2420/3347/4747
f 1835/3348/4926 1331/3349/4855 1836/3170/4858 1834/3350/4926
f 2352/3088/4666 2354/3351/4969 2353/3352/4969 2351/3091/4666 2349/2396/4666 1505/2720/4959 1206/2717/4959 2350/2521/4666
f 2181/3100/4970 2180/3101/4970 2178/2396/4607 2179/2521/4607
f 2523/2733/4650 1186/2793/4786 1486/2792/4786 1485/2734/4650
f 1209/2754/4659 2315/2933/4739 2314/2934/4739 1511/2755/4659
f 1334/2933/4739 1860/3300/4740 1861/3301/4742 1639/2934/4739
f 2319/2935/4741 2318/2936/4741 2317/2472/4742 2316/2888/4740
f 2535/3124/4759 2536/2743/4928 1488/2744/4928 2534/2483/4759 2532/3353/4759 1487/2745/4652 1187/2746/4652 2533/3354/4759
f 1325/2950/4710 1326/2947/4712 1894/2948/4712 1893/2949/4710
f 1868/3355/4951 1336/3243/4897 1869/3248/4897 1641/3356/4952
f 2373/3357/4672 2334/2622/4672 2336/2868/4672 2338/2869/4672 2340/3358/4971 2339/3359/4971 2337/2864/4672 2335/2865/4672 2333/2414/4672 2372/3360/4672 2370/3250/4672 2368/3361/4672 2366/2483/4672 2365/2675/4627 1207/2674/4627 2367/3124/4672 2369/3362/4672 2371/3249/4672
f 1202/3363/4967 1203/3234/4910 1502/2416/4910 1501/3364/4968
f 1234/3365/4931 1536/3366/4931 2250/3367/4972 1233/3368/4973
f 2299/3349/4974 2301/3159/4672 2303/3163/4672 2305/2932/4738 2304/2931/4738 2302/3164/4672 2300/3168/4672 1509/3170/4974
f 2261/3369/4975 1211/2954/4750 1513/2953/4750 2260/3370/4975 2258/3371/4975 2256/3372/4975 2254/3181/4863 2255/3180/4863 2257/3373/4975 2259/3374/4975
f 2332/3375/4666 2289/3376/4666 2291/3244/4666 2293/3377/4666 2295/3245/4936 2294/3246/4936 2292/3378/4666 2290/3247/4666 2288/3379/4666 2331/3380/4666 2329/3381/4666 2327/3248/4976 2328/3243/4976 2330/3382/4666
f 2469/3318/4942 2470/3064/4805 1495/3063/4805 2468/3319/4942
f 1356/2689/4632 1357/2703/4639 1677/2704/4639 1676/2690/4632
f 1274/3032/4793 1275/3285/4977 1578/3286/4977 2059/3033/4793
f 1277/3126/4854 2064/2425/4854 1579/3127/4978 1276/3128/4979
f 1192/3280/4809 2486/3383/4666 2488/3384/4666 2490/3385/4666 2424/2622/4666 2425/3386/4924 1490/3387/4924 2423/2414/4666 2489/3388/4666 2487/3389/4666 2485/3390/4666 1496/3281/4809
f 2298/3348/4735 2299/3349/4974 1509/3170/4974 1508/3350/4735
f 2267/3177/4862 1216/3018/4784 1518/3021/4784 1516/3178/4862
f 1718/2819/4644 1720/2820/4644 1722/3391/4644 1346/2821/4980 1652/3392/4980 1721/2822/4644 1719/2486/4644 1717/2823/4644 1715/2824/4644 1713/2827/4644 1711/2828/4981 1712/2829/4981 1714/2830/4644 1716/2833/4644
f 2108/2673/4982 2110/3393/4982 1279/3345/4983 2111/3346/4984 2109/3394/4982 2107/2433/4982 2105/3395/4982 1582/3347/4870 2104/3344/4870 2106/3396/4982
f 1279/3363/4983 1280/3234/4892 2112/2416/4892 2111/3364/4984
f 2930/2747/4985 2932/3397/4986 2931/3398/4986 2929/2518/4985
f 1122/2697/4852 1412/2692/4852 2816/2694/4987 1121/2695/4987
f 1281/3399/4988 1273/2771/4937 1577/2419/4937 1584/3400/4988
f 1959/2980/4770 1961/3088/4815 1960/3091/4815 1958/2981/4770
f 1281/3196/4988 1584/3197/4988 1583/3198/4893 2113/3199/4893
f 2269/3401/4949 2268/3402/4949 1519/3403/4785 1217/3404/4785
f 2354/3351/4969 2355/3000/4989 1506/3005/4990 2353/3352/4969
f 2437/3339/4956 2439/3081/4811 2438/3080/4811 2436/3340/4956
f 2463/3307/4939 1191/3405/4991 2464/3406/4991 2462/3308/4939
f 1339/2736/4758 1340/2878/4709 1795/2877/4709 1645/2737/4758
f 1233/3407/4973 2250/2385/4972 2249/2384/4923 1232/3267/4923
f 1219/3070/4807 1220/3342/4828 1522/3343/4828 1521/3071/4807
f 1784/2961/4754 1786/2962/4615 1644/2963/4617 1785/2964/4755
f 1191/3405/4991 2466/3408/4992 2465/3409/4992 2464/3406/4991
f 2567/2888/4993 2566/2472/4993 2564/3101/4823 2565/3100/4823
f 2220/3410/4994 2222/3411/4995 2221/3412/4995 2219/2466/4994 1526/3413/4996 1224/3414/4996
f 1223/3258/4966 1221/3415/4929 2285/3416/4929 2287/2453/4966
f 2346/3184/4997 2348/3292/4997 1205/3417/4961 1504/3418/4960 2347/3293/4997 2345/2402/4997 2343/3036/4997 2341/3253/4998 2342/3256/4998 2344/3035/4997
f 2448/3419/4999 2449/3420/4768 1493/3421/4767 2447/3422/4999 2445/3423/4999 2443/3424/4999 2442/3425/4732 2441/3426/4731 2444/3427/4999 2446/3428/4999
f 1230/3429/5000 2241/3430/5000 2240/2469/4665 1229/3431/4665
f 2421/3399/4874 1193/2771/4664 1497/2419/4664 2422/3400/4875
f 2492/2622/4666 2494/2776/4666 2496/2777/4666 1182/2695/5001 2497/2694/5001 2495/2778/4666 2493/2779/4666 2491/2414/4666 2540/3432/4666 2538/3433/4666 1489/2780/4667 2537/2781/4667 2539/3434/4666 2541/3435/4666
f 2527/3436/4672 2529/2789/4672 2531/2742/4653 2530/2741/4653 2528/2790/4672 2526/3437/4672 2524/2791/4672 1486/2792/4786 1186/2793/4786 2525/2794/4672
f 1200/3173/4745 1500/2431/4745 1499/3003/4782 1199/3002/4782
f 2622/2702/4636 2623/2703/4637 1441/2704/4637 2621/2705/4636 2619/2690/4638 2620/2706/4638
f 2506/2703/4637 2508/2707/5002 2507/2708/5002 1479/2704/4637
f 1360/2712/5003 1679/2713/5003 1678/2714/4940 1359/2711/4940
f 1360/2712/5003 1680/2718/4645 1660/2719/4645 1679/2713/5003
f 2342/3438/4998 2341/3439/4998 2339/3359/4971 2340/3358/4971
f 1680/2718/4645 1681/2727/4646 1661/2728/4646 1660/2719/4645
f 1183/2727/4646 1184/2729/4647 1483/2730/4647 1482/2728/4646
f 1184/2729/4647 1185/2731/4649 1484/2732/4649 1483/2730/4647
f 3004/3440/5004 2914/3441/5005 2913/3442/5005 3003/2450/5004
f 1704/3443/4759 1706/3124/4759 1363/2743/4928 1665/2744/4928 1705/2483/4759 1703/3444/4759 1701/3353/4759 1664/2745/4652 1700/2746/4652 1702/3354/4759
f 2651/2781/4667 2650/2780/4667 1450/3278/4654 1152/3279/4654
f 1806/2882/4763 1343/2528/4608 1807/2531/4608 1805/2883/4763
f 2167/2706/4904 2169/2698/4634 2168/2701/4634 2166/2507/4904
f 1128/3279/5006 1421/3278/5006 2848/3353/5007 2849/3354/5007
f 2551/2699/4905 2553/2965/4906 2552/2446/4906 2550/2700/4905
f 2553/2965/4906 2555/2717/4907 2554/2720/4907 2552/2446/4906
f 2555/2717/4907 2557/2520/5008 2556/2522/5008 2554/2720/4907
f 2557/2520/5008 2559/3104/4824 2558/3103/4824 2556/2522/5008
f 2790/3445/5009 2788/2903/4721 2789/3446/4721 2791/3447/5009 2792/2905/4883 2793/2906/4882
f 2165/2623/4624 2167/2706/4904 2166/2507/4904 2164/2624/4624
f 2181/3100/4970 2183/2888/4993 2182/2472/4993 2180/3101/4970
f 2187/3260/5010 2189/3257/4911 2188/3259/4911 2186/2410/5010 2184/3448/5010 2182/2472/4993 2183/2888/4993 2185/3449/5010
f 2573/3257/4911 2575/3258/4912 2574/2453/4912 2572/3259/4911
f 2575/3258/4912 2577/3124/4913 2576/2483/4913 2574/2453/4912
f 2577/3124/4913 2579/2627/4625 2578/2626/4625 2576/2483/4913
f 1852/3450/4737 1854/2928/4737 1333/2759/4661 1637/2758/4661 1853/2929/4737 1851/3451/4737 1849/2930/4737 1636/2931/4857 1332/2932/4857 1850/2927/4737
f 2583/2622/5011 2585/2696/5012 2584/2693/5012 2582/3262/5011
f 2585/2696/5012 2587/2706/5013 2586/2507/5013 2584/2693/5012
f 2605/3260/4916 2607/3124/5014 2606/2483/5014 2604/2410/4916
f 2589/3184/5015 2591/2726/5016 2590/2723/5016 2588/2402/5015
f 2591/2726/5016 2593/2717/5017 2592/2720/5017 2590/2723/5016
f 2593/2717/5017 2595/2729/5018 2594/2730/5018 2592/2720/5017
f 2595/2729/5018 2597/2521/5019 2596/2396/5019 2594/2730/5018
f 2597/2521/5019 2599/3095/5020 2598/3098/5020 2596/2396/5019
f 2599/3095/5020 2601/3263/4920 2600/2492/4920 2598/3098/5020
f 2601/3263/4920 2603/3264/4921 2602/3265/4921 2600/2492/4920
f 2603/3264/4921 2605/3260/4916 2604/2410/4916 2602/3265/4921
f 2571/3260/5010 2573/3257/4911 2572/3259/4911 2570/2410/5010 2568/3448/5010 2566/2472/4993 2567/2888/4993 2569/3449/5010
f 2607/3124/5014 2609/2781/5021 2608/2780/5021 2606/2483/5014
f 2609/2781/5021 2583/3261/5011 2582/2414/5011 2608/2780/5021
f 2611/2776/4666 2613/2777/4666 1147/2695/5001 2614/2694/5001 2612/2778/4666 2610/2779/4666 2650/2780/4667 2651/2781/4667
f 2645/3436/4672 2647/2789/4672 2648/2742/4680 1448/2741/4680 2646/2790/4672 2644/3437/4672 2642/2791/4672 1447/2792/4786 1151/2793/4786 2643/2794/4672
f 2920/3452/5022 2922/3185/4866 2921/2447/4866 2919/3453/5022
f 2501/2688/5023 2503/2689/4638 2502/2690/4638 2500/2691/5023 2498/2692/5023 2497/2694/5001 1182/2695/5001 2499/2697/5023
f 2623/2703/4637 2624/2707/4641 1442/2708/4641 1441/2704/4637
f 2508/2707/5002 2509/2709/4831 1480/2710/4832 2507/2708/5002
f 2266/3200/5024 1214/3201/4861 1515/3202/4861 2265/3203/5024 2263/3204/5024 1514/3205/4887 1213/3206/4886 2264/3207/5024
f 2637/2727/4646 2639/2729/4647 2638/2730/4647 1445/2728/4646
f 2639/2729/4647 1150/2731/4649 1446/2732/4649 2638/2730/4647
f 1684/2733/5025 1685/2734/5026 1682/2601/4648 1683/2600/4648
f 1875/3454/5027 1877/3455/5027 1879/3456/5027 1880/2850/5028 1627/2851/5028 1878/3457/5027 1876/3458/5027 1874/3459/5027 1872/3460/5027 1871/2852/4698 1322/2853/4697 1873/3461/5027
f 1684/3462/5025 1687/3463/5029 1689/3263/5029 1691/3464/5029 1693/3465/5029 1694/2793/4673 1663/2792/4673 1692/3466/5029 1690/3467/5029 1688/2492/5029 1686/3468/5029 1685/2734/5026
f 1362/2742/4653 1700/2739/4652 1664/2740/4652 1699/2741/4653
f 1146/3469/4694 2728/3078/5030 2727/3079/5030 1440/3470/4695
f 1363/3279/4928 1708/2781/4667 1707/2780/4667 1665/3278/4928
f 2706/3471/4826 2708/3472/4826 2710/3106/4826 1142/2811/4684 2711/2814/4684 2709/3107/4826 2707/3473/4826 2705/3474/4826 2703/3475/4826 2701/2396/4826 2699/3108/5031 2700/3105/5031 2702/2521/4826 2704/3476/4826
f 1710/2923/4810 1712/2924/4981 1711/2925/4981 1709/2926/4810
f 1133/2885/4748 1134/2882/4763 2776/2883/4763 1425/2884/4748
f 2673/2821/4687 2675/3477/5032 2674/3478/5032 2672/3392/4687
f 1346/3477/4980 1724/2610/4622 1723/2609/4622 1652/3478/4980
f 2719/2802/5033 1144/2788/5034 2720/2787/5034 2718/2806/5033
f 1348/2972/4674 1742/2973/4674 1654/2835/4689 1741/2834/4689
f 2480/3479/4759 2482/3480/4759 2484/3481/4760 2483/3482/4760 2481/3483/4759 2479/3484/4759 2477/3485/4759 2475/3486/4804 2476/3487/4804 2478/3488/4759
f 1349/3489/4675 1744/3490/4825 1743/3108/4825 1655/3491/4675
f 1141/2834/4762 1433/2835/4762 2696/2750/4658 1140/2749/4658
f 1144/2788/5034 2722/2784/4934 2721/2438/4934 2720/2787/5034
f 2717/2807/4683 2719/2802/5033 2718/2806/5033 2716/2808/4683 2714/2809/4683 1438/2516/4677 1143/2800/4677 2715/2810/4683
f 1142/2811/4684 2712/2812/4685 1436/2813/4685 2711/2814/4684
f 2223/3287/4932 1527/2463/4932 2221/2464/4995 2222/3411/4995
f 1755/2799/4676 1757/2800/4677 1756/2516/4677 1754/2801/4676
f 2732/3492/5035 2653/3493/5035 2655/3494/5035 2657/3495/5035 2659/2923/4736 2658/3496/4736 2656/3497/5035 2654/3498/5035 2652/3499/5035 2731/3500/5035 2729/3501/5035 2727/3079/5030 2728/3078/5030 2730/3502/5035
f 2693/2747/4657 2695/2748/4657 1140/2749/4658 2696/2750/4658 2694/2751/4657 2692/2518/4657 2690/2752/4657 2688/3503/4657 2686/3504/4657 2685/2605/4621 1139/2604/4621 2687/3505/4657 2689/3506/4657 2691/2753/4657
f 1352/2784/4669 1773/3289/4761 1772/3290/4761 1771/2438/4669
f 1751/3507/4759 1753/3508/4759 1755/2816/4676 1754/2817/4676 1752/3509/4759 1750/3510/4759 1748/3511/4759 1747/2818/4685 1351/2815/4685 1749/3512/4759
f 1353/3469/4760 1354/3078/4809 1781/3079/4809 1780/3470/4760
f 2768/2878/4709 2767/3513/4709 2765/3236/4894 2763/3237/4894 1423/2737/4841 2762/2736/4841 2764/3238/4894 2766/3235/4894
f 2748/3456/5027 1129/2850/4836 1422/2851/4836 2747/3457/5027 2745/3459/5027 2743/3460/5027 2741/2852/4698 2742/2853/4835 2744/3461/5027 2746/3454/5027
f 1880/2850/5028 1881/2959/4756 1628/2960/4756 1627/2851/5028
f 1883/2735/4614 1884/2736/4842 1630/2737/4842 1882/2738/4614
f 1224/3514/4996 1526/3515/4996 1525/3271/4924 2218/3270/4924
f 1997/2959/4756 1588/2960/4756 1587/2851/5036 1283/2850/5036
f 1799/2870/4707 1801/2871/4707 1341/2872/4708 1802/2873/4708 1800/2874/4707 1798/2875/4707 1796/2876/4707 1795/2877/4709 1340/2878/4709 1797/2879/4707
f 1287/2872/4708 2019/2880/4710 1592/2881/4710 2018/2873/4708
f 1288/2885/4712 1289/2882/4885 2020/2883/4885 1593/2884/4712
f 3013/2688/4631 3014/2689/4632 1364/2690/4632 3012/2691/4631 3010/2692/4631 3009/2694/4633 1065/2695/4633 3011/2697/4631
f 1983/3516/4644 1985/3517/4644 1987/2674/4644 1989/3123/4833 1988/3125/4833 1986/2675/4644 1984/3518/4644 1982/3519/4644 1980/2740/4644 1978/3121/4830 1979/3120/4830 1981/2739/4644
f 2799/3520/4666 2801/3521/4666 2803/3522/4666 2805/3523/4666 2807/3524/4666 2809/3525/4666 2734/2622/4666 2736/2996/4666 2738/3526/4666 2740/2849/4699 2739/2848/4699 2737/3527/4666 2735/2997/4666 2733/2414/4666 2808/3528/4666 2806/3529/4666 2804/3530/4666 2802/3531/4666 2800/3532/4666 2798/3533/4666 1430/2909/4881 2797/2998/4881
f 2063/3186/5037 1276/3187/4979 1579/2424/4978 2062/3188/5037 2060/3189/5037 1578/2423/4977 1275/3192/4977 2061/3195/5037
f 1993/3249/4901 1992/3250/4901 1990/2483/4834 1991/3124/4834
f 1808/2529/4609 1344/2888/4716 1809/2472/4716 1647/2530/4609
f 2411/2999/4781 2413/3000/4781 2415/3001/4781 1199/3002/4782 1499/3003/4782 2414/3004/4781 2412/3005/4781 2410/3006/4781 2408/3007/4781 2406/3010/4781 1498/3011/4783 1198/3012/4783 2407/3013/4781 2409/3017/4781
f 2038/2902/4776 1597/2903/4776 1596/2904/4719 1291/2901/4719
f 1815/3534/5038 1817/3447/5038 1819/3535/5038 1821/2905/4726 1820/2906/4726 1818/3536/5038 1816/3445/5038 1814/3537/5038 1812/3538/5038 1650/2903/4775 1811/3446/4775 1813/3539/5038
f 2698/3489/4679 2700/3490/5031 2699/3108/5031 1435/3491/4679
f 1135/2528/4608 2777/2529/4609 1427/2530/4609 1426/2531/4608
f 2827/3540/4666 1123/2726/4924 2828/2723/4924 2826/3541/4666 2824/2724/4666 2822/3542/5039 2823/3543/5039 2825/2725/4666
f 2425/3386/4924 1188/3544/4799 1491/3545/4799 1490/3387/4924
f 1230/3546/5000 1231/3547/5040 1534/3548/5040 2241/3549/5000
f 2284/3325/4827 1210/3183/4864 2253/3182/4864 1523/3326/4827
f 1283/2850/5036 1587/2851/5036 1586/2852/4701 1282/2853/4701
f 2834/2733/5041 2835/3463/5042 1418/3468/5042 1417/2734/5041
f 2843/3260/5043 2844/2742/5044 1420/2741/5044 2842/2410/5043
f 2834/2733/5041 1417/2734/5041 1416/2601/4619 2833/2600/4619
f 2844/2742/5044 1127/2739/5045 2845/2740/5045 1420/2741/5044
f 1125/2599/4618 1415/2602/4618 1414/3550/5046 1124/3551/5046
f 2836/2793/5047 1126/3264/5048 2837/3265/5048 1419/2792/5047
f 2466/3408/4992 2467/3317/4941 1494/3320/4941 2465/3409/4992
f 2835/3463/5042 2836/2793/5047 1419/2792/5047 1418/3468/5042
f 1127/2739/5045 2847/2746/5049 2846/2745/5049 2845/2740/5045
f 2847/2746/5049 2849/3354/5007 2848/3353/5007 2846/2745/5049
f 2832/3552/5050 1124/3551/5046 1414/3550/5046 2831/3553/5050
f 2841/3436/5051 2843/3260/5043 2842/2410/5043 2840/3437/5051 2838/2791/5051 2837/3265/5048 1126/3264/5048 2839/2794/5051
f 2853/2781/4672 2855/3434/4672 2857/3435/4672 2859/3554/4672 2811/2622/4672 2813/2776/4672 2815/2777/4672 1121/2695/4987 2816/2694/4987 2814/2778/4672 2812/2779/4672 2810/2414/4672 2858/3555/4672 2856/3432/4672 2854/3433/4672 2852/2780/4672 2850/3556/4672 1421/3278/5006 1128/3279/5006 2851/3557/4672
f 2361/2911/5052 2363/3260/5052 2364/3119/4626 1507/3122/4626 2362/2410/5052 2360/2912/5052 2358/3558/5052 2356/3559/5052 1506/2492/4990 2355/3263/4989 2357/3560/5052 2359/3561/5052
f 2874/3562/5053 2876/3563/5053 2877/2951/4953 1406/2952/4953 2875/3564/5053 2873/3565/5053 1405/2953/4750 2872/2954/4750
f 2871/3369/4975 2872/2954/4750 1405/2953/4750 2870/3370/4975 2868/3371/4975 2866/3372/4975 1404/3181/4863 1111/3180/4863 2867/3373/4975 2869/3374/4975
f 2892/2521/5054 2894/3566/5054 1114/3018/4958 2895/3021/4958 2893/3567/5054 2891/2396/5054 2889/3568/5054 2887/3569/5054 2885/3570/5054 1407/3178/4862 1113/3177/4862 2886/3571/5054 2888/3572/5054 2890/3573/5054
f 1119/2965/4929 1120/2888/4930 2910/2472/4930 2909/2446/4929
f 2899/3077/4962 1117/3070/4807 1411/3071/4807 1409/3076/4962
f 2897/3404/4957 2898/3401/4963 1408/3402/4963 2896/3403/4957
f 1955/3055/4802 1957/2979/4769 1956/2982/4769 1954/3056/4802
f 2861/3183/4947 2863/3574/5055 2865/3575/5055 1111/3180/4863 1404/3181/4863 2864/3576/5055 2862/3577/5055 2860/3182/4947
f 2675/3477/5032 2676/2610/4622 1432/2609/4622 2674/3478/5032
f 2522/2718/4645 1183/2727/4646 1482/2728/4646 2521/2719/4645
f 2327/3248/4976 1512/3356/4952 2326/3355/4951 2328/3243/4976
f 2912/3258/4966 1119/3415/4929 2909/3416/4929 2911/2453/4966
f 1120/2888/4930 2912/3258/4966 2911/2453/4966 2910/2472/4930
f 3014/2689/4632 1066/2703/4639 1365/2704/4639 1364/2690/4632
f 2914/3441/5005 2916/3578/5056 2915/3579/5056 2913/3442/5005
f 2916/3578/5056 2918/3580/5057 2917/2379/5057 2915/3579/5056
f 2918/3580/5057 2920/3452/5022 2919/3453/5022 2917/2379/5057
f 2777/2529/4609 2779/3581/4715 2781/2887/4715 2782/2888/4847 1428/2472/4847 2780/2889/4715 2778/3582/4715 1427/2530/4609
f 2940/3583/5058 2939/3584/5058 2937/2489/5059 2938/3585/5059
f 2924/3184/4865 2926/3586/5060 2925/2479/5060 2923/2402/4865
f 2926/3586/5060 2928/3587/5061 2927/3588/5061 2925/2479/5060
f 2928/3587/5061 2930/2747/4985 2929/2518/4985 2927/3588/5061
f 2547/2706/4904 2549/2698/4634 2548/2701/4634 2546/2507/4904
f 1069/2718/4645 1070/2727/4646 3030/2728/4646 3029/2719/4645
f 1197/3126/4837 1198/3012/4783 1498/3011/4783 2405/2425/4837
f 2145/3092/4817 2144/2378/4817 2142/2381/4879 2143/3210/4879
f 2934/3589/5062 2936/3590/5063 2935/3591/5063 2933/3592/5062
f 2936/3590/5063 2938/3585/5059 2937/2489/5059 2935/3591/5063
f 2964/3593/5064 2963/2455/5064 2961/3323/4944 2962/3322/4944
f 2944/3594/5065 2946/3595/5065 2948/3596/5066 2947/2637/5066 2945/3597/5065 2943/2442/5065 2941/2457/5067 2942/3598/5067
f 2932/3397/4986 2934/3589/5062 2933/3592/5062 2931/3398/4986
f 3024/2715/4644 3026/2716/4644 3028/2717/4644 1069/2718/4645 3029/2719/4645 3027/2720/4644 3025/2721/4644 3023/2722/4644 3021/2723/4644 3019/2724/4644 3017/2713/4800 3018/2712/4800 3020/2725/4644 3022/2726/4644
f 3049/3443/4759 3051/3124/4759 1072/2743/5068 1366/2744/5068 3050/2483/4759 3048/3444/4759 3046/3353/4759 3045/2745/5069 1071/2746/5069 3047/3354/4759
f 2950/3599/5070 2952/3600/5071 2951/2491/5071 2949/3601/5070
f 3036/2733/4650 3038/2793/4786 3037/2792/4786 3035/2734/4650
f 2954/3602/5072 2956/2815/5073 2955/2818/5073 2953/2456/5072
f 3006/2776/4666 3008/2777/4666 1065/2695/4633 3009/2694/4633 3007/2778/4666 3005/2779/4666 3053/3433/4666 3052/2780/5074 1073/2781/5074 3054/3434/4666
f 2958/2888/5075 2960/3321/4943 2959/2493/4943 2957/2472/5075
f 1231/3603/5040 2243/3604/5076 2245/3605/5076 2247/3606/5076 2248/3266/4922 1535/3268/4922 2246/2461/5076 2244/3607/5076 2242/2473/5076 1534/3548/5040
f 2226/3608/4954 2228/2965/5077 2230/3609/5077 2232/3610/5077 1227/3324/4945 1531/2523/4945 2231/2388/5077 2229/3611/5077 2227/2446/5077 2225/2676/4955
f 2964/3593/5064 2966/3612/5078 2965/3613/5078 2963/2455/5064
f 2966/3612/5078 2968/3260/5079 2967/2410/5079 2965/3613/5078
f 2968/3260/5079 2970/3614/5080 2969/2440/5080 2967/2410/5079
f 2970/3614/5080 2972/3615/5081 2971/2454/5081 2969/2440/5080
f 2982/3258/5082 2984/3616/5083 2983/2482/5083 2981/2453/5082
f 2984/3616/5083 2986/2784/5084 2985/2438/5084 2983/2482/5083
f 2986/2784/5084 2988/3617/5085 2987/2452/5085 2985/2438/5084
f 2988/3617/5085 2990/3618/5086 2989/3619/5086 2987/2452/5085
f 2990/3618/5086 2992/3086/4814 2991/3085/4814 2989/3619/5086
f 2589/3184/5015 2588/2402/5015 2586/2507/5013 2587/2706/5013
f 2832/3552/5050 2831/3553/5050 2829/2719/4925 2830/2718/4925
f 1067/2707/5002 1068/2709/4831 3016/2710/4832 3015/2708/5002
f 2940/3583/5058 2942/3598/5067 2941/2457/5067 2939/3584/5058
f 3002/3620/5087 3004/3440/5004 3003/2450/5004 3001/3621/5087
f 2956/2815/5073 2958/2888/5075 2957/2472/5075 2955/2818/5073
f 2954/3602/5072 2953/2456/5072 2951/2491/5071 2952/3600/5071
f 2618/2688/5023 2620/2689/4638 2619/2690/4638 2617/2691/5023 2615/2692/5023 2614/2694/5001 1147/2695/5001 2616/2697/5023
f 1066/2703/4639 1067/2707/5002 3015/2708/5002 1365/2704/4639
f 2948/3596/5066 2950/3599/5070 2949/3601/5070 2947/2637/5066
f 1070/2727/4646 3032/2729/4647 3031/2730/4647 3030/2728/4646
f 3032/2729/4647 3034/2731/4649 3033/2732/4649 3031/2730/4647
f 3042/2789/4672 3044/2742/5088 3043/2741/5088 3041/2790/4672 3039/2791/4672 3037/2792/4786 3038/2793/4786 3040/2794/4672
f 2980/3622/5089 2982/3258/5082 2981/2453/5082 2979/3623/5089 2977/3624/5089 2975/3625/5089 2973/2481/5089 2971/2454/5081 2972/3615/5081 2974/3626/5089 2976/3627/5089 2978/3628/5089
f 3000/3083/4813 3002/3620/5087 3001/3621/5087 2999/2367/4813
f 3018/2712/4800 3017/2713/4800 3016/2714/4832 1068/2711/4831
f 3036/2733/4650 3035/2734/4650 3033/2601/4649 3034/2600/4649
f 3044/2742/5088 1071/2739/5069 3045/2740/5069 3043/2741/5088
f 1072/3279/5068 1073/2781/5074 3052/2780/5074 1366/3278/5068
f 2823/3543/5039 2822/3542/5039 1413/2704/4851 2821/2703/4851
